return_id,sales_id,return_date,product_id,customer_id,return_reason,return_qty,refund_amount,status
R00348,S008788,2024-12-03,P0266,C00499,Better Price Elsewhere,3,,REJECTED  
R02550,S002611,2024-03-28,p0131,C00805,,1,,Rejected
R01881,S015827,2024-04-22,P0143,C00110,Late Delivery,1,1675.99,Refunded  
R02509,S017254,"Dec 27, 2024",P0415,C00620,Not as Described,1,1762.65,REFUNDED
R02010,S019352,2024-05-29,P0132,C00318,Wrong item sent,3,929.85,Approved
R01076,S009637,2025-12-31,P0056,C00538, DEFECTIVE,4,2877.44,Refunded
R02068,S009796,2025-10-21,P0036,C00566,wrong item  ,,255.11, Refunded
R00150,S005369,09-30-2024,P0456,C00141,Wrong item sent,1,371.88,Rejected
R02878,S007695,2025-01-18,P0192,C00118,CHANGED MIND,1,$274.48, Rejected
R02517,S007389,2025-07-17,P0294,C00523,Not as Described,N/A,407.56,APPROVED
R00552,S001422,17/08/2024,P0479,C00501, Damaged in Shipping,1,204.87,Pending
R00841,S002365,2025-06-15,P0374,C00667 ,changed mind,1,1713.49,Rejected
R02309,S002916,2023-07-14, P0474 ,C00179,not as described,1,242.99,approved
R01106,S002529,12-23-2024,P0469,c00492,changed mind,1,1225.01,REFUNDED
R02554,S007919,2025-11-18,P0203,C00767, Better Price Elsewhere,1,"$1,309.01",REFUNDED
R01449,S004158,2025-03-03,P0453,C00645,Damaged in Shipping,1,1938.24,APPROVED
R00443,S008734,20/07/2024,P0018,C00098,Not As Described ,2,486.80,Approved
R02425,S009379,2025-11-22,P0073,C00731,changed mind,1,"$1,182.34",Approved
R01399,S000673,2024-04-13,P0209,C00810,late delivery,1,45.78,rejected
R02120,S009003,29/03/2024,P0288,C00888,CHANGED MIND,1,1448.21,PENDING
R01057,S008656,2024/09/30, P0328 ,C00008,Changed Mind,1,241.16,Refunded
R01172,S000734,2023-10-28,P0338,C00354,Not as Described,2,3039.45,Refunded
R02687,S010141,,P0446,C00310,Wrong  item sent,1,130.42,rejected
R01022,S012656,2024-06-15,P0043,C00525,Late Delivery,1,356.84,Rejected
R01764,S019496,2025-04-11,P9930,C00728,DEFECTIVE,3,1512.38,Refunded
R00820,S006874,06-26-2024,P0046,C00901,Damaged in Shipping,1,1447.95,pending
R00272,S003789,09/12/2023,P0201,C00174,better price elsewhere,2,"$2,244.43",Rejected
R00913,S007525,2025-02-11,P0287,C00808,  Damaged in Shipping ,2,$226.72,approved
R02259,S007261,2025-01-14,P0208,C00437,Damaged in Shipping,1,1013.18,Rejected
R00710,S005851,2024-08-02,P0420,C00824,Late Delivery,1,310.31,Rejected
R02616,S009476,2025-03-23,P0138,C00631,not as described,3,1742.05,Refunded  
R01092,S000013,16/09/2025,P0073,C00828,better price elsewhere,1,N/A,APPROVED
R00309,S006377,2024-05-24,P0184,C00773,Late Delivery,2,"$4,527.90",approved
R00936,S010972,2023-07-30,P0082,C00115,Changed Mind  ,NULL,125.13,refunded
R01265,S013362,08/08/2023,P0320,C00604,Wrong item sent,2,952.74,rejected
R01949,S015547,2024-07-08,P0478,C00141,Better Price Elsewhere,1,1450.66,Rejected
R01471,S944731,20/06/2025,P0477,C00473,Not As Described ,-3,2642.62,Pending
R00967,S990210,2024-11-21,P0323,C00450,not as described,2,1168.07, refunded
R02345,S013244,17/04/2023,P0467,C00705,damaged in shipping,-1,195.52,Refunded
R01509,S015624,2023-11-18,P0068,C00432,changed mind,3,1545.05,Pending
R01755,S001654,2025-07-13,P0334,C00586,Wrong item sent,4,3550.91,rejected
R02166,S006995,2023-11-26,p0049,C00929,Changed Mind,1,null,Rejected
R00822,S014720,2025-07-27,P0067,C00738,Wrong Item,1,534.21,refunded
R00698,S002044,2024-08-11,P0033,C00257, CHANGED MIND,1,1210.08,Refunded
R01608,S018608,2025-09-26,p0440,c00706,Damaged,1,$477.55,APPROVED
R02646,S012881,2023-03-25,P0112,C00511,better price elsewhere,1,313.50,  APPROVED 
R02244,S006167,2024-11-19,P0311,C00513,Not as Described,1,null,Refunded
R01189,S002543,2023-01-29,P0183,C00849,CHANGED MIND,1,$328.70,NULL
R02598,S004116,2024-03-25,P0090,C00189,damaged in shipping,2,252.89,approved
R01277,S008969,"Dec 19, 2024",P0244,C00057,Not as Described,2,4082.83,Refunded
R00826,S018216,"Nov 18, 2023",P0365,C00477,Damaged in Shipping,1,121.27,Refunded
R02453,S013717,2025-05-20,P0199,C00712,wrong item,-1,295.58,Pending
R01872,S005952,2025-01-17,P0159,C00475, Better Price Elsewhere,1,NULL,Refunded
R02308,S008282,2025/05/22,P0462,C00035,Defect,1,783.77,Rejected
R01326,S018307,2025-12-12,P0187,C00939,Damaged in Shipping,3,5878.90,pending
R01816,S009219,2023/05/08,P0064,C00586,  late delivery ,3,1385.21,pending
R01268,S009251,2024-03-27,P0360,C00572,Late Delivery  ,null,"$5,756.56",approved
R00114,S010710,2025-02-06,P0136,C00309,changed mind,1,$154.16, Refunded
R00290,S018868,2024-08-27,P0334,C00705,null,2,1749.79,Approved
R02413,S003089,2023-02-04,P0061,C00798,Better Price Elsewhere,2,1813.31,Approved
R02050,S019258,30/04/2024,P0262,C00828,Damaged in Shipping,1,193.65,rejected
R00129,S015302,22/12/2025,P9095,C00326,Not As Described ,1,649.47,Rejected
R01882,S002330,12-28-2025,P0465,C00442,Late Delivery,1,112.89,Refunded
R00775,S008849,2025-12-31,P0165,C00874,wrong item,1,NULL,Pending
R00035,S012224,2024-03-14,P0109,C00932,Wrong Item,2,2246.75,Rejected
R02108,S001545,2025-07-07,P0037,C00283,Late Delivery,1,325.63,Refunded
R01147,S918992,2023-09-26,P0259,C00652,Wrong Item,3,$893.07,Approved
R01904,S013257,2023-04-01,P0212,C00529,Not as Described,5,,Approved
R01252,S013795,2025-12-31,P0434,C00608,defective,1,707.04,Rejected
R02109,S009823,29/03/2025,P0318,C00047,Changed Mind,-1,1336.75,rejected
R02885,S010195,2024-10-25,P0039,C00864,Late Delivery,1,334.72,Pending  
R00856,S014388,2025-03-11,P0436,C00478,Not As Described ,null,883.41,Rejected
R01073,S017362,,P0124,C00113,Wrong item sent,2,"$2,113.20", Rejected
R00353,S008102,2023-05-08,P0367,C00083,Changed Mind,3,730.06,Pending
R00986,S012741,2025-08-05,P0023,C00833,not as described,1,1037.96,Pending
R01391,S003237,05-11-2024,P0262,C00222,Late Delivery,1,$223.49, Refunded
R00662,S013521,09-10-2024,P0252,C00428,Damaged  in Shipping,2,554.39,Pending
R00671,S010184,2024-08-25,P0316,C00866,,2,1023.68,Rejected
R00918,S004310,11/10/2025,P0354,C00158,not as described,1,657.82,APPROVED
R00695,S003223,2024-09-02,P0203,C00743,late delivery,2,3021.54,Approved
R02451,S003774,20/12/2024,P0299,C00699,Changed Mind,1,$373.56,REJECTED
R02689,S001658,2024-09-06,p0473,C00486,changed mind,1,"$1,206.17",REFUNDED
R00446,S012043,2025-12-18,P0193,C00058,damaged in shipping,1,563.28,pending
R00045,S005793,2025-02-09,P0239,C00930,Damaged,4,"$7,202.33",Rejected
R02144,S013403,"Nov 20, 2025",P0066,c00386,Late Delivery,,1479.13,Pending
R02664,S016422,2025-02-19,P0251,C00913,Better Price Elsewhere,1,1713.14,APPROVED
R01431,S010446,12/12/2025,P0284,C00160,late delivery,3,6636.51,Pending  
R01219,S002469,2024-08-06,P0270,C00288,Changed Mind,3,1014.16,Refunded
R00665,S009337,2025-06-14,P0220,C00780,Changed Mind  ,5,1032.30,refunded
R00684,S008955,"Mar 06, 2024",P0173,C00475,N/A,1,212.12,Rejected
R00837,S017964,04-01-2023,P0380,C00390,not  as described,1,1519.64,Rejected
R00638,S006881,2023-05-13,P0019,C00334,late delivery,1,"$1,299.34",N/A
R00138,S004282,2024-04-27,P0089,C00042,late delivery,4,3406.73,Rejected
R00013,S000850,2024-10-22,P0285,c00291,Better Price Elsewhere,1,132.31,rejected
R00031,S000632,2023-07-06,P0426,C00670,Wrong  Item,1,1274.89,rejected
R01105,S011964,2023-05-26,P0446,C00243,Damaged in Shipping,2,299.34,APPROVED
R00111,S005686,"Dec 31, 2025",P0081,C00939,Better Price Elsewhere,3,3725.31,Refunded
R00075,S004640,2023-08-27,P0062,c00352,Damaged in Shipping,3,190.68,Rejected
R00532,S013186,"Jan 18, 2025",P0336,C00429,Wrong item sent,2,$451.11,  Approved 
R00207,S016164,"Jul 03, 2024",P0237,C00210,wrong item,1,1260.72,pending
R01152,S006173,2024-11-29,P0247,C00646, Damaged in Shipping,1,492.07,Refunded
R00096,S005231,NULL,P0263,C00422,Late Delivery,2,1009.13, Rejected
R01140,S008891,02-10-2024,P0181,C00788,Defect,1,633.85,NULL
R02478,S003286,2025-06-03,P0159,C00294,wrong item,4,1140.32,approved
R02122,S007328,10-10-2023,P0333,C00732,changed mind,5,3698.80,Refunded
R01637,S015893,2023-12-03,P0055,C00804,Not as Described,1,1993.00,Approved
R01087,S002150,2025-12-31,P0236,C00946,DEFECTIVE,-1,551.10,Refunded
R00801,S006582,09-14-2025,P0045,C00435,better price elsewhere,N/A,801.02,REJECTED
R00642,S008667,2024-09-01,P0439,C00547,Not as Described,1,$953.90,Rejected
R02035,S009008,2023-11-26,P0292,C00546, Wrong Item,5,,Approved
R01033,S011055,"Apr 17, 2024",P0016,C00330,Not as Described,2,3925.97,Rejected
R02937,S016145,2025-01-27,P0015,C00682,  Wrong Item ,2,731.97, Approved
R02565,S011927,2025-12-31,P0384,C00437 ,better price elsewhere,2,2113.90,Refunded
R00890,S003585,24/07/2023,P0096,C00704,Changed Mind,1,109.06,Rejected
R01233,S010455,2025-12-31,P0158,c00021,Damaged,1,$438.14,refunded
R02288,S013405,2023-06-14,P0186,C00050,damaged in shipping,1,492.24,Pending
R01116,S012568,08/05/2025,P0450,C00201,Late Delivery,1,198.50,Rejected
R02212,S904250,2025-09-22,P0122,C00694,Wrong Item,1,222.78,approved
R02917,S001988,07/02/2024,P0267,C00904,damaged in shipping,N/A,2058.37,Rejected
R02688,S008000,03-08-2023,P0317,C00809,wrong item,null,2297.89,Refunded
R02297,S017624,2024-03-18,P0270,C00531,Better Price Elsewhere  ,1,374.12,REFUNDED
R01898,S014125,14/10/2024,P0163,C00106,Damaged in Shipping  ,1,$634.85,Rejected
R00553,S006744,2024-08-13,P0032,C00714,Defect,-1,76.09,refunded
R00939,S003721,05/12/2024,P0232,C00502,  Better Price Elsewhere ,1,195.94,Rejected
R02576,S011280,06/12/2025,P0152,C00311,not as described,1,506.69,Approved
R01442,S018879,2025-08-27,P0411,C00906,Wrong Item,1,$174.61,approved
R02634,S014006,"May 10, 2023",P0302,C00340,Faulty,3,"$1,052.12",Pending
R02160,S017866,2023/03/12,P0088,C00278,Not As Described ,1,379.51,refunded
R02484,S017060,2025-04-13,P0286,C00516,Late Delivery,1,364.14,refunded
R02939,S016826,2025-06-27,P0238,C00453,Not As Described ,1,$242.07,pending
R00325,S005984,2024-10-30,P0129,C00394,Defective,1,197.47,Rejected
R02276,S004366,2023-11-07,P0227,C00117,Better Price Elsewhere,1,186.14,Rejected
R02452,S009310,2023-12-17,P0207,C00316,wrong item,2,N/A,Rejected
R00322,S004398,2023-08-15,P0377,C00022,Faulty,2,470.69,PENDING
R00021,S008087,10/03/2025,P0333,C00179,Changed Mind,NULL,$891.60, rejected
R00921,S013271,2025-08-16,P0173,C00946, Changed Mind,4,760.64,Rejected
R00001,S012893,"Dec 22, 2023",P0174,C00724,better price elsewhere,1,284.01,Refunded
R02925,S012654,2025-12-29,P0228,C00547,Late Delivery,3,687.83,Rejected
R01204,S013126,2024-08-01,P0177,c00454,Changed Mind,1,1929.60,Rejected
R00912,S016618,"Dec 05, 2023",P0367,C00344, Late Delivery,1,224.66,APPROVED
R02660,S006668,2023-08-17,P0066,C00522,DEFECTIVE,1,371.01,rejected
R02596,S018082,30/09/2024,P0121,C00592,Damaged in Shipping,2,null,REFUNDED
R00685,S003965,"Aug 01, 2024",P0143,C00073,Changed Mind,1,1540.64,Rejected
R01773,S006072,2023-07-19,P0439,C00085,Late Delivery,1,885.56,Rejected
R00879,S004294,26/08/2024,P0170,C00040,Damaged in Shipping,N/A,449.35,Approved
R00805,S004981,2023-04-08,P0314,C00615,Not as Described,2,428.38,Rejected
R02485,S010846,01-17-2025,P0242,C00049,defective,4,174.24,Approved
R00690,S006767,2023-11-13,P0205,C00384,Not As Described ,1,"$2,155.82",Refunded
R01538,S015405,2023-10-13,P0302,C00608,Damaged,1,352.04,Refunded
R02697,S000408,2025-02-03,P0100,C00730,Not as Described,1,1873.60,Rejected
R00600,S017149,2025-12-31,P0123,C00881,Wrong Item,1,898.01,Pending
R01439,S007601,2023-12-31,P0322,C00424,Not As Described ,1,185.26,Pending
R01077,S016076,08-04-2023,P0184,C00570,Better Price Elsewhere,3,,  Refunded 
R00491,S018165,2024-01-25,P0004,C00137,changed mind,1,551.30,Refunded
R02721,S012853,2025-08-06,P0257,C00020,Not as Described,4,$150.56,Pending
R01257,S007718,2023-05-11,P0178,C00141,Defective,2,"$2,558.98",Pending
R02548,S012708,2024-06-20,P0214,c00673,Better Price Elsewhere,null,2294.47,Pending
R01355,S016969,2023-07-05,P0303,C00154,Defect  ,1,922.04,Rejected
R01379,S016000,09/09/2023,P0002,C00107,Not As Described ,1,51.92,Refunded
R02051,S007995,2024-06-08,P0020,C00181,Better Price Elsewhere,1,369.92,Approved
R02486,S015571,2025-01-20,P0461,C00925,Changed Mind,1,172.54,Refunded
R02745,S003348,2025-12-31,P0291,C00712,Not As Described ,1,$54.44,rejected
R00030,S015943,2025-02-23,P0115,C00504,better price elsewhere,2,3257.35,REFUNDED
R01271,S007878,2023-12-27,P0234,C00061,  Damaged in Shipping ,1,"$1,082.93",Refunded  
R00510,S015276,28/07/2023,P0267,C00316,Changed Mind,3,6207.35,Refunded  
R02396,S012495,2025-03-24,P0468,C00220,Late Delivery,2,591.42,
R02635,S002793,2024-12-03,P0442,C00571,Better Price Elsewhere,1,$258.94, Refunded
R02069,S013184,"Mar 27, 2023",P0155,C00647,Better Price Elsewhere,1,444.37,Rejected
R01858,S014227,"Oct 03, 2023",P0035,C00395,Damaged in Shipping,1,200.25,REJECTED
R01024,S015559,2023-02-11,P0454,C00001,Not as Described,2,$699.44,  Pending 
R01036,S014520,"Dec 22, 2023",P0282,C00632,late delivery,2,891.16,Rejected
R01180,S004021,2025-12-01,P0177,C00477,Defective,-1,1887.81,Pending
R02327,S018571,2023-07-21,P0157,C00111,Better Price Elsewhere,1,511.90,Approved
R00058,S004609,2023-02-24,P0183,C00848,Not as Described,1,352.88,Rejected
R01223,S013429,04-27-2025,P0135,C00495,wrong item,1,$24.56,Pending
R01212,S017800,2025-09-18,P0230,C00033,Not  as Described,1,641.51,PENDING
R02892,S012545,2025/05/12,P0047,C00857,Not As Described ,,1207.91,  approved 
R02831,S014825,2025-01-09,P0395,C00217,defective,NULL,793.97,Refunded
R00744,S006609,2023-09-20,P0196,C00777,Not As Described ,1,179.47,APPROVED
R00839,S015734,2024-12-22,P0364,C00601,Damaged in Shipping,2,1981.25,rejected
R01184,S002232,2024-05-05,P0446,C00758,Late Delivery,1,129.04,approved
R00793,S012462,2025-11-30,P0174,C00402,Defective,1,313.25,Approved
R01988,S010280,2024-05-26,P0266,C00620,Not As Described ,1,$453.15,null
R02603,S018241,2024-10-03,P0115,C00580,damaged in shipping,2,3497.31,REFUNDED
R01336,S000249,2024-03-05,P0227,C00080,Late Delivery,1,173.64,REFUNDED
R02075,S018849,2025-06-14,P0374,C00922,Better Price Elsewhere,2,N/A,Approved
R00680,S003942,01-28-2024,P0198,C00553,,2,"$1,373.35",refunded
R02498,S016627,25/04/2024,P0266,C00086, Wrong Item,1,462.29,Rejected
R00073,S013053,28/04/2024,P0272,C00375,Wrong Item,1,235.59, Pending
R01006,S013389,2023-07-20,P0431,C00580,Late Delivery,2,135.06,Pending
R01715,S015007,2024-05-11,P0037,C00606, Late Delivery,2,760.24,Approved
R01684,S017363,2023-12-19,P0084,C00718,  Late Delivery ,1,"$1,916.95",Pending
R01009,S011763,2024-06-30,P0079,C00462,better price elsewhere,1,152.24,rejected
R02936,S010483,2023-12-06,P0159,C00617,Not as Described,1,300.08,Rejected
R01380,S000025,,P0153,C00311,changed mind,1,551.40,rejected
R02073,S013909,2025-09-16,P0078,C00134,Not as Described,1,,REJECTED
R02705,S001211,,P0229,C00797,Damaged  ,1,570.43,Pending
R00447,S000180,2024-08-27, P0337 ,C00341,Better Price Elsewhere,1,814.98, Approved
R00746,S007591,31/07/2025,P0419,C00876,changed mind,1,1284.66,Approved
R00109,S002143,2025-07-01,P0375,C00917,Wrong Item,1,347.75,Approved  
R01495,S006734,2023-07-16,P0272,C00563,changed mind  ,null,235.07,Refunded
R02241,S008160,2024/07/20,P0438,C00515,changed mind,3,1490.69,Rejected
R02026,S018665,2023-12-09,P0415,C00918,better price elsewhere,3,"$5,051.62",PENDING
R01346,S016492,2024-04-27,P0355,C00694,damaged in shipping,1,297.34,REFUNDED
R00703,S014992,11-11-2024,P0016,C00792,better price elsewhere,1,"$1,756.72",Approved
R02618,S010595,2024-10-13,P0161,C00526,Late Delivery,1,758.45,Refunded
R02145,S013835,08-13-2023,P0361,C00582,Defect,5,1389.05, Rejected
R00444,S010148,2023-02-10,P0442,C00618,damaged in shipping,1,262.89,Approved
R02764,S007042,18/10/2024,P0062,C00228,DEFECTIVE,null,76.80,approved
R00938,S015853,02/04/2023,P0246,C00734,Not As Described ,3,1102.67, rejected
R01126,S000055,2025-04-05,P0068,C00279, Late Delivery,1,$468.61,Refunded
R00550,S001512,2024-01-01,p0472,C00866,Changed Mind,5,1102.88,Pending
R00200,S014379,2023-08-10,P0369,C00933, better price elsewhere,2,1789.30,Approved
R00170,S002648,"Dec 31, 2025",P0266,C00782,Better Price Elsewhere,1,468.28,N/A
R00065,S007800,15/08/2024,P0328,C00275,Late Delivery,1,226.16,refunded
R00711,S017101,2024-01-28,P0347,C00827,Better Price Elsewhere,3,N/A,Pending
R02860,S010496,2025-06-26,P0321,C00597,Better Price Elsewhere,3,$808.99,REFUNDED
R00708,S006489,12-06-2023,P0188,C00245, Changed Mind,-1,746.90,Pending
R02540,S005390,2024-01-24,P0095,C00131,Changed Mind,3,6756.47,Refunded
R02233,S006959,2023-04-11,P0334,C00080,Not as Described,1,863.70,Rejected
R01373,S011602,07-12-2025,P0310,C00329,Defective,2,1442.27,pending
R00504,S001043,2025-11-28,P0122,C00547,Late Delivery,1,228.16,rejected
R01347,S002974,2024-11-21,P0354,C00729,wrong item,5,2967.94,Approved
R00745,S018999,11-04-2025,P0224,C00297,Damaged,3,$491.58,Pending
R00661,S006370,2024-12-28,P9631,C00597,late delivery,1,1164.31,NULL
R00026,S009198,2025-01-16,P0090,C00541, Damaged in Shipping,1,114.87,Rejected
R01133,S003496,2023-10-18,P0134,C00415,  not as described ,NULL,"$1,783.53",Refunded
R00116,S019335,2025-04-01,P0235,C00899,Not As Described ,-2,$461.49, Refunded
R00689,S016927,2024-10-20, P0034 ,C00635,Defective,1,115.86,Refunded
R02820,S011483,2023-02-22,P0023,C00372,Better Price Elsewhere,2,2036.71,Pending
R00995,S013128,06-30-2023,P0030,C00588, Not as Described,2,$409.68,Pending
R01044,S003243,2023-09-28,P9044,C00416,Wrong item sent,5,$347.91,Rejected
R02813,S000726,2025-02-17,P0114,C00560,DEFECTIVE,1,2555.96,approved
R02851,S010381,2024-06-08,P0126,C00886,  Defective ,-1,782.65,PENDING
R02282,S015091,2023-05-16,P0438,C00035,Changed  Mind,-4,1971.07,Refunded
R02567,S016250,2023-12-07,P0409,C00784,Changed Mind,1,860.31,Rejected
R00426,S006877,2023-02-13,P0058,C00760,Wrong  item sent,-1,1747.44,NULL
R00086,S004197,27/03/2023,P0361,C00257,defective  ,4,1192.70,Refunded
R00514,S015244,2025/02/26,P0243,C00874 ,Defective,2,,Approved
R02191,S008803,2025-10-23,P0242,C00677,Damaged in Shipping,1,42.68,REFUNDED
R00281,S004826,17/02/2023,P0469,C00332,Not as Described,2,2222.39,Rejected
R02398,S011346,2024-12-22,P0018,C00198,Changed Mind,,null,Approved
R01171,S016641,2025-02-02,P0272,C00800,Late Delivery,1,229.66,Approved
R01491,S015763,2025-04-26,P0138,C00820,Damaged in Shipping,5,2885.28,Pending
R01443,S016748,2024-04-08,P0003,C00879,Damaged,1,535.22,Refunded
R01822,S002453,2025-11-09,P0046,C00573,N/A,1,1438.19,Refunded
R00894,S002572,2023-12-22,P0147,C00783,defective,1,1129.92,rejected
R01527,S012582,2023-11-30,P0129,C00151,Wrong Item,1,252.31,Approved
R00266,S003371,2025-10-08,P0216,C00172,Wrong item sent,1,$273.35,Approved
R00073,S013053,28/04/2024,P0272,C00375,Wrong Item,1,235.59, Pending
R01313,S000913,18/06/2023,P0475,C00215,Late Delivery  ,1,336.86,pending  
R00935,S009027,2024-10-26,P0193,C00703,  not as described ,2,1282.37,Rejected
R00790,S008001,2023-10-28,P0407,C00667,Defective,3,"$1,590.64",Pending  
R02351,S012037,2024-12-07,P9900,C00227 ,  Better Price Elsewhere ,1,$641.04,Refunded
R02151,S013696,28/07/2023,P0106,C00569,Defective,1,206.84,refunded
R02516,S019434,2025-10-15,P0434,C00096,Wrong item sent,2,1194.38,
R00105,S010201,2024-09-13,p0276,C00143,N/A,1,"$1,028.48",Rejected
R02929,S014497,2024-06-01,P0467,C00890,Damaged,1,$196.64,Approved
R01368,S010423,"Dec 31, 2025",P0452,C00244,better price elsewhere  ,1,178.37,Approved
R02322,S001501,2025-12-31,P0174,C00534,Not  as Described,1,341.04,pending
R01417,S017381,2025-08-25,P0462,C00837,not as described,1,902.10,REJECTED
R01294,S011455,2024-02-13,P0199,C00700,,1,251.21,pending
R01487,S016550,2024-10-02,P0285,C00381,better price elsewhere,1,$139.77,Pending
R01972,S006445,30/11/2023,P0070,C00563,Wrong item sent,1,305.75,Approved
R02446,S001517,2023-12-28,P0384,C00578,late delivery,1,963.95,PENDING  
R00095,S000725,17/07/2023,P0406,C00259,  late delivery ,2,,Approved
R01272,S008485,16/12/2025,P0351,C00331,Wrong Item,2,891.52,PENDING
R00999,S013937,11/11/2024,P0032,C00632,not as described,1,79.40,Refunded
R02457,S000927,2023-08-22,P0208,C00708,late delivery,1,1053.25,Rejected
R02687,S010141,,P0446,C00310,Wrong  item sent,1,130.42,rejected
R00564,S019044,2024-12-02, P0218 ,C00681,Better  Price Elsewhere,2,3594.47,Refunded
R01349,S017668,09-02-2025,P0004,C00918,,4,2576.49,APPROVED
R01985,S015047,2024-02-26,P0174,C00240,Damaged in Shipping,1,337.64,Rejected
R02488,S008901,22/01/2025,P0324,C00297,Damaged in Shipping,5,1650.54,Refunded
R00882,S003892,2025-10-25,P0275,C00676,Not as Described  ,1,228.74,Rejected
R01278,S014761,2023-03-10,P0326,C00840,damaged in shipping,2,"$3,217.24",Refunded
R02358,S000301,06/01/2025,P0147,C00726,better price elsewhere,2,1963.87,N/A
R00374,S007845,2023-09-26,P0202,C00256,  Wrong Item ,1,695.90,Rejected
R01683,S006393,2025-12-11,P0388,C00901,Changed Mind,-1,109.27,APPROVED
R01534,S001886,2024-04-22,P0271,C00077,DEFECTIVE,2,855.89,Approved
R02470,S000409,19/10/2025,P0393,C00622,Late Delivery,1,,REFUNDED
R02009,S000790,31/07/2023,P0175,C00112,Changed Mind,1,421.05,Pending
R00208,S018077,"Aug 23, 2025",P0331,C00450,Wrong Item,,3857.02,Refunded
R01217,S003336,2024-03-25,p0216,C00551,Damaged,3,$768.66,Pending
R00050,S011161,15/05/2025,P0258,C00825,  Late Delivery ,1,1409.72,Pending
R02756,S014970,2024-01-26,P0057,C00823,better price elsewhere,1,719.02,Refunded
R01749,S012813,2023-03-27,P0307,C00690,Better Price Elsewhere  ,4,4431.87,Approved
R02520,S009499,2025-04-25,P0451,C00471, Late Delivery,1,301.38,Pending
R01634,S006358,04/08/2025,P0233,C00147,Late Delivery,-1,520.88,Rejected
R00153,S012673,21/08/2024,P0453,C00280,Damaged,2,3709.46,Approved
R02404,S003534,18/08/2024,P0393,C00912,Changed Mind,1,1291.64,Approved
R00871,S019216,2025-12-31,P0362,C00511,Better Price Elsewhere,1,678.50,Refunded
R00441,S001489,2023-04-06,P0192,C00052,late delivery,-1,303.05,Pending
R01702,S013663,2023-08-10,P0224,C00274,Not as Described,2,$371.87,Approved
R01350,S008692,2023-08-02,P0315,C00128,wrong item,3,3186.16,Approved
R02314,S019176,2023-10-07,P0319,C00208,Damaged in Shipping,3,852.17,Refunded
R01576,S001860,11-17-2023,P0418,C00674,Changed Mind,1,94.52,rejected
R01625,S018578,2024-06-19,p0137,C00290,Defective,NULL,"$3,461.79",Rejected
R00016,S006658,27/08/2025, P0089 ,C00408,Changed Mind,1,888.42,pending
R02774,S003108,09-12-2025,P0386,C00463,better price elsewhere,2,1556.86,Pending
R02749,S016985,31/05/2025,P0062,C00562,Changed Mind,2,128.72,Rejected
R02755,S004843,2023-04-04,P0288,C00903,Late Delivery,1,1723.29,REJECTED
R01562,S005189,2024-10-26,P0017,C00128,not as described,1,,Pending
R02836,S016873,2023-09-09,P0146,C00784,Damaged,1,$467.31,REJECTED
R00573,S017455,2023-06-09,P0137,C00639,Changed Mind,1,"$1,655.51",Refunded
R02931,S018290,2024-03-27,P0324,C00903,better price elsewhere  ,1,306.35,refunded
R01240,S011759,2024-10-17, P0424 ,C00661,Wrong item sent,3,1060.01,Approved
R00783,S004415,"Mar 01, 2023",P0116,C00719,Not as Described,2,592.63,rejected
R02056,S001302,2024-02-06,P0419,C00404,CHANGED MIND  ,1,1302.36,Approved
R00867,S005739,06-06-2024,P0239,C00451,  Wrong Item ,1,1731.79,Refunded  
R01665,S014355,02-15-2024,P0361,c00338,late delivery,3,739.18,Pending
R00099,S927820,19/09/2023,P0328,C00655,Changed Mind,3,666.65,Refunded  
R00080,S019357,12-03-2025,P0104,C00593,  better price elsewhere ,1,1455.76,REJECTED
R01047,S003838,2025-12-12,P0461,c00416,Changed Mind,1,$176.42,rejected
R02028,S008394,"Sep 11, 2023", P0191 ,C00613,Changed Mind,1,66.09,approved
R00359,S004911,05-16-2024,P0472,C00570,not as described,-1,242.00,NULL
R02521,S015919,2024-04-02,P0427,C00611,Wrong Item,1,$234.20,
R02133,S018483,2025-04-10,P0472,C00797,Damaged in Shipping,1,290.78,APPROVED
R01697,S002145,2025-01-19,P0468,C00758,Damaged in Shipping  ,2,632.93,REJECTED
R02385,S007265,2023-02-12,P0234,C00685,Late Delivery,4,"$3,956.79",APPROVED
R01511,S015090,2025-06-24,P0065,C00924,Not as Described,-4,,refunded
R00127,S008405,,P0153,C00143,Defective,1,487.37,Rejected
R02479,S017647,2024-07-04,P0273,C00944,Changed  Mind,1,2412.18,  rejected 
R00577,S019458,2025-09-01,P0155,C00204,DEFECTIVE,4,"$1,551.41",Rejected
R01859,S004742,12-05-2023,P0262,C00469 ,Damaged,2,513.79,Approved
R02390,S002272,2024-07-04,P0122,C00697,Damaged,2,479.85,Refunded
R02353,S001438,2024-04-13, P0462 ,C00362,Damaged in Shipping,1,750.12,Refunded
R00836,S004174,2024-03-24,P0146,C00419,Not as Described,1,441.27,REJECTED
R01315,S005534,2023-10-04,P0105,C00549,Late Delivery,1,429.85,Refunded
R02918,S012092,2025-11-17, P0362 ,C00688,Better Price Elsewhere,3,"$1,971.09",Approved
R01435,S008038,"Dec 27, 2024",P0361,C00472,Defective,2,$584.54,Pending
R02377,S017053,2023-06-13,P0004,C00584,wrong item,1,$582.11,Refunded
R01002,S011940,04/06/2024,P0407,C00617,late delivery,1,$574.55,Pending
R02697,S000408,2025-02-03,P0100,C00730,Not as Described,1,1873.60,Rejected
R00231,S001763,2023-12-30,P0104,C00455, Changed Mind,1,"$1,504.60",Refunded
R00002,S018692,2025-07-24,P0292,C00013,Not as Described,5,1627.76,APPROVED
R02237,S010767,2024-08-18,P0386,C00261,not as described,1,$733.63,approved
R01049,S005494,2024-09-07,P0372,C00535,late delivery,2,496.86,Pending
R02393,S012873,2025-12-22,P0025,C00032,Damaged in Shipping,1,$465.84,Approved
R00131,S011079,08-15-2025,P0120,C00284,Late Delivery  ,1,$474.31,Rejected
R01581,S010283,2025-07-28,P0072,C00788,Not as Described,1,88.38,APPROVED
R00049,S002927,2024-08-16,P0139,C00040,Better Price Elsewhere,3,1373.31,Rejected
R01012,S010488,2023-07-15,P0146,C00043,DEFECTIVE,1,$428.46,pending
R02374,S010008,2025-09-20,P0017,C00835,Damaged in Shipping,1,$718.31,NULL
R00541,S931705,"Aug 07, 2025",p0030,C00356,Damaged in Shipping,1,N/A,Approved
R02822,S012487,2024-03-28, P0433 ,c00813,better price elsewhere,2,913.67,rejected
R02230,S009112,04-11-2023,P0057,C00473,CHANGED MIND,2,1679.29,Pending
R00875,S002678,2025-08-08,P0375,C00864,Defective,1,319.61,rejected
R00124,S016254,2024-09-04,P0034,C00377, Better Price Elsewhere,N/A,200.59,Approved
R02723,S005449,2023-12-17,P0013,C00916 ,  Changed Mind ,1,553.32,rejected
R01642,S014112,2024-02-26,P0116,C00121,Not as Described,1,273.81,pending
R01308,S006805,"Apr 10, 2023",P0149,c00264,Wrong Item,1,$306.91,Approved
R02827,S002137,2025-02-06,P0243,C00432,Wrong Item,1,$235.03,pending
R01650,S005556,10/05/2025,P0246,C00868,defective,1,$355.38,Approved
R02033,S003310,03-17-2024,P0372,C00150,better price elsewhere,2,479.11, Pending
R00889,S010336,06-21-2023,P0097,C00505, wrong item,1,646.89,
R02728,S009590,2023-06-18,P0109,C00750,Late Delivery,2,2857.70,Pending
R02101,S007137,2025-06-15,P0134,C00212,changed mind,2,3919.56, Approved
R01614,S006376,2024-01-27,P0312,C00203,Late Delivery,3,6220.85,Pending
R01877,S013364,03-14-2025,P0328,C00679,Changed Mind,2,$402.35,N/A
R00583,S008316,20/10/2025,P0109,C00805,,2,2586.90,REFUNDED
R00777,S012537,2024-09-24,P0187,C00326,Damaged in Shipping,2,3588.15,Pending
R01430,S005869,2023-09-20,P0074,C00022,Not as Described,1,386.34,APPROVED
R02481,S008128,2025-07-28,P0289,C00055,Changed Mind,1,319.04,Approved
R00767,S008562,2023-03-23, P0324 ,C00828,defective,1,395.86,Pending
R02016,S007647,2025-12-31,P0049,C00273,wrong item,-1,809.27,Approved
R02325,S007069,2023-03-12,P0378,C00686,N/A,1,$122.51,Approved
R01074,S014136,2024-09-16,P0302,C00603,better price elsewhere,1,331.15,Rejected
R01692,S009577,04/04/2024,P0118,C00829,N/A,1,$211.07,PENDING
R02640,S007473,07/03/2025,P0388,C00922,Changed Mind,3,346.18,rejected
R00192,S019134,2024-08-04,P0187,C00901 ,Changed Mind,1,"$1,833.56", approved
R00306,S005421,2024-05-30,P0475,C00101,Defect,1,302.52,Refunded
R02571,S010202,2025-08-30,P0006,C00589,Late Delivery,1,684.38,Refunded
R01426,S018655,15/02/2023,P0083,C00696,Late Delivery,1,562.78,REJECTED
R02492,S006061,2025/07/02, P0066 ,C00652 ,Defective,2,672.36,Approved
R02553,S001094,"Jun 18, 2025",P0290,C00261,Changed Mind,2,1857.70,  Rejected 
R00524,S011943,2025-11-16,P0215,C00125,Not As Described ,1,1447.71,Pending
R00502,S007068,2023-08-30,P0198,C00131,wrong item,2,1442.59,Rejected
R01316,S017134,2025-04-07,P0260,C00327,defective,2,387.64,Pending
R02352,S004153,2024-01-02,P0279,C00216,N/A,1,NULL,Approved
R02894,S004164,2025-01-01,P0421,C00154,Wrong Item,3,311.66,Pending
R01213,S004925,2025-03-21,P0358,C00493,Not as Described  ,2,773.15,Rejected
R01607,S014032,2025-11-28,P0245,C00788,Late Delivery,5,"$3,032.97",Refunded
R02394,S006312,2025-03-29,P0353,C00422,Not As Described ,1,529.79,Approved
R02422,S019120,2024-04-07,P0154,C00744, Late Delivery,3,"$6,900.61",refunded
R02773,S010985,2024-03-05,P0085,C00636,Better Price Elsewhere,3,2743.93,Refunded
R02300,S007113,2024-07-07,P0378,C00781,not as described,1,144.65,Pending
R02265,S007589,2025-08-28,P0478,c00609,late delivery,-2,3116.60,Rejected
R00755,S012409,"May 22, 2025",P0060,C00757,Late Delivery,2,1457.86,Pending
R01075,S000921,2024-09-15,P0275,C00513,changed mind,3,825.28,Pending
R00854,S005145,2025-10-31,P0005,C00068,late  delivery,1,298.64,Rejected
R02573,S004454,2023-03-14,P0478,C00033,Not as Described,1,1657.53,Refunded
R01056,S000556,03-31-2024,P0041,C00914,Better Price Elsewhere,1,465.08, Pending
R02381,S007422,2025-12-31,P0037,C00805,changed mind  ,2,670.20,Refunded
R00214,S017564,2023-06-14,P0110,C00678,Late Delivery,1,888.61,PENDING
R02726,S011434,2024-01-06,P0379,C00260,Late Delivery,1,2411.69,Approved
R01288,S900792,2025-11-03,P0340,C00941,Defective,1,$153.12,Pending
R00370,S943952,2024-11-22,P0183,C00153, Damaged,1,334.09,Pending
R00256,S013640,2025-08-01,P0388,C00367,Defective  ,-2,196.78,null
R01549,S009733,2025-12-31,P0187,C00157,null,2,4272.83,Pending
R02502,S009192,2024-01-02,P0121,C00912,Changed Mind,1,441.22,Rejected
R01762,S013958,2023/10/23,P0193,C00207,Wrong Item,2,1185.22,APPROVED
R00579,S017667,2024-09-10,P0280,C00491, Damaged,N/A,398.26,Refunded
R02933,S005327,2025-05-22,P0385,C00392,,1,376.39,Approved
R01537,S013539,"Nov 03, 2023",P0064,C00045, Defective,1,458.79,Pending
R02681,S017902,2024-07-05,P0449,C00839,Late Delivery,1,1826.60,REFUNDED
R00585,S012809,2023-08-23,P0394,C00635,better price elsewhere,1,119.48,Rejected
R02400,S006631,2023/03/25,P0339,C00102,late delivery,1,"$1,651.01",Refunded
R01314,S019281,2025-01-10,P0127,C00901,Better Price Elsewhere,2,2316.68,Pending
R01870,S018030,05-29-2025,P0403,C00872 ,Wrong Item,2,4460.06,Refunded
R01235,S003625,2024-06-23,P0307,c00383,changed mind,4,3674.39,Pending
R00420,S006275,04/06/2023,P0179,C00610,CHANGED MIND,1,62.86,pending
R01098,S013518,2024-07-17,p0391,C00265,Wrong Item,1,,REFUNDED
R00817,S000785,2025-07-10,P0184,C00842,Late Delivery,1,"$2,051.62",rejected
R01724,S012324,2025-01-08,P0168,C00216,Not as Described,1,671.05,Rejected
R01992,S004394,2024-10-24,P0373,C00881,Defect,2,2722.00,Approved
R02111,S004939,2025-10-10,P0022,C00675,Late Delivery,2,708.68,Pending
R00656,S003539,2023-07-09,P0008,C00713,Better Price Elsewhere,1,1243.83,Rejected  
R01028,S018628,2024-01-05, P0329 ,C00163,Wrong Item  ,2,911.89,approved
R02631,S003878,16/02/2024,P0424,C00239,Defective,1,324.53,NULL
R00998,S014905,2025-06-18,P0409,C00579,Not As Described ,3,"$2,593.11",PENDING
R01104,S013548,25/10/2025,P0132,C00476,changed mind,1,277.87,Rejected
R00496,S007569,11-14-2023,P0030,C00678,Defective,1,184.53,pending
R00271,S014692,2024-05-03,p0014,C00883,Wrong item sent,2,784.05,PENDING  
R00257,S011679,2025-03-06,P0213,C00857,wrong item  ,-4,"$4,246.62",Approved
R02674,S010176,07/11/2025,P0121,C00861,Better Price Elsewhere,3,1258.50,refunded
R01050,S018117,2025-11-16,P0370,C00385,DEFECTIVE,1,378.29,Pending  
R02584,S016988,2023-04-07,P0153,C00436,Defective,2,1088.92,Refunded  
R02344,S015406,2025-08-27,P0436,C00637,Faulty,-1,461.35,APPROVED
R02030,S002376,2025-06-15,P0477,C00681,Late Delivery,1,775.24,Approved
R02107,S002041,2025-02-12,P0400,C00051,CHANGED MIND,2,1223.96,REFUNDED
R02659,S000557,2025-03-26,P0039,c00088, Damaged in Shipping,1,378.14,Pending
R00400,S001019,23/10/2024,P0381,C00937,wrong item,3,1921.21,REFUNDED
R00620,S019125,2024-12-03,P0084,C00625,damaged in shipping,1,2345.82,Pending
R02214,S012359,08-07-2025,P0089,C00920,Faulty,1,$998.08,pending
R00609,S002640,2024-05-18,P0427,C00809,Damaged in Shipping,1,236.98,Pending
R00449,S015187,2024-12-06,P0446,C00680,CHANGED MIND,1,126.89,Rejected
R00041,S001587,2025-05-06,P0455,C00590,DEFECTIVE  ,3,"$2,077.44",Rejected
R01922,S013993,2025-05-13,P0086,C00410,Changed Mind,1,947.14,Rejected
R00389,S000833,"Oct 15, 2024",P0173,C00427,late delivery,1,225.24,Pending
R00173,S003320,2024-12-20,p0309,C00937,Wrong Item  ,1,null,refunded
R00279,S015383,2025-12-31,P0265,C00729,Not As Described ,1,1224.06, Refunded
R00993,S018815,"Dec 31, 2025",P0420,C00679,changed mind,1,326.87,Rejected
R02758,S934612,2024-08-01,P0200,C00730, Better Price Elsewhere,1,561.46,pending
R02294,S014026,2023-10-19,P0164,C00508,Damaged in Shipping,2,1142.76,Refunded
R02246,S015883,10/12/2024,P0429,C00122, Better Price Elsewhere,2,1284.68,Pending
R00172,S001044,2025/08/26,P0195,C00549,  Defective ,1,"$1,008.40",PENDING
R02257,S904826,2024-06-09, P0434 ,C00467,Not as Described,2,1324.97,Refunded
R01157,S015726,2025-12-31,P0415,C00194,Better Price Elsewhere,2,2822.94,Pending
R01496,S010430,2023-11-08,P0023,C00554,Changed Mind,1,$906.22,Rejected
R02114,S019559,02/06/2023,P0045,C00191,Changed Mind,,1650.16,Rejected
R00244,S008438,2023-12-04,P0200,C00391,Wrong Item,5,3159.28,Pending
R02192,S016541,09/12/2023,P0303,C00737,damaged in shipping,1,818.84,Rejected
R02264,S006684,2025-11-16,P0054,C00715,Not as Described,1,283.68,Pending
R02841,S008895,2023-10-07,P0282,C00714,,1,413.73,REJECTED
R02544,S014295,2025/09/29,P0350,C00751,Late Delivery,1,$250.29,Approved
R01759,S004828,2024-10-16,P0200,C00386,Defective,1,572.36,Approved
R01156,S005813,2023-06-17,P0315,C00283,null,1,"$1,193.10",Approved
R02865,S003809,2025-03-27,P0469,C00051,late delivery  ,1,1207.30,Pending
R01766,S015393,07-21-2024,P0280,C00857, CHANGED MIND,1,379.22,Pending
R02142,S015111,2024-10-31,P0158,C00021,better price elsewhere,2,931.33,Approved
R01739,S009453,2025-04-27,P0030,C00479,Not as Described,1,204.31,null
R00842,S000993,2024-03-08,P0249,C00588, Changed Mind,-2,149.25,Pending
R02543,S008548,2024-03-10,P0239,C00397,Changed Mind,1,1713.50,Refunded
R01935,S004445,2025-01-22,P0060,C00426,late delivery,1,$791.38,Pending
R00224,S018330,2024-02-12,P0293,C00747,Changed Mind,1,2567.01,Rejected  
R01902,S012522,2024-06-30,P0007,C00413,wrong item,2,263.21,Refunded
R02339,S011735,2025-11-17,P0453,C00429,Damaged in Shipping,1,"$1,854.47",refunded  
R00644,S007976,2025-12-05,P0362,C00373,Not as Described,1,614.12,Approved
R02058,S018810,01-10-2025,P0420,C00189,better price elsewhere,1,$371.47,approved
R01728,S006319,2023-06-07,P0418,C00193,Damaged in Shipping,1,98.28,Refunded
R00834,S003425,2024-06-21,P0419,C00309,Damaged,2,2773.51,Refunded
R00440,S004588,2024-11-19,P0137,C00459,late delivery,-1,1523.53,Approved
R02066,S012485,2023-09-17,P0105,C00491,CHANGED MIND,2,$927.66,REFUNDED
R01975,S008415,2024-02-14,P0423,C00910,late delivery,-1,388.47,Pending
R00157,S010382,08/04/2024,P0331,c00061,Damaged,1,885.24,
R00868,S004182,2025-12-31,P0330,C00408,Wrong Item,1,216.69,Pending  
R00633,S009728,"Feb 24, 2023",P0273,C00612,Changed Mind,1,2100.07,Pending
R00112,S007996,2025-11-06,P0187,c00652,wrong item,1,"$1,953.91",Rejected
R01494,S001240,2024-04-23,P0078,C00690,Wrong Item,1,396.50,pending
R02589,S002704,2024-10-23,P0163,C00406,Wrong item sent,1,$675.17,Pending
R00059,S018052,2024-10-10,P0288,C00782,CHANGED MIND,1,"$1,523.29",Rejected
R02429,S014055,2023-02-04,P0097,C00881,Wrong Item,2,1249.62,Approved  
R01372,S019149,2025-12-31,P0361,C00509,not as described,4,"$1,147.88",PENDING
R02779,S010662,18/06/2025,P0479,C00023,Defective,4,$770.27,Rejected
R02004,S004909,2025-12-28,P0057,C00367,late delivery,4,2967.26, rejected
R01569,S017332,2024-06-06,P0449,C00241,Better Price Elsewhere,2,3971.88,pending
R02231,S010456,2025-11-15,P0108,C98343,Changed Mind  ,2,833.98,N/A
R02204,S001500,2025-07-07,P0450,C00265,Damaged in Shipping,1,233.58,Refunded
R00582,S000485,2025-08-24,P0433,C00539,damaged in shipping,4,1951.11,Pending
R00963,S998271,"Sep 11, 2024",P0458,C00821, Damaged,1,714.76,Rejected
R02450,S018005,2025-08-05,P0184,C00443 , damaged in shipping,4,7494.32,Refunded  
R02113,S015292,2024-08-21,P0026,C00001,Changed Mind,3,537.81,Refunded
R00364,S014076,2024-03-13,P0405,C00695,Defective,1,1338.15,Approved
R01923,S013786,19/11/2024,P0101,C00805,wrong item,1,404.30, Approved
R02527,S019042,2024-03-08,P0120,C00627,Changed Mind,2,1258.58,rejected
R01729,S017778,2023-08-06,P0071,C00558,Not as Described  ,2,"$1,365.50",Pending
R02684,S013633,03-15-2024, P0376 ,C00702, Changed Mind,1,454.89,Approved
R02047,S929981,2023-04-22,P0084,C00278,Changed Mind,1,"$2,241.91",Approved
R01103,S006386,2025-12-31,P0313,C00455,better price elsewhere  ,1,1479.41,Refunded
R01919,S002072,2023-12-31,P0095,C00132,Late Delivery,4,7845.15,Rejected
R02678,S005790,2025-11-22,P0258,C00086,Faulty,1,1509.17,Refunded
R00211,S006549,05-04-2023,P0431,C00238,Late Delivery,1,61.97,Approved
R01221,S012739,2025-06-24,P0186,C00874,Not As Described ,1,510.17,Approved
R01127,S006335,2025-12-31,P0155,C00607,Damaged in Shipping,1,$411.28,Approved
R01250,S016875,,P0372,C00940,Not as Described,1,227.62,Approved
R00269,S010799,08-25-2023,P0248,C00107, Wrong Item,4,372.55,Pending
R02795,S003939,2025-03-21,P0176,C00773,Changed Mind,2,798.38,Refunded
R01587,S012162,2024-07-08,P0475,C00133,Wrong Item,4,"$1,348.72",REJECTED
R00735,S002287,,P0192,C00690,Damaged in Shipping,3,821.85,Refunded
R01807,S000286,2023-09-29,P0141,C00203,NULL,1,89.50,Approved
R00625,S008021,2025-12-19,P0270,C00393, Not as Described,1,402.94,Approved
R00771,S008668,05/02/2024,P0123,C00414,Not As Described ,3,2442.78,Pending
R01004,S000401,2024-10-26,P0201,c00928,Changed Mind,2,2346.56,PENDING  
R00329,S004362,2024-01-26,P0159,C00076,damaged in shipping,1,302.52,Approved
R01499,S015215,09-11-2024,P0163,C00105,Damaged in Shipping,1,$647.89,rejected
R00402,S017489,2025-10-02,P0001,C00666 ,Not as Described,3,$597.56, REJECTED
R01015,S009585,2025-06-24,P0198,C00441,,1,$747.54,pending
R02103,S002832,06-22-2024,P0418,C00241,changed mind,1,82.67,Refunded
R01292,S009313,2024-02-27,P0224,C00367,Defective,2,332.56,Pending
R01890,S002048,"Mar 16, 2025",P0094,C00469, Defective,1,$388.58,pending
R01917,S014772,2025-12-31,P0288,C00493,Damaged in Shipping,3,4237.51,Refunded
R02196,S008935,01/12/2025,P0434,C00574,Defective,-1,615.45,Approved
R02889,S007680,2025-12-18,P0318,C00400,Wrong Item,2,"$2,580.06",REJECTED
R01041,S012144,2023-06-12,P0042,C00041,DEFECTIVE,1,384.26,Rejected
R02512,S004511,"Sep 26, 2025",P0301,C00397,Late Delivery,1,473.61,Pending
R02741,S011620,15/01/2025,P0068,C00289,damaged in shipping  ,1,475.11,Approved
R01137,S001040,17/03/2023,P0157,C00922,not as described,3,1608.37,Approved
R00933,S018336,2025-12-23,P0466,C00389,Not as Described,2,"$2,722.97",approved
R00501,S007263,2025-11-01,P0120,C00192,  Wrong Item ,1,$532.88,refunded
R00476,S017531,2023/03/22,P0303,C00829,Not as Described,1,835.53,  Approved 
R01672,S002671,2024-08-18,P0077,C00464,better price elsewhere,1,$164.99,APPROVED
R01828,S010652,2025-01-28,P0404,C00497,Damaged in Shipping,1,1209.45,Approved
R01654,S018770,2024-04-19,P0294,C00724,defective,2,885.67,APPROVED
R02230,S009112,04-11-2023,P0057,C00473,CHANGED MIND,2,1679.29,Pending
R00537,S006661,2023-07-15,P0074,C00535,Not as Described,2,865.50,rejected
R01333,S008334,2025-11-09,P0478,C00018,Not As Described ,1,1685.04,Pending
R00987,S981889,2025-09-04,P0156,C00249, wrong item,1,242.63,Pending
R01000,S003658,2024-09-23,P0139,C00152,Wrong Item,1,521.27,Pending
R01716,S010738,2025-05-05,P0289,C00385,Better Price Elsewhere,1,263.37,Pending
R02087,S012038,2024-01-17,P0337,C00900,Damaged in Shipping,1,802.14,Pending
R01483,S003242,2023-12-11,P0158,C00568,Changed Mind,1,489.87,Approved
R00770,S018685,2023-05-16,P0093,C00390,Wrong  Item,1,297.77,Pending
R02673,S003946,2024-09-16,p0450,C00090,Not As Described ,1,217.18,
R02412,S001707,2025-05-06,P0202,C00537,Changed Mind,1,705.68,PENDING
R01248,S005660,2024-01-02,P0139,C00283,Late Delivery,1,499.58,Refunded
R00831,S012872,12-14-2023, P0019 ,C00340,Changed Mind,1,1423.55,Pending
R00346,S004155,"Feb 03, 2025", P0133 ,C00318,Not As Described ,2,70.26,PENDING
R02932,S018253,11/03/2024,P0264,C00650,late delivery,4,"$8,290.15",Pending
R01836,S010878,2024-12-09,P0453,C00856,Damaged in Shipping,2,3165.60,pending
R01066,S013959,25/01/2025,P0035,C00684,Not As Described ,3,556.50,Approved
R02930,S015627,"Sep 19, 2023", P0383 ,C00232,Defective  ,2,4130.04,rejected
R01322,S003023,"Dec 30, 2023",P0419,C00416,Defect,1,1322.47,Approved
R00445,S957192,2023-10-24,p0385,C00675,Changed Mind,4,1513.20,Rejected
R00533,S017936,2025-01-15,P0008,C00929,  Better Price Elsewhere ,2,2692.02,rejected
R02408,S004983,2024-01-16, P0158 ,C00209,Better Price Elsewhere,2,887.14,Refunded
R01478,S001585,2024-07-04,P0250,C00132,better price elsewhere,2,1175.84,Refunded
R01317,S008682,2023-12-28,P0138,C00509,Defective,1,$542.49,Rejected
R02236,S000264,2024-09-10,P0203,C00475,Changed Mind,1,"$1,430.02",Approved
R02163,S010562,2024-08-04,P0051,C00863,N/A,3,603.68,Refunded
R01809,S001645,2024-04-22,P0396,C00767, Damaged in Shipping,NULL,352.77,Refunded
R01418,S015288,2023-07-11,P0268,C00166,Faulty,1,653.97,NULL
R01802,S001959,2024-09-20,P0085,C00010,Faulty,1,836.55,PENDING
R00404,S014709,2024-12-15,P0164,C00337,late delivery,-1,$597.56,Refunded
R02405,S002070,2024-02-12,P0087,C00837,Late Delivery,1,$910.77,Pending  
R02739,S010048,2025/09/13,P0216,C00606,Defect,1,234.38,Rejected
R02346,S005328,2023-06-17,P0466,C00516,changed mind,1,1196.51,Pending
R02158,S017491,2023-06-01,P0096,C00291,better price elsewhere  ,1,103.38,Refunded
R00713,S013791,08-04-2023,P0218,C00910,Not as Described,2,3634.64,refunded
R01551,S004592,2025-08-20,P0435,C00739,CHANGED MIND,1,856.64,REFUNDED
R00829,S014082,2023-10-11,P0006,C00709,Better Price Elsewhere,1,632.81,approved
R00018,S018191,2025-12-31,P0319,C00807,Wrong Item,3,792.48,refunded
R01051,S010728,2025-12-11,P0480,C00858,Damaged in Shipping,4,3045.32,Rejected
R02391,S017413,2024-10-27,P0216,C00173,Defective  ,1,257.58,REJECTED
R01710,S017351,2024-01-06,P0096,C00223,Wrong Item,4,439.07,Approved
R01069,S003860,"Nov 06, 2023",P0152,C00673,damaged in shipping,1,577.48,pending
R00010,S013818,2025-09-07,P0164,C00003,wrong item  ,2,1092.29,approved
R02552,S934109,10/06/2023,P0257,C00244,Wrong Item,1,36.92,Pending
R02366,S013601,2023-02-04,P0027,C00825,Damaged in Shipping,-5,260.60,REFUNDED
R01664,S008793,21/04/2025,P0371,C00444,CHANGED MIND,1,312.73,Refunded
R00732,S005105,2025-11-14,P0177,C00576,Damaged,3,5269.69,Pending
R01307,S007697,2024-07-28,P0315,C00541,Changed Mind,1,1084.60,approved
R01488,S016195,20/06/2025,P0081,C00269,Changed Mind,2,2659.25,REFUNDED
R01111,S000624,2023-06-15,P0317,C00328,Defective,1,2224.09,Rejected
R01942,S006457,12-11-2024,P0088,C00344,,1,,refunded
R02906,S015049,2024-07-08,P0100,C00204,Late Delivery  ,1,1965.70,Rejected
R02810,S010571,31/05/2023,P0201,C00048,Damaged in Shipping,1,1115.38,Pending
R00645,S018646,2024-12-22,P0450,C00911, Damaged in Shipping,2,394.99,Rejected
R01930,S014805,2025-03-15,P0092,C00269,Defect,1,$292.30,REFUNDED
R02179,S016138,2025-10-25,P0313,C00379,Wrong Item,1,1171.89,refunded
R00989,S019182,2023-12-28,P0446,C00286,Late Delivery,2,$285.51,Refunded
R01974,S014393,2023-07-30,P0349,C00319, Wrong item sent,1,1884.36,REFUNDED  
R01419,S004399,2023-08-02,P0441,C00322,damaged  in shipping,-2,1863.06,Rejected
R00087,S009702,2025-01-08,P0342,C00331, Changed Mind,1,$61.08, Pending
R02862,S015008,2025-05-17,P0177,C00292 ,Changed Mind,1,1855.78,Pending
R01546,S010690,2024-07-25,P0066,C00143,Wrong item sent,4,"$1,407.72",Pending
R00614,S016152,05/07/2024,P0135,C00713, Better Price Elsewhere,1,$27.12,REFUNDED
R02136,S007554,2025-05-31,P0116,C00406,Wrong Item,1,$264.92,APPROVED
R01039,S017495,2023-05-01,p0003,C00577,Wrong item sent,3,1691.97,Rejected  
R01956,S011589,2023-11-09,P0244,C00620,Not as Described,1,1887.45,Rejected  
R00944,S009104,2023-10-18,P0023,C00910,NULL,2,"$2,165.48",REFUNDED
R01201,S005744,05-13-2025,P0027,C00077,Changed Mind,1,63.55, Rejected
R00827,S018981,"Jun 20, 2023",P0368,C00708,Wrong item sent,1,$657.44,Refunded
R02276,S004366,2023-11-07,P0227,C00117,Better Price Elsewhere,1,186.14,Rejected
R00519,S019417,2025-05-12,P0171,C00203,  Damaged in Shipping ,2,1587.78,Approved
R02800,S007882,2024-11-26,P0088,C00188,Changed Mind,5,1789.54,  Pending 
R02501,S008328,"Mar 06, 2024",P0314,C00276,Defect,1,260.56,Refunded
R02805,S004793,11-04-2024,P0296,C00602,Not as Described,,333.87,Refunded
R00765,S004251,2023-09-12,P0018,C00800,Not As Described ,3,743.27,Rejected
R00254,S010044,2025-06-26,P0329,C00421,better price elsewhere,1,484.21,pending
R00216,S005961,"Dec 28, 2023",P0059,C00556,changed mind,1,$334.69, pending
R02138,S008525,2025-01-31,P0040,C00610,Wrong Item,3,"$5,465.70",REFUNDED
R02228,S015173,2025/12/03,P0121,C00534,Changed Mind,2,N/A,  Pending 
R02696,S003150,2024/07/30,P0250,C00560,Changed Mind,-3,"$1,754.92",Pending
R01065,S001221,2024-06-30,P0090,C00944,Damaged in Shipping,N/A,594.69,Rejected
R01771,S004000,2025/02/18,P0079,C00935,Changed Mind  ,3,419.54,Refunded
R02411,S017997,2025-12-31,P0025,C00574,Damaged in Shipping,1,560.49, Pending
R00498,S018531,04-20-2023,P0304,c00404,Better Price Elsewhere,1,1434.27,Pending
R01357,S013837,2023-08-08,P0132,C00113,Wrong item sent,3,"$1,016.69",Refunded
R01352,S013809,2025-10-04,P0280,c00713,Wrong item sent,3,"$1,226.60",Refunded  
R02804,S014915,2024-04-27,P0434,C00456,Faulty,4,"$2,356.15",Approved
R00040,S006682,09/02/2023,P0405,C00920,wrong item,1,1544.63,approved
R02525,S019310,2023-07-27,P0449,C00175, late delivery,1,1866.98,null
R00288,S012799,04/02/2025,P0179,C00048 ,Defective,-1,$63.64,Rejected
R00154,S004438,2025-04-24,P0097,C00419,damaged in shipping  ,2,1376.85,Approved
R02566,S012360,2024-07-17,P0048,C00924,Late Delivery,1,792.40,Rejected
R01194,S015876,2024-05-19,P0179,C00639,Defective,1,69.07,Refunded
R00241,S014768,2023-06-08,P0203,C00641,Faulty,3,3984.37,approved
R02148,S017336,07-31-2024,P0278,C00945,defective,1,373.85,REFUNDED
R02754,S012747,2025-12-02,P0189,C00855,Not as Described,1,141.94,  Approved 
R02224,S016219,2024-11-08,p0228,C00281,Wrong item sent,-2,384.04,Pending
R00027,S003400,04-05-2023,P0469,C00437,defective,-1,"$1,055.39",Approved
R01300,S017653,2023-02-15,P0215,C00388,  Changed Mind ,1,1550.94,APPROVED
R02173,S005973,2025-07-11,P0179,C00388,Not As Described ,1,65.81,Approved
R02713,S016707,2023-05-09,P0110,C00198,better price elsewhere,1,962.68,Pending
R02542,S015308,2024-11-02,P0272,C00893,damaged in shipping,2,475.31,Pending
R02893,S019317,2024-01-31,P0217,C00487,Late Delivery,2,2458.18,Rejected
R01338,S016427,2023-09-19,P0472,C00945,Defective,1,281.53,Pending
R02421,S017684,10-11-2024,P0231,C00585,Not As Described ,1,2149.72,Refunded
R00062,S012776,2024-12-28,P0154,C00349,Late Delivery,1,2155.22,pending
R01121,S006215,2023-04-08,P0318,C00723,defective,1,1329.28,Rejected
R00654,S014977,2024-02-02,P0251,c00610,Late Delivery,2,3058.73,Rejected
R01249,S004786,2024-07-30,P0082,C00491,Wrong Item,1,$118.53,Pending
R00512,S009695,2023-11-19,P0250,C00328 , Late Delivery,1,699.96,Approved
R01979,S015707,2023-12-31,P0265,C00405,Wrong Item,1,1103.84,Pending
R02855,S004675,2024-07-13,P0250,C00849,DEFECTIVE,3,"$1,825.92",approved  
R02639,S005408,10-12-2023,P0402,C00513,Changed Mind,3,1163.48,Refunded
R00630,S014979,2025-03-29,P0369,C00452, CHANGED MIND,2,2116.46,APPROVED
R00547,S016978,2023-09-05,P0228,C00172,Damaged in Shipping,1,174.08,Pending
R01545,S012421,2025-01-12,P0034,C00629,Wrong Item,1,116.19,Pending
R02863,S002290,14/01/2024,P0214,C00940 ,Not As Described ,1,514.68,Pending
R02463,S013102,2024-02-23,P0353,C00857,Late Delivery,5,"$2,726.33",Refunded
R02533,S008509,24/12/2023,P0359,C00743,CHANGED MIND,1,143.83,Approved
R01403,S006543,2023/02/21,P0258,C00461 ,Defective,2,2831.08,APPROVED
R02787,S003759,2023-12-31,P0145,C00497,Defective,1,381.93,Pending
R01099,S001740,2024-09-16,P0110,C00125,Not as Described,1,950.74,Approved
R01601,S001987,19/10/2023,P0282,C00530, CHANGED MIND,1,438.67, Approved
R01893,S011070,2023-09-01, P0393 ,C00215,changed mind,1,1252.39,  PENDING 
R01631,S003923,2024-08-12,P0368,C00353,Better Price Elsewhere,2,1111.56,Pending
R01818,S007795,02/10/2023,P0406,C00526,Late Delivery,1,240.53,  Pending 
R00495,S004267,2025-01-14,P0433,C00107, Changed Mind,2,909.72,Refunded
R01505,S008606,2025-01-16,P0142,C00259,Damaged in Shipping,1,$225.59,Refunded
R01639,S016293,2023-07-31,P0069,C00338,late delivery,1,231.78,REJECTED
R02679,S010186,2025/06/15,P0442,C00666,late delivery,1,278.56,Refunded
R01596,S002898,12/12/2025,P0322,C00014,Wrong Item,2,335.64,Approved
R01450,S002734,2023-03-06,P0307,C00442,late delivery,1,1191.05,Approved
R01908,S014146,2023-09-01,P0106,C00802,Damaged in Shipping,1,198.43,Rejected
R00369,S001188,2023-12-14,P0451,C00297,Late Delivery,-1,352.07,Approved
R00934,S009789,2025-02-27,P0211,C00404,,2,1260.09,approved
R00688,S005709,2025-01-22,P0375,C00100,Not as Described,1,$342.25,Pending  
R01948,S003535,"Dec 13, 2025",P0058,C00194,  late delivery ,2,2918.42,Approved
R01717,S018188,"Jan 01, 2025",P0014,C00534,DEFECTIVE,2,753.90,approved
R00294,S013981,2025-12-10,P0242,C00496,Damaged in Shipping,2,101.64,APPROVED
R01942,S006457,12-11-2024,P0088,C00344,,1,,refunded
R01633,S014339,2025-08-22,P0404,C00091,Late Delivery,2,2350.99,Pending
R01480,S007912,2023-09-09,P0061,C00320,Better Price Elsewhere,3,"$3,220.24",PENDING
R01415,S009520,2023-02-06,P0075,C00864,Wrong Item,1,246.02,Rejected  
R00274,S006955,2023-03-30,P0463,C00488,Late Delivery,2,"$4,415.77",Rejected
R02578,S007485,2024-12-15,P0293,C00577,NULL,1,2722.49,Refunded
R00970,S018278,2025-12-27,P0144,C00860,Better Price Elsewhere,1,976.34,rejected
R02088,S012938,2025-12-31,P0119,C00578,Faulty,1,1242.99,Approved
R01876,S002124,25/10/2023,P0202,C00613,  Better Price Elsewhere ,1,null,Refunded
R00490,S008192,2024-10-31,P0155,C00884,Wrong Item,3,"$1,088.43",PENDING
R00758,S001005,2025-07-28,P0065,C00334,Defective,1,377.50,Approved
R01023,S001606,"Oct 17, 2025",p0430,C00315,damaged in shipping,2,402.22,Rejected
R02592,S009989,14/02/2025,P0092,C00022,Damaged,-1,269.28,Pending
R02588,S011658,2025-03-20,P0084,C00521,Changed Mind,1,1958.42,Pending
R02226,S004543,2025-03-11,P0118,C00461,Late Delivery,3,519.46,APPROVED
R01753,S017350,2025-03-15,P0085,C00339 ,Damaged in Shipping,3,"$2,758.56",Refunded
R00554,S008049,2024-09-17,P0218,C00865,Changed Mind,1,1611.00,Pending
R01720,S015257,2025-12-31,P0295,C00728,Not as Described,1,1393.08,Approved
R01745,S938141,"Jun 27, 2025",P0151,C00810,Damaged in Shipping,1,773.63,Rejected  
R01555,S001232,2023-08-03,P0341,C00889 ,Damaged,2,386.21,Approved
R00753,S011986,"Mar 28, 2025",P0110,C00670,,3,2758.11,Rejected
R00191,S015460,22/01/2025,P0034,C00624 ,better price elsewhere,-1,121.35,rejected
R01865,S019030,11-04-2024,P0477,C00107,Damaged in Shipping,1,770.44,REJECTED
R00202,S013457,"Nov 16, 2024",P0179,C00534,Defective,3,201.23,Rejected
R00606,S016230,2025-01-30,P0399,C00680,null,4,1224.44,Rejected
R00663,S008115,2025-07-11,P0433,C00220,damaged in shipping,1,402.67,Rejected
R01251,S006239,2024-06-10,P9264,C00667, Damaged in Shipping,1,1695.39,pending
R02666,S007288,2023-08-04,P0031,C00200, better price elsewhere,2,1184.13,Refunded
R02710,S015752,2025-12-01,P0447,C00532,Late Delivery,1,$437.43,REFUNDED
R01532,S000527,"May 20, 2025",P0019,C00832,Better Price Elsewhere,1,"$1,176.90",REJECTED
R01412,S003313,05-22-2024,P0432,C00263,null,1,1232.76,REFUNDED
R00052,S019142,2024-01-01,P0146,C00797,Wrong item sent,2,$846.69,Rejected
R02210,S017599,24/12/2024,P0447,C00075,Not as Described,3,"$1,402.20",Rejected
R02727,S016945,10-23-2025,P0375,C00045,late delivery,N/A,"$1,000.43",Pending
R02435,S012786,2023-10-07, P0379 ,C00147,Changed Mind  ,3,6998.02,REFUNDED
R00768,S003206,12-29-2024,P0055,C00548,Wrong item sent,3,"$5,069.34",Rejected
R02382,S016228,2023-11-20,P0050,C00723,Wrong Item,1,160.70,Pending
R02829,S005167,2024-05-19,P0466,C00591,Damaged,1,NULL,Refunded
R02609,S014354,26/05/2023,P0092,C00297,Not As Described ,2,$623.00,REFUNDED
R02902,S010731,19/05/2025,P0277,C00519 ,Wrong Item,2,3072.54,Refunded
R02884,S014205,"Dec 27, 2023",P0091,c00688,Wrong Item,1,,Pending  
R01605,S011922,2025-09-11,P0108,C00393,CHANGED MIND,1,412.53,Rejected
R00276,S011364,2023-02-11,P0365,C00288,Better Price Elsewhere,1,117.00,Refunded
R00185,S008293,2024-03-26,P0410,C00429,not as described,1,766.51,PENDING
R00650,S007897,2025/12/31,P0356,c00852,NULL,1,576.51,Refunded
R02915,S019396,2025-01-01,P0077,C00882,Better Price Elsewhere,,198.09,Rejected
R00408,S008627,2023-04-21,P0068,C00060,Better Price Elsewhere,1,456.96,rejected
R02718,S014876,2023-02-28,P0363,C00522,Damaged in Shipping,1,663.67,Approved
R02700,S007723,2025-11-06,P0479,C00893,Better Price Elsewhere,1,165.57,REFUNDED
R01798,S003715,2025-03-24,P0271,C00712,Late Delivery,2,,Refunded
R00968,S009832,2025-01-12,P0280,C00482,Not as Described,2,906.19,Approved
R00676,S005889,2023-02-19,P0049,C00189,Changed Mind,4,"$2,705.77",Approved
R01871,S009389,2023-10-20,P0126,C00029,Damaged in Shipping,1,699.64,Refunded
R00511,S011782,2025-11-30,P0120,C00716,Wrong item sent,1,$502.44,refunded
R01961,S000672,18/06/2023,P0104,C00638,Not as Described,2,3057.68,Approved
R02397,S005729,01/02/2025,P0002,C00469, not as described,1,60.09,Refunded
R00608,S012339,2024-10-11,P0376,C00165,Late Delivery,2,930.25,N/A
R00292,S015700,2024-12-05,P0008,C00412,Not as Described,1,"$1,244.02",Approved
R00108,S003197,2024-10-01, P0400 ,C00560,Wrong Item,3,"$1,775.66",Pending
R02076,S011450,2023-09-03,P0252,C00571, Defect,2,632.39,Approved
R02753,S004073,"Nov 22, 2024",P0363,C00866,better  price elsewhere,1,$626.30,Rejected
R00634,S011517,2024-09-15,P0115,C00886,Changed Mind,1,"$1,740.86",Refunded
R01529,S000513,2023-08-09,P0162,C00750,Not As Described ,,"$2,429.33",Rejected
R02215,S009798,2023-07-31,P0383,C00401,Wrong item sent,4,"$8,172.78",Approved
R00199,S019056,2025-10-01,P0157,C00635,late delivery,-2,1198.01,refunded
R00336,S007413,25/04/2024,P0414,C00132,better price elsewhere,1,372.99,Pending
R02356,S012146,19/09/2023,P0051,C00265,Wrong  Item,2,367.37,APPROVED
R00853,S007951,2024-01-05,P0187,C00432,better price elsewhere,1,1746.39,  Refunded 
R00464,S018610,22/02/2023,P0408,C00141,Wrong Item,2,2073.52,pending
R00210,S003767,28/06/2024,P0385,C00214,better price elsewhere,1,381.26,Pending  
R00556,S001806,02/06/2025,P0236,C00551,Better Price Elsewhere,2,1316.70,Pending
R01986,S002617,2023/04/16,P0025,C00054,wrong item,2,null,Pending
R00509,S009974,08-12-2023,P0253,C00534,Late Delivery,4,$596.19, Pending
R01361,S005697,2023-10-11,P0470,C00459,late delivery,1,125.21,approved
R01937,S018206,03/11/2023,P0165,C00094,damaged in shipping,1,2240.23,refunded
R00280,S019575,2025-02-04,P0370,C00235, Better Price Elsewhere,1,439.17,approved
R01627,S012553,2023-04-01,P0144,C00394,CHANGED MIND,1,1025.90,Refunded
R00658,S001268,2024-12-28,P0420,C00160,not as described,1,362.72,REJECTED
R02254,S003411,2023-12-22,P0145,C00291,Wrong item sent,null,$321.84, Approved
R00535,S007024,2025-05-06,P0173,C00597,damaged in shipping  ,3,597.90,approved
R01661,S002589,2025-09-15,P0048,C00369,  not as described ,3,1998.46,PENDING
R00152,S005426,2024-07-29,P0229,C00607,not as described,1,635.41,REFUNDED
R00455,S006787,24/05/2024,P0131,C00127,Changed Mind,2,980.18,approved
R02117,S000936,2025-07-04,P0106,C00633,Changed Mind,1,$206.31,REJECTED
R02275,S016103,13/01/2025,P0277,C00718,Defective,5,"$6,029.30",Pending
R01901,S005662,2023-12-18,P0287,C00513,Wrong Item,2,$193.94,Rejected  
R01088,S004919,2023-04-09,P0321,C00068,Changed Mind  ,3,869.00,  Refunded 
R02708,S006513,2023-08-05,P0052,C00240,Not as Described,1,177.28,Pending
R00764,S008136,2023-02-22,P0471,C00913,Changed Mind,1,172.29, approved
R00343,S012268,"Mar 28, 2023",P0314,C97491,Defective,1,196.81,pending
R01469,S018317,2024-02-19,P0152,C00781,Damaged in Shipping,1,,APPROVED
R02416,S013255,2025/01/12,P0419,C00834,better price elsewhere,1,1137.11,pending
R01813,S007930,2025-08-25,P0060,C00776,Changed Mind,2,1555.33,refunded
R01727,S006026,2023-11-23,P0319,C00303,defective,4,1029.19, REJECTED
R02012,S008727,2024-10-19, P0156 ,C00438,Changed Mind,1,225.07,rejected
R00115,S014504,2025-05-15,P0344,C00289,Late Delivery,1,440.51,PENDING
R02182,S002316,2024-08-23,P0449,C00086,Wrong Item,5,"$8,729.49",Refunded
R02785,S019599,2023-06-28,P0359,C00292,CHANGED MIND,1,145.62,Approved
R01139,S011344,2025-12-31,P0349,C00322, Better Price Elsewhere,1,1803.73,Approved
R01962,S013949,2024-01-09,P0195,C00822,Not as Described,1,$872.77, Pending
R00748,S010266,2023-06-29,P0133,c00893, Defect,3,86.63,Pending
R00300,S017031,2023-05-10,P0175,C00106,better price elsewhere,2,863.84,Refunded
R01433,S001444,2025-12-31,P0025,C00608,Damaged,1,$453.32,Refunded
R00727,S000545,2024-01-29,P0473,C00107,Wrong Item,1,1109.94, Rejected
R00906,S017975,2024-03-06,P0081,C00281, Damaged in Shipping,1,1209.17, Refunded
R01107,S018064,2023-10-07,P0392,C00626,Not as Described  ,3,3445.16,Refunded
R00973,S010279,2025-12-04,P0003,C00253,  Better Price Elsewhere ,1,607.54,Refunded
R01769,S000469,"May 10, 2024",P0173,C00442,Not as Described,1,184.96,Refunded
R01143,S000330,2024-10-02,P0125,C00361,Late Delivery,2,789.59,refunded
R02769,S011316,01/05/2023,P9385,C00277,late delivery,3,2066.08,APPROVED
R02699,S000655,11-26-2025,P0459,C00454,Wrong Item,1,249.24,Approved
R02256,S007294,"Oct 16, 2025",P0418,c00435,Damaged in Shipping,2,157.44,PENDING
R00291,S012991,2025-09-11,P0158,C00797,wrong item,1,448.04,Rejected
R01781,S016633,2025-07-20,P0425,C00463,Damaged in Shipping,5,,Rejected
R00910,S010912,2024-07-05,P0316,C00169,defective,4,1810.14,refunded
R02570,S004932,2025-11-28,P0474,C00726,better price elsewhere,1,$218.05,pending
R02724,S014941,2024-11-25,P0026,C00256, Late Delivery,1,$177.29,Approved
R00808,S007900,2023-09-11,P0163,C00540,damaged in shipping,2,1265.06,Pending
R01905,S001503,05-19-2024,P0027,C00517,defective,1,62.07,APPROVED
R02115,S003746,2025/12/31,P0151,C00629,better price elsewhere,1,609.11,refunded
R00436,S006773,2024-11-20,P0121,C00155,Wrong Item,3,1337.75,Pending  
R02694,S010885,2024-05-06,P0316,C00609,Not As Described ,2,838.55,Approved
R02890,S015226,2025-12-19,P0095,C00430,Defective,2,4228.58,Pending
R02126,S016365,2025-01-18,P0325,C00134 ,Wrong Item,2,194.75,APPROVED
R00427,S010800,2025-08-01,P0439,C00070,,1,863.87,Rejected
R02591,S007077,2023-09-01, P0370 ,C00222, damaged in shipping,1,372.66,approved
R01952,S003132,2023-12-26,P0030,C00152,wrong item,1,204.35,Rejected
R01713,S010513,2023-05-07,P0311,C00158,better price elsewhere,3,1853.27,Approved
R02469,S011632,2025-12-31,P0275,C00559 ,Changed Mind,1,244.30,approved
R01854,S005657,2025-06-17,P0018,C00589,Late Delivery  ,,262.53,Approved
R00915,S008698,2025-11-30,P0396,C00946,Changed Mind,1,66.43,PENDING
R02462,S011862,2024-12-18,P0372,C00874,Not as Described  ,1,282.66,Refunded
R02178,S007526,2023-11-30,P0240,C00485,Wrong Item,1,$441.33,pending
R00900,S003944,2023/10/07,P0251,C00070,Not as Described,2,3363.62,REFUNDED
R01778,S003798,2025-10-03,P0185,C00152,Damaged in Shipping,4,837.39,rejected
R01070,S004814,"Feb 23, 2023",P0230,C00402,Not as Described,1,, Pending
R00728,S019234,2023-10-29,P0217,C00010,Wrong Item,1,1290.14,Pending
R02401,S011096,NULL,P0385,C00918,Damaged in Shipping,1,330.71,PENDING
R00517,S017213,2025-01-03,P0429,C00267,Damaged in Shipping,2,1188.05,Approved
R01117,S008311,15/03/2025,P0431,C00433,damaged in shipping,1,$63.20,Rejected
R01894,S000654,2025-12-14,P0400,C00405, Not as Described,2,1141.83,refunded
R00205,S007474,2024-07-07,P0321,C00313, Faulty,1,328.00,REFUNDED
R01484,S004496,2023-10-15,P0107,C00718,Defective  ,4,2076.49,PENDING
R00142,S010600,2024-08-28,P0091,C00102,Wrong Item,1,$108.57,Rejected
R02442,S014688,2023-11-28,P0293,C00862,CHANGED MIND,1,2850.12,Approved
R00823,S000700,2024/12/10,P0476,C00295,CHANGED MIND,1,1498.45,PENDING
R01215,S018872,2023-11-13,P0393,C00413,null,-2,2701.03,refunded
R00037,S008924,2023-08-15,P0165,c00218,Not As Described ,1,1794.56,pending
R01635,S012489,2024-10-19,P0089,C00109,Wrong Item,2,1969.32,refunded
R00458,S001347,2023-02-25,P0381,C00631,Better Price Elsewhere,1,701.57,Rejected
R00148,S016475,2023-04-18,P0199,C00034,Wrong item sent,1,$244.37,Rejected
R02879,S001404,2024-04-24,P0016,C00800,damaged in shipping  ,,1741.12, refunded
R02211,S009519,"Apr 14, 2025",P0224,C00504,DEFECTIVE,N/A,165.23, Approved
R01445,S003012,2024-03-05,P0352,C00202,Damaged in Shipping,1,190.93,Refunded  
R01192,S013489,2023-12-11,P0082,C00843,Not As Described   ,1,129.58,Rejected
R01606,S015546,,P0231,C00353,Wrong Item,1,1943.20,  Refunded 
R02895,S000004,2023-01-05,P0375,C00016,Damaged,1,$333.28,Rejected
R01991,S002846,2023-03-31,P0109,C00539,Wrong item sent,1,,Refunded
R00186,S007854,2025-06-17, P0242 ,C00312,late delivery,2,80.07,Approved
R01703,S010170,06-16-2023,P0147,C00519,Changed Mind,1,,Refunded
R02292,S013384,2023-07-18,P0136,C00057,late delivery,1,186.61,Pending
R02607,S004304,05-29-2023,P0058,C00827,Defective,1,1657.37,Approved
R01553,S007874,2024/10/03,P0451,C00315,Wrong Item,2,$579.55,Approved
R00809,S002875,2025-10-15,P0349,C00145,Not as Described,1,1882.03,Pending
R01097,S000430,"Sep 06, 2023",P0412,C00494,Defective,2,148.43,Approved
R02716,S015940,"Dec 31, 2025",P0336,C00706,Not as Described  ,1,224.34,REJECTED
R00660,S013693,2023-06-17,P0098,C00150,Wrong Item,1,262.15,pending
R02217,S010056,2024-12-14,P0160,C00160,  Damaged in Shipping ,1,$513.61,Rejected
R00666,S001340,2023-02-10,P0336,C00724,Changed Mind  ,2,458.85,Rejected
R00358,S009917,2023-06-01,P0002,C00946,not as described,3,165.97,Pending
R00028,S015960,"May 02, 2024",P0154,C00496,Late Delivery,1,1854.96,Refunded
R00982,S000539,2024-01-04,P0230,C00934,wrong item,1,$734.37,APPROVED
R00850,S015830,23/03/2025,P0273,C00917,changed mind,2,5036.41,Refunded
R00860,S003088,2024-06-29,P0021,C00392,Late Delivery,1,375.82,Pending
R02510,S000237,2023-08-04,P0364,C00180,late delivery  ,1,968.51,REJECTED
R00314,S012628,"Nov 09, 2023",P0242,C00376,Damaged in Shipping,4,165.82,refunded
R00576,S004323,2025-07-12,P0273,C00568,Not as Described,1,"$2,013.72",
R01198,S013683,2023-11-20,P0075,C00535,CHANGED MIND,4,$944.21,  REFUNDED 
R02094,S015355,2025-11-27,P0412,C00571,Late Delivery  ,3,285.62,Refunded
R00599,S006409,22/05/2023,P0196,C00457,null,1,$217.81,approved
R02331,S007536,2025-08-23,P0091,C00654,Better Price Elsewhere,2,192.52,NULL
R00486,S015602,,P0305,C00405,Damaged in Shipping,N/A,559.73,Pending
R01434,S014802,2025-12-21,P0314,C00397,better price elsewhere,3,737.90,pending
R01177,S012624,2025-10-16,P0351,C00151,Wrong Item,2,931.84,Pending
R02349,S013771,01/05/2025,P0069,C00903,late delivery,1,245.11,Approved
R01884,S018258,11/11/2025,P0107,C00888, Not as Described,1,$551.22,Pending  
R02272,S000828,2025-10-23,P0412,C00096,changed mind,1,$78.60,Approved
R01909,S015072,15/11/2025,P0248,C00071,Not as Described,2,182.26,Pending
R00004,S017905,2025-07-04,P0244,C00415, Late Delivery,1,"$2,108.23",Rejected
R01328,S002863,2023-04-17,P0105,C92578,Better Price Elsewhere,1,$445.77,Approved
R02454,S018726,2023-12-07,P0325,C00875,changed mind,2,189.94,Approved
R02928,S014654,2024-09-29,P0279,C00644,Better Price Elsewhere,3,3617.96,PENDING
R01195,S004876,2023-07-14,P0041,C00876,Damaged in Shipping,2,"$1,025.78",Rejected
R00247,S015735,2023-05-15,P0274,C00045,Late Delivery,2,1743.46,Refunded
R02036,S010042,2024/01/11,P0027,C00945,Defective,2,112.59,Approved
R01913,S014691,2023-07-14,P0007,C00107,Wrong Item,1,127.40,Refunded
R00580,S013768,2023-10-10,P0130,C00536,Changed Mind,1,N/A,Refunded
R01329,S010660,07/05/2024,P0094,C00865,  Wrong item sent ,1,332.37,APPROVED
R00482,S004974,2025/04/08,P0402,C00937,Damaged,4,"$1,298.98",  Rejected 
R01731,S947890,2023-03-02,P0252,C00643,better price elsewhere,2,$622.98,N/A
R00451,S017419,2023-04-14,P0161,C00514, CHANGED MIND,1,773.46,REJECTED
R01646,S003436,"May 02, 2025",P0335,C00306,Not as Described,1,284.79,PENDING
R02632,S015545,2025-11-30,P0050,C00682,Late Delivery,1,130.58,Approved
R01726,S016444,2023-05-15,P0297,C00928,late delivery  ,2,"$1,258.48",refunded
R01206,S005128,2024-02-07,P0252,C00429,Damaged in Shipping,1,332.21,REJECTED
R00360,S013050,03/10/2023,P0269,C00302,Wrong item sent,3,1755.94,rejected
R00992,S017702,2023-05-24,P0288,C00856,Changed  Mind,4,5579.98,APPROVED  
R00261,S014391,20/10/2024,P0312,C00376,Not As Described ,-1,1786.51,rejected
R01867,S014017,2025-03-02,P0373,C00147,Defective,2,"$2,544.60",APPROVED
R02819,S012107,2023-11-29,P0465,C00495,late delivery,1,108.31,Rejected
R02650,S010149,2025-07-25,P0037,C00704, late delivery,3,1133.85,Refunded
R02131,S007550,2025-08-18,P0218,C00606,Not as Described,1,1749.60,APPROVED
R00487,S000245,2023-04-08,P0424,C00811,Wrong item sent,2,635.89,Pending
R00508,S013286,NULL,P0185,C00659,,1,181.81, Refunded
R01740,S012723,2023-02-14,P0207,C00719,Better Price Elsewhere,1,290.28,NULL
R01572,S013724,2025-11-03,p0003,C00116,Late Delivery,2,1175.40,Approved
R01208,S015022,"Oct 16, 2024",P0123,C00927, Late Delivery,-1,$746.60,Pending  
R01269,S005495,2025-07-26,P0116,C00245,Better Price Elsewhere,1,252.14,Rejected
R00385,S007186,2025-12-31,p0122,C00489,Better Price Elsewhere,1,220.24,Approved
R00299,S008612,2025-12-16,P0123,c00488,damaged in shipping,1,760.41,Refunded
R01929,S014830,09-02-2024,P0286,C00289,Damaged,-1,344.25,Approved
R00061,S014362,05-03-2023,P0031,C00108,,2,1282.01,Approved
R02027,S009314,2024-03-17,P0297,C00498,Better Price Elsewhere,1,672.95,refunded
R00137,S017307,2024-12-31,P0058,C00042,changed mind,2,3539.01,Refunded
R01791,S006111,2024-08-21,P0011,C00144 ,wrong item,1,110.79,Approved
R00176,S011307,12-01-2024,P0197,C00454,Changed Mind,3,2296.33,Approved
R01145,S006859,2023-05-28,P0178,C00270,Late Delivery,4,,Refunded
R02347,S001619,05/04/2024,P0385,C00917,Better Price Elsewhere,1,362.13,Pending
R01131,S960612,03/01/2024,P0432,C00849,Damaged,1,1257.63,APPROVED
R00287,S009452,2024-06-27,P0053,C00751,Defective,1,86.94,Refunded
R02825,S010777,2025-08-28,P0286,C00933,Damaged,2,640.22, Refunded
R01699,S008961,2023-01-30,P0162,C00550,wrong item,1,1529.69,Rejected
R02436,S009465,2025-02-02,P0163,C00017,better price elsewhere,2,1319.07,Approved
R01388,S010940,2024-07-20,P0137,C00839,Not as Described,1,1832.73,Refunded
R00342,S004148,10/12/2024,P0250,c00621,better price elsewhere,1,$736.15, Rejected
R01448,S011291,"Mar 18, 2024",P0373,C00202, Defect,2,"$3,153.75", APPROVED
R00649,S018575,2024-07-26,P0096,C00930,Better Price Elsewhere,1,101.48,Approved
R01719,S015210,2024-01-01,P0432,C00061,Changed Mind,1,1119.76,Rejected
R02020,S016431,2024-08-19,p0404,C00043,Late Delivery,1,"$1,127.92",approved
R01821,S003221,2024-05-30,P0108,C00019,Late Delivery,NULL,$802.23,Refunded  
R01737,S008951,2023-05-31,P0461,C00774,Damaged in Shipping,1,165.24,Approved
R01795,S003951,11-12-2025,P0098,C00840,Late Delivery,2,$496.73, Rejected
R01636,S010173,2024-03-06,P0201,C00254,Better Price Elsewhere,1,1255.08,APPROVED
R02011,S007266,25/12/2024,P0425,C00885,Better Price Elsewhere,4,2692.21,pending
R01125,S004823,07-16-2024,P0339,C00623,not as described,1,"$1,699.55",REJECTED
R01591,S017070,"Apr 25, 2024",P0381,C00774,not as described,2,1415.98,PENDING
R00195,S017137,2024-04-24,P0186,C00228, late delivery,-1,435.79,PENDING
R02239,S019585,2024/02/02,P0172,C00377,late delivery,1,1233.67,Approved
R01895,S005241,08/10/2023,P0371,C00009,Wrong Item,3,802.68,REJECTED
R02263,S008904,2025-05-08,p0150,C00713,Defective,,1585.97,Refunded
R01460,S017234,2025-12-31,P0227,C00726,DEFECTIVE,1,$208.45,Refunded
R01670,S015425,2025-07-24,P0211,C00675,Defective,2,1180.91,Refunded
R01048,S003227,2024-07-19,P0016,C00191,changed mind,3,"$4,861.05",REFUNDED
R01123,S004413,2024-01-16,P0146,C00723,Late Delivery  ,1,$415.01,N/A
R02605,S005800,2024-10-10,P0388,C00148,null,1,110.74,PENDING
R00619,S007063,2023-09-22,p0424,C00241,Better Price Elsewhere,1,375.54,Pending
R00792,S017710,2023-05-16,P0327,C00912,Damaged in Shipping,2,$321.49,approved
R01016,S017552,07/09/2023,P0438,C00818,Not as Described,1,499.58,PENDING
R02341,S007020,2025-12-31,P0335,c00663,,1,292.26,Pending
R01892,S012183,2023-11-12,P0020,C00269 ,not as described,2,782.83, PENDING
R01144,S007648,09-12-2025,P0480,C00904,Wrong Item,1,713.49,Rejected
R01467,S004315,2023-05-29,P0136,C00759,changed mind,1,172.01,Rejected
R01020,S004966,2025-12-02,P0010,C00785,Faulty,1,$370.56,Approved
R02798,S011472,2024-12-05,P0008,C00433,Changed Mind,2,2734.92,Approved
R00286,S000671,2023-05-29,P0321,C00861,Wrong Item,1,313.52,refunded
R01757,S015652,2023-10-12,P0337,C00588,wrong item,2,1540.37,PENDING
R02747,S003634,11/11/2023,P0269,C00798,N/A,1,575.30,
R02483,S005388,2024-02-19,P0268,C00288,Better Price Elsewhere,1,598.93,Refunded
R01638,S005316,07/08/2025,P0282,C00842,Late Delivery,1,$387.86,Refunded
R01287,S006074,09-22-2023,P0402,c00422,Damaged in Shipping,1,341.34,Refunded
R02031,S014301,2025-01-20,P0359,C00800,Faulty,1,137.27,Pending
R01080,S011959,2023-01-11,P0021,C00670,Better Price Elsewhere,1,362.85,Refunded
R02362,S016466,2025-02-18,P0177,C00584,Defective,2,3687.15,Rejected  
R02043,S006315,2024-05-04,P0116,C00798,better price elsewhere,1,253.20,Approved
R01856,S005243,2024-02-06,P0008,C00720,damaged in shipping,1,1201.15,Rejected
R01114,S012473,2025-01-05,P0190,c00939,better price elsewhere,1,909.65,approved  
R01620,S011890,2024-09-28,P0163,C00666,better price elsewhere,1,649.40,Refunded
R02794,S008182,12/11/2025,P0286,c00830,better price elsewhere,2,692.56,Pending
R00143,S010669,24/08/2023,P0320,C00889, Late Delivery,1,544.88,Approved
R00418,S001816,2024-12-30,P0369,C00234,CHANGED MIND,1,980.15,N/A
R00846,S018729,2024-12-09, P0038 ,C00532,Wrong Item,1,971.19,Rejected
R01768,S013664,2025-12-31,P0313,C00708,Damaged in Shipping,2,2755.97,pending
R00874,S009667,02/03/2023,P0211,C00729,not as described,2,1062.54,pending
R01410,S018690,"Mar 24, 2023",P0048,C00100,Late Delivery,1,817.13,REFUNDED
R00721,S007999,2023-11-23,P0091,C00232,Late Delivery,1,118.23,Pending
R02926,S002833,2025-05-25,P0056,C00847,better price elsewhere  ,3,2047.63,Refunded
R00731,S009194,27/12/2025,P0149,C00387, Faulty,1,337.60,pending
R00326,S016835,2024-11-28,P0136,C00306,CHANGED MIND,2,333.93,Rejected  
R02206,S018888,2024-02-29,P0098,C00719,better price elsewhere,1,282.09,Approved
R02464,S016719,14/08/2025,P0218,C00649, Wrong item sent,1,NULL,Refunded
R02055,S014383,2023-03-22,P0060,C00049,DEFECTIVE,1,$720.50,Refunded
R01998,S009635,2023-09-11,P0253,C00471,CHANGED MIND,1,167.95,Rejected
R00749,S014346,2025-05-20,p0212,C00631,Changed Mind  ,1,1779.60,APPROVED
R00081,S001757,2023-11-11,P0375,C00810,late delivery,1,311.55,Refunded
R00366,S009746,2023-05-28,P0044,C00478, Late Delivery,3,1218.85,Rejected
R02149,S011984,2025-04-04,P0207,C00088,not as described,3,1013.68,Refunded
R01482,S982659,03-12-2025,P0292,C00077,Better Price Elsewhere,1,337.87,Approved  
R02672,S001284,2024-02-18,P0198,C00034,Damaged in Shipping,1,814.95, APPROVED
R02318,S019035,2023-03-04,P0146,C00416,Wrong Item,1,481.62, Pending
R00568,S014305,NULL,P0259,C00728,late delivery,4,1245.23,Approved
R00481,S905425,2025-07-10,P0431,C00734,Faulty,1,62.52,Rejected
R00774,S019242,11-15-2025,P0032,C00450,N/A,1,78.76,Pending
R01787,S012584,2024-10-05,P0349,C00769,Better  Price Elsewhere,1,1822.31,REJECTED
R02003,S018458,2023-10-21,P0250,C00242,Not  As Described ,2,1254.60,approved
R02213,S002430,2025-09-28,P0020,C00840,wrong item,4,1544.87,approved
R01304,S015014,2023-12-19,P0362,C00474,not as described,1,641.43,Pending
R00958,S011898,15/06/2025,P0459,C00675,Better Price Elsewhere,2,525.16,refunded
R00924,S013162,2023-12-11,P0049,C00349,Not as Described,1,763.66,Rejected
R01976,S008738,2024-03-23,P0073,C00252,  Not as Described ,2,2569.88,REJECTED
R01112,S015109,09-22-2024,P0056,C00853,changed mind,1,636.37,NULL
R02802,S944733,2024-08-06, P0437 ,C00250,better price elsewhere  ,2,401.07,pending
R02311,S013180,2023-04-03,p0344,C00456,changed mind  ,4,,approved
R01624,S001779,2024-06-25,P0350,C00150,Wrong item sent,1,237.05,Refunded
R02513,S017826,2025-11-07,P0294,C00504,Not as Described,1,$402.72,Approved
R01829,S016317,17/05/2024,P0061,C00248,Not As Described ,1,1044.21,refunded
R00539,S016910,2023-09-23,P0274,C00913,Better Price Elsewhere,2,1831.43,Refunded
R01540,S010187,2023-11-19,p0220,C00122,changed mind,3,611.32, Approved
R01150,S003053,2023-09-25,P0342,C00677,Wrong Item,N/A,68.10,Approved
R01444,S001694,2023-10-06,P0006,C00568,not as described,2,1484.55,Rejected  
R02919,S000159,"May 08, 2025",P0223,C00319,Better Price Elsewhere,3,1201.65,Rejected
R00334,S002325,2023-04-19,P0478,C00151,Damaged in Shipping,1,1405.55,REJECTED  
R02207,S002653,10-15-2024,P0304,C97183,Not as Described,1,1304.68,Refunded
R00917,S000942,2025-04-12,P0132,C00754,Defective,1,$301.60,Refunded
R02200,S010928,2024-06-24,P0044,C00760,Late Delivery,N/A,"$1,213.80",Rejected
R01539,S017745,09-24-2023,P0349,C00596 ,Changed Mind,3,5256.42,Approved  
R00773,S017209,2025-06-08,P0446,C00206,Faulty,2,292.90,PENDING
R00249,S001228,11-11-2025,P0143,C00339,late delivery,1,1520.92,null
R00640,S017994,02-10-2024,P0326,C00692,Late Delivery,1,"$1,218.35",Approved
R02459,S007175,2025-08-30,P0451,C00599,wrong item,1,344.85,pending  
R02638,S014731,2025-01-03,P0255,C00487,Changed Mind,1,377.43,Refunded
R01238,S014167,2023-12-03,P0337,C00383,Defect,-1,$760.44,Pending
R00571,S014794,2024-07-09,P0212,C00316,better price elsewhere,2,3335.46, pending
R01405,S018238,12/07/2023,P0440,C00396,damaged in shipping,1,473.54,Approved
R01175,S001329,2023-12-18,P0443,C00599,Late Delivery,1,390.73,Rejected  
R02105,S000290,2023-06-29,P0265,C00527,DEFECTIVE,4,4676.33,Approved
R02361,S009594,2024-07-08,P0477,C00124,Faulty,1,909.06,Pending
R01289,S000248,2024/12/01,P0409,C00807, Better Price Elsewhere,4,"$3,740.20",REFUNDED
R02561,S012149,2025-03-21,P9633,C00690, Changed Mind,3,6820.63,pending
R02668,S011820,2025-10-04,P0178,C00093,Late Delivery  ,1,1081.18,null
R00593,S004810,2024-08-23, P0235 ,C00827,late  delivery,2,$400.26,Approved
R01402,S016671,2023-08-26,P0079,C00143,Damaged in Shipping,1,$147.87,Approved
R02606,S015618,2025-12-31,P0416,C00154,Not As Described ,1,"$2,248.92",Pending
R00804,S006404,2024-12-16,P0388,C90085,late delivery,2,$211.73,Refunded
R01045,S017981,09-28-2023,P0412,C00602,wrong item,2,175.93,Refunded
R02203,S006556,2023-03-31,P0448,C00025,Damaged in Shipping,1,$197.85,approved
R00085,S019325,10-03-2024,P0425,C00759,N/A,1,$678.66,Refunded
R02899,S009631,2025-05-28,P0319,C00353,Not as Described,4,1303.42,Rejected
R01685,S008130,2025/03/13,P0102,c00793,Damaged in Shipping,1,2476.20,APPROVED  
R01860,S018229,2024-01-01,P9893,C00658,Damaged,1,null,Approved
R01188,S006601,2024-01-20,P0075,C00465,Damaged in Shipping,1,$222.52,Refunded
R01293,S010275,2025-12-14, P0268 ,C00796,Changed Mind,2,"$1,305.74",Refunded
R01136,S000046,2023-03-06,P0345,C00637,Better Price Elsewhere,1,290.21,Approved
R01542,S011709,2023-11-15,p0212,C00800,Changed Mind,-4,6564.34, Rejected
R00064,S012034,2025-06-21,P0132,C00791,DEFECTIVE,1,N/A,Refunded
R02541,S011688,2024-10-31,P0472,C00568,damaged in shipping,1,237.31, Refunded
R02706,S000575,2024-10-02,P0462,C00895,Late Delivery,2,1456.10,Refunded
R02143,S007458,2023-07-28,P0377,C00030,not as described,1,256.03,Refunded
R01879,S007600,2024-12-26,P0341,C00935,Not as Described,5,960.49,Pending
R01059,S002398,,p0200,C00063,Not As Described ,2,1253.56,Rejected
R01306,S003220,2025-12-31,P0086,C00671, changed mind,1,874.76,rejected
R01489,S000995,2023-08-17,P0428,C00004,  Late Delivery ,2,"$2,373.23",Rejected
R00252,S019238,2023-03-27,P0318,C00529,Not as Described,1,1325.97,Pending
R01815,S003280,2025-04-08,P0050,C00137,late delivery,4,568.08,pending
R02013,S017903,2023-09-22,P0204,C00635,Changed Mind,5,4416.58,Refunded
R01330,S002657,2025-07-26,P0304,C00614,Wrong Item,1,1325.98,Pending
R01421,S015073,2023-09-05,P0415,C00320,Damaged in Shipping,2,3533.68,
R00424,S017278,2023-11-29,P0312,C00533,late delivery,2,"$3,992.55",refunded
R01228,S014548,2024-10-16,P0275,C00235,Late Delivery,1,289.58,Refunded  
R00584,S016567,30/06/2024,P0181,C00541,Defective,1,807.55,Pending
R00561,S018851,2025-02-04, P0474 ,c00340,,N/A,230.18, REFUNDED
R00386,S009168,2024-09-14,P0177,C00585,Late Delivery,1,1699.98,Refunded
R01574,S012320,2025-01-29,P0463,C00198,  Changed Mind ,,2162.19,Rejected
R02870,S011554,2025-07-22,P0146,C00049,DEFECTIVE  ,4,1826.75,approved
R02141,S010510,,P0199,C00309,Defective,-3,704.35,  approved 
R02637,S001618,2025-02-14,P0053,C00191,Wrong Item,1,85.32,approved
R02198,S017690,2023-12-16,P0266,C00773,Changed Mind,2,957.03,  REJECTED 
R01804,S002579,2025-10-07,P0444,C00928 ,not as described,-2,272.94,Refunded
R02597,S001121,2023-05-24,P0147,C00850,Changed Mind,1,"$1,074.80",Approved
R01598,S004235,2024-05-04,P0115,C00701,Not as Described,3,5564.94,Approved
R01008,S003706,21/06/2025,P0167,C00199,CHANGED MIND,2,"$2,038.15",REJECTED
R00162,S018493,2023/02/03,P0321,C00157,Better Price Elsewhere,1,339.11,APPROVED
R00691,S009696,2023-11-03,P0254,C00692,Damaged in Shipping,1,369.72,Pending
R02559,S010003,2023-02-01,P0289,C00497,better price elsewhere,2,572.21,pending
R00733,S005629,2023-06-18,P0439,C00080,Changed Mind,2,"$2,056.82",Refunded  
R01883,S019180,2025-04-12,P0251,C00404,Better Price Elsewhere,1,1574.64,REJECTED
R01503,S002312,20/08/2024,P0387,C00529,  Wrong Item ,1,1771.14,Refunded
R01392,S016674,2024-10-14,P0293,C00584,  Late Delivery ,2,"$4,795.57", Pending
R00752,S011587,14/11/2024, P0460 ,C00814,Better Price Elsewhere  ,1,33.15,Refunded
R00097,S008319,07-05-2025,p0422,C00512,wrong item,1,"$1,091.96",rejected
R01611,S005871,2025-08-19,P0132,C00372,Wrong  Item,1,$292.34,Approved  
R00092,S018503,2023-03-27,P0175,C00150,Better Price Elsewhere,1,391.79,Refunded
R01319,S014712,2024-09-05,P0083,C00501, Defect,2,1210.95, REJECTED
R01149,S003204,2025/11/27,P0352,C00509,Not As Described ,NULL,$204.78, Refunded
R00392,S007391,2024/07/17,P0254,C00718 ,better price elsewhere,1,308.56,Refunded
R01285,S003491,05-07-2025,P0077,C00108,Better Price Elsewhere,,$173.92,Pending
R00383,S013230,2025-07-05,P0217,C00299,Wrong Item,1,null,Refunded
R00848,S018112,07-25-2025,P0097,C00516, late delivery,1,761.57, Pending
R02448,S011558,2023-08-07,P0448,C00432,Faulty,1,233.62,Rejected
R00480,S019171,2024-05-11,P0459,C00086,Wrong Item,1,258.19,rejected
R02487,S016714,2025-09-06,P0048,C00608,Late Delivery,1,$751.22,Rejected
R01397,S011998,2024-10-03,P0282,C00703,Defective,2,823.06,Rejected
R00421,S012685,2023-03-12,P0328,C00531,wrong item,1,238.54,Approved
R00467,S016537,29/08/2025,P0239,C00042,Defective  ,1,"$1,624.00",Pending
R02600,S015674,,P0439,C00444,Changed Mind,2,1932.76,rejected
R02402,S006932,2025-05-09,P0464,c00526,late delivery,1,$664.31,Refunded
R00565,S010918,2025-03-13,P0214,C00613,Better Price Elsewhere,1,$574.68,Approved
R00977,S008172,2025-03-23,P0480,C00276,Late  Delivery,2,1366.90,Rejected
R02507,S012291,2023-10-22,p0241,C00861,wrong item,4,409.13,Pending
R01164,S003693,2024-11-16,P0265,C00518,Better Price Elsewhere,1,1226.81,Rejected
R01970,S013383,2025-07-28,P0370,C00185, Faulty,2,904.36,Refunded
R00941,S004264,31/12/2025, P0288 ,C00434,Wrong Item,1,1382.66,refunded
R02938,S011781,23/10/2025,P0432,C00568,Changed Mind,1,1196.72, PENDING
R01462,S000860,27/02/2024,P0137,C00745,Not as Described,1,1863.16, pending
R02789,S000820,2025-03-04,P0299,C00202,Not As Described ,-1,400.82,
R01736,S000905,09/01/2024,P0096,C00860,better price elsewhere,1,113.94,Rejected
R02864,S007241,2023-08-30,P0080,C00326,better price elsewhere,1,262.23,APPROVED
R01266,S016067,"Aug 02, 2024",P0015,C00396,DEFECTIVE,1,342.20,Rejected
R00670,S019112,2025-12-20,P0094,C00025,Better Price Elsewhere,1,$421.78,Rejected
R02702,S013488,2023-11-01,P0320,C00818,Better Price Elsewhere,-1,N/A,Approved
R00110,S001491,2025-09-30,P0282,C00629,Wrong Item,2,745.83,  Rejected 
R02866,S010087,2025-03-10,P0363,C00872,defective,null,"$2,831.48",REJECTED
R00604,S005240,2025-06-06,P0062,C00228,Late Delivery  ,4,264.93,Approved
R01784,S013654,"Aug 30, 2023",P0202,C00196,Defective,1,$759.46,Pending
R01078,S004834,2024-01-19,P0420,C00474,Defect  ,1,349.98,Rejected
R01738,S001849,2023-10-09,P0365,C00276,better price elsewhere,2,235.84,Refunded
R00669,S002450,2024-01-30,P0462,C00669,Changed Mind,2,1700.16,Pending
R02021,S008469,"Mar 30, 2023",P0011,C00175,Defect,1,114.35,Refunded
R00171,S932723,2025-12-30,P0445,C00219, Damaged in Shipping,1,520.89,Approved
R02449,S016063,2025-11-16,p0229,C00248,Changed Mind,1,$543.89,Approved
R02102,S011911,2023-05-10,P0291,C00866,  Better Price Elsewhere ,1,46.65,Approved
R02801,S006293,2023/05/21,P0106,C00464,Defective,1,182.98,Pending
R02577,S011464,2025-04-03,P0067,C00286,  Late Delivery ,1,603.49,Approved
R00268,S005375,12-08-2025,P0167,C00420,not as described,2,2278.99,Refunded
R02790,S000438,12-11-2024,P0175,C00812,  Better Price Elsewhere ,,808.85,PENDING
R02922,S936882,2024-10-23,P0339,C00418,Not as Described,1,1528.88,Approved
R00985,S000234,2025-06-15,P0133,C00566,Wrong Item,1,36.08,Pending  
R00296,S007098,2024-01-22,P0265,C00243,Late Delivery,1,1178.81, Rejected
R01531,S015679,2023-09-03,P0211,C00107,Late Delivery,1,562.12, Approved
R01800,S014216,2024-12-19,P0192,C00125,CHANGED MIND,1,$275.03,Approved
R02786,S018447,17/12/2024,P0378,C00947,Late Delivery,2,251.98,Rejected
R01337,S005291,2023-09-21,P0143,C00904,Better Price Elsewhere,2,3721.09,Refunded
R01093,S004244,"May 24, 2025",p0175,C00487,Damaged in Shipping,3,1397.97,Approved
R02000,S012785,2025-12-02,P0385,C00195,damaged in shipping,1,349.73,PENDING
R01568,S004578,2024-03-26,P0453,C00482,NULL,2,3837.46,Approved
R01953,S019178,2025/11/17, P0202 ,c00318,Changed Mind,2,"$1,515.47",REJECTED
R02770,S017642,2025-01-18,P0187,C00241,,1,2049.16,REJECTED
R01677,S005279,2025-12-31,P0090,C00002,Defect,1,$117.08,rejected  
R00569,S009940,2024-07-31,P0422,C00483,Not as Described,-1,979.42, Approved
R01920,S015805,2024-01-06,P0233,C00004,Not as Described,2,859.09,APPROVED
R01218,S012557,20/12/2023,P0132,C00274,Defective  ,2,562.85, approved
R02475,S018923,2023-02-09,P0284,C00454,Wrong Item,4,8809.17,rejected
R00779,S006189,2025-07-04,P0455,C00761,not as described,1,615.28,NULL
R01476,S011473,2025-11-11,P0293,C00587,Defect,1,2422.07,PENDING
R00437,S002805,2025-12-03,P0210,C00888,Damaged in Shipping,3,601.68,NULL
R00929,S009187,2024-07-26,P0015,C00781,Changed Mind,1,$388.10,Pending
R00979,S015285,2023-05-01,P0408,C00593,CHANGED MIND,2,"$2,090.84",Rejected
R02845,S018119,10/02/2023,P0324,C00001,changed mind,4,"$1,422.00",pending
R02536,S017638,2023-06-09,P0435,C00455,Changed Mind,2,1665.74,
R02497,S017604,2024-12-12,P0393,C00604,Better Price Elsewhere,1,1324.61,REJECTED
R00679,S984178,2025-08-06,P0175,C00809,changed mind,1,454.71,Approved
R00317,S002059,2023-06-17,P0207,C00074,Changed Mind,-2,641.40,Pending
R00813,S003807,2024-12-31,P0430,C00594, changed mind,NULL,$183.70,rejected
R02613,S012731,29/03/2025,P0026,C00339,Wrong item sent,2,417.12,Pending
R00723,S005452,2023-05-29,P0244,C00628 ,Better Price Elsewhere,1,2071.72,Refunded
R01190,S018557,2023-12-25,P0082,C00452, Not As Described ,1,$131.47,  refunded 
R02662,S006566,2025-03-16,P0360,C00717,CHANGED MIND,-1,2043.93,rejected
R00991,S010410,2025-06-08,P0062,C00575,Not as Described,1,71.19,Approved
R01844,S003671,2023-08-30, P0026 ,c00667,not as described,null,192.78,Approved
R02299,S017405,2024-03-22,P0180,C00337,  Changed Mind ,1,$350.76,Refunded
R02304,S000955,2024-08-20,P0254,C00318,changed mind,2,695.51,Rejected
R00725,S018350,02/12/2024, P0293 ,C00858,Late Delivery,1,2666.89,refunded
R00555,S003550,2024-06-15,P0119,C00489,,2,,  Pending 
R01640,S012820,2023-12-25,P0204,c00342,Late Delivery,4,3742.56,Pending
R00051,S000043,2025-03-02,P0121,C00068,Not As Described   ,1,,refunded
R02914,S008059,2023-11-29,P0196,C00738,  DEFECTIVE ,1,$204.01,Rejected
R01110,S013933,17/04/2025,P0479,C00044,Not as Described,2,331.00,Refunded
R00189,S017546,2024-11-06,P0132,C00566,  not as described ,2,628.55, refunded
R02840,S017485,2024-07-22,P0014,C00708,late delivery,1,381.74,Approved
R02289,S004854,2023-11-22,P0418,C00209,Damaged in Shipping,1,97.01,Approved
R01185,S004780,2025-02-17,P0376,C00317,Late Delivery  ,1,486.28,PENDING
R01584,S017553,2024-02-10,P0385,C00703,Defective  ,2,655.27,
R00803,S002144,2024-08-15,P0370,C00253,Late Delivery,1,411.19,refunded
R01706,S002913,2025-11-20,P0247,C00270,Not as Described,1,571.74,approved  
R00653,S016326,2025-11-01,P0191,C00419,Wrong Item,2,147.97,Approved
R01723,S005350,2024-12-09,P0304,C00881,Damaged in Shipping,2,2676.27,REJECTED
R02342,S015894,2025-02-16,P0115,C00849,Better Price Elsewhere,1,"$1,817.97",REJECTED  
R00869,S009353,2025-12-13,P0041,C00667,Late Delivery,1,477.88,Pending
R00646,S018399,2024-06-25,P0013,C00876,wrong item,1,631.28,Pending
R00303,S010922,2025-02-11,P0158,C00420,Defective,-2,916.93,Pending
R02423,S906126,2024-11-01,p0315,C00236,null,NULL,1131.75,Approved
R00406,S013291,2023-12-29,P0111,C00094,late delivery,2,1209.99,Approved
R02001,S004864,2024-04-15,P0277,C00287,Wrong Item,-5,6519.56,APPROVED
R00034,S010670,20/08/2024,P0333,C00540,Not As Described ,-1,810.49,Rejected
R01064,S002184,2025-11-15,P0076,C00390,late delivery  ,1,2123.10,refunded  
R02717,S010070,07-04-2024,P0045,C00834,Damaged in Shipping,4,3343.22,Pending
R00197,S017191,10/04/2024,P0429,C00149,Late Delivery,1,527.45,Approved
R01331,S015779,"Jan 24, 2024",P0156,C00470,DEFECTIVE,1,249.97,Rejected
R00017,S007896,2023-07-26,P0081,C00732,Not  as Described,1,1179.19,Pending
R01158,S007679,28/04/2023,P0111,C00167,Defective,2,1134.16,Pending
R02725,S007818,"Apr 15, 2025",P0188,C00029,late delivery,1,null,PENDING
R01038,S005563,"Jan 31, 2024",P0286,C00286,Not As Described ,1,317.78, REJECTED
R01163,S007307,2023-06-04,P0097,C00162,Defective,2,1442.74,Rejected  
R01982,S001355,2023-12-03,P0002,C00113,Damaged,1,50.78,Refunded  
R02799,S017232,2024-07-24,P9666,C00472,Defective,1,320.70, Pending
R02159,S008166,2024-01-21,P0378,C00384,  Better Price Elsewhere ,1,$147.35,Approved
R01657,S010417,2025-05-23,P0048,C00896,Not as Described,1,798.12,Refunded
R00328,S007785,2024-06-25,P0270,C00193,wrong item,3,1166.97,APPROVED
R01427,S015878,2025-01-01,P0473,C00500,Wrong  item sent,1,1227.19,Refunded
R01641,S013201,2024-04-17,P0046,c00099,Damaged in Shipping,4,5820.98,Approved
R00007,S009424,2025-08-09,P0141,C00809,Changed Mind,1,97.42,Refunded
R00673,S012520,12/10/2024,P0347,C00839,better price elsewhere,1,507.91,Rejected
R02201,S009212,08-11-2024,P0444,C00145,,4,$563.74, Approved
R01801,S006183,07-01-2024,p0130,C00469,  Late Delivery ,3,3942.82,Approved
R02853,S008207,23/10/2023,P0333,C00382,Wrong Item,1,$818.43,Approved
R00188,S013043,09/09/2024,P0465,C00700,Not As Described ,1,$108.34,Rejected
R00362,S003863,20/12/2025, P0471 ,C00039,CHANGED MIND,1,186.59,Pending
R01852,S009764,2024-12-31,P0370,C00625,Wrong item sent,1,370.61,Pending
R00047,S017083,2025-05-21,P0044,C00315,Wrong Item,2,776.58,REFUNDED
R02523,S018924,2024-04-12,P0391,C00777,better price elsewhere,1,406.27,Rejected
R02579,S015766,04-07-2025,P0118,C00247,  Better Price Elsewhere ,1,190.07,Rejected
R01577,S010831,30/01/2025,P0189,C00310,null,1,141.36,Pending  
R02511,S000592,2025-12-09,P0094,C00415,not as described,1,373.03,Approved
R01364,S013868,2023-03-27,P0043,C00905,Late Delivery,1,322.39,rejected
R00319,S005599,11-06-2025,P0024,C00515,Better Price Elsewhere  ,1,685.85,REJECTED
R00240,S016893,06/04/2025,P0019,C00057,  damaged in shipping ,2,2912.12,Pending
R00061,S014362,05-03-2023,P0031,C00108,,2,1282.01,Approved
R00730,S009828,2024-12-05,P0340,C00093,Wrong item sent,1,180.94,Rejected
R00931,S018055,2025-06-30,P0312,C00136,Better Price Elsewhere,1,2124.05,REJECTED
R01374,S009088,2023-02-28,P0092,C00737,Damaged in Shipping  ,1,$246.00,APPROVED
R00667,S016909,18/12/2025,P0170,C00086,damaged in shipping,1,521.56,Refunded
R00607,S011335,01-26-2023,P0187,C00518,Wrong Item,1,1901.72,Approved
R01276,S009308,2024-02-28,P0238,C00408,Wrong Item,3,817.36,PENDING  
R02218,S017915,2024-09-18,P0306,C91050,Changed Mind,3,"$1,045.05", Approved
R01202,S017143,2025-02-07,P0393,C00558,Better Price Elsewhere,1,1048.96,Approved
R00368,S008808,08-09-2025,P0190,C00427,Wrong Item,1,$746.44,Pending
R00947,S016892,"Jul 12, 2023",P0376,C00311,Wrong Item,1,443.12,PENDING
R02733,S010490,2024-10-04,P0032,C00062,Late Delivery,1,78.30,rejected
R01309,S008346,27/02/2025,P0394,C00795,Changed Mind,NULL,$132.98,refunded
R02157,S019541,2024-01-25,P0272,C00803,DEFECTIVE,1,252.48,Rejected
R01779,S013171,2024-05-02,P0049,C00761,Damaged in Shipping,5,3526.01,REJECTED
R01831,S017976,"Apr 16, 2025",P0366,C00514, Defect,4,1426.53,REJECTED  
R02869,S008879,2023-11-28,P0340,C90316,DEFECTIVE,1,$150.07,rejected
R01034,S005675,2025-12-31,P0448,C00552,Wrong Item,,255.51,Pending
R00324,S013265,2024-09-06,P0016,C00247,not as described,3,5106.29,Refunded
R00121,S013634,2024-06-27,P0041,C00880,Late Delivery,3,1369.86,Rejected
R01031,S007338,2025-06-28,P0282,C00158,Defective  ,2,956.47,REJECTED
R00675,S005056,NULL,p0162,C00055,Not as Described  ,3,4193.04,REJECTED
R01803,S009416,2024-01-08,P0187,C00187,defective,4,"$7,020.14", pending
R00141,S016943,"Dec 31, 2025",P0462,C00770,Defective,-2,1536.34,Pending
R00981,S978671,02-05-2025,P0321,C00380,Faulty,1,303.39,REJECTED
R02847,S009894,2023-02-28,P0425,C00287,Faulty,2,1121.07,Approved
R01570,S017836,2025-10-08,P0099,C00382,Damaged,4,2170.98,Refunded
R02225,S007123,2023-08-20,P0260,C97482,Changed Mind,1,176.65,Approved
R02255,S002746,28/08/2023,P0451,C00606,Defective,2,604.22,Approved
R02625,S011102,2024-01-20,P0037,C00444,Late Delivery,3,1024.50,REFUNDED
R00327,S003434,2025-07-06,P0197,C00222,Changed Mind,1,$800.69,Rejected
R01344,S019380,2024-09-08,P0291,C00916,wrong item,2,104.41,Rejected
R00884,S007407,03/03/2025,P0387,C00555, Defective,4,6476.50, Rejected
R00212,S010277,09-14-2023,P0160,C00804,defective,2,879.37,REJECTED
R00403,S000899,2023-09-21,P0245,c00811,Changed  Mind,3,"$1,917.74",Rejected
R01689,S006714,"Nov 15, 2023",P0062,C00455,Better Price Elsewhere,1,71.68,Rejected
R02359,S014191,"Mar 18, 2025",P0076,C00903,Defective,1,"$2,354.60",Approved
R01599,S012596,2024-12-04,P0460,C00127,Late Delivery,4,145.00,Approved
R01977,S014809,2023-12-24,P0040,c00078,Changed Mind,4,5983.68,Refunded
R00883,S013699,NULL,P0121,C00808,Wrong Item,NULL,1340.17, Pending
R02324,S001255,31/12/2025,P0433,C98720,Not As Described   ,1,478.08,Approved  
R02759,S956480,2024-12-18,P0025,C00940,Defective,2,894.54,Rejected
R01851,S008117,2025-03-25,P0324,C00275,damaged in shipping,1,329.01,Refunded
R01393,S006811,2024-06-22,P0473,C00729,CHANGED MIND,2,2145.88,Pending
R02037,S968725,2025-05-01,P0367,C00066,Better Price Elsewhere,1,220.29,Refunded
R01424,S013967,2025-12-31,P0088,C00637,changed mind,1,331.87,Pending
R01616,S011864,2023-07-01,P0123,C00465, Changed Mind,1,878.41, Approved
R02064,S009023,"Nov 03, 2025",P0222,c00726,damaged in shipping,1,1469.05,PENDING
R00355,S003915,2024-01-23,P0381,C00082,better price elsewhere,3,"$2,226.25",PENDING
R00302,S012765,2025-11-26,P0440,C00700,defective,1,391.37, PENDING
R00044,S015266,27/11/2025,P0209,C00273,Better Price Elsewhere,1,$48.91, Pending
R01332,S005520,2023-04-21,P0197,C00775,Late Delivery,-2,null,rejected
R01437,S008684,2025-02-07,P0299,C00709,better price elsewhere,2,781.10,Pending
R00246,S010938,"Jan 19, 2025",P0400,C00083,Damaged in Shipping,1,633.09,Refunded
R02335,S007159,,P0189,C00241,Late Delivery,1,137.60,approved
R02877,S019498,2025-04-09,P0306,C00476,Not As Described ,1,391.83,NULL
R02334,S004682,2024-04-27,P0092,c00166,wrong item,1,$260.99,Rejected
R00264,S008278,"Dec 31, 2025",P0135,C00820,changed mind,1,26.43,Approved  
R00961,S018625,2024-06-01,P0414,C00313,Damaged,2,$848.00,rejected
R00692,S010780,14/10/2025,P0121,C00005,Defect,2,897.95,REJECTED
R00674,S005608,2023-03-01,P0331,C00057,Wrong Item  ,3,2351.44,Approved
R01526,S003960,2024-10-01,P0136,C00156,null,2,336.94,Rejected
R01926,S016125,2024-04-25, P0322 ,C00786,  Late Delivery ,1,147.81,approved
R02185,S018631,07-13-2024,P0079,C00168,Late Delivery,1,165.23,APPROVED  
R00452,S019485,10-24-2025,P0042,c00743,better price elsewhere,1,$365.33,REFUNDED
R00382,S000949,2023-03-03,P0432,C00859,Wrong Item,4,5144.81,Refunded
R01210,S016740,2023-06-23,P0161,C00625,Better Price Elsewhere,1,687.71,Refunded
R02876,S009182,2024-04-04,P0036,C00506,late delivery,1,$242.77,pending
R00396,S008545,2023-05-19,P0438,C00315,Wrong Item,1,437.10,Pending
R02730,S011118,26/11/2024,P9382,C00431,,3,1536.86,Refunded
R01541,S011064,2025-03-12,P0274,C00746,Better Price Elsewhere,2,1641.63,null
R02859,S016005,NULL,P0387,C91437,Late Delivery,2,3962.62,Pending
R02180,S019129,2025-03-03,P0205,C00454,not as described,2,5569.30,PENDING
R01246,S013470,2023-03-19,P0356,C00196,Wrong Item,3,"$2,099.54",Pending
R01146,S018903,2024/11/18,P0324,C00714,Damaged in Shipping,5,1933.56,approved
R00716,S009744,2024-07-13,P0320,C00822,Wrong Item,1,516.57, Pending
R01827,S017192,2024-11-22,P0279,C00624 ,Defective,3,"$3,638.46",approved
R01375,S000742,2023-11-07,P0321,C00237,Late Delivery,1,327.37,Refunded
R02834,S005264,2023-12-23,P0263,C00564,better price elsewhere,,2304.45,refunded
R01454,S009892,2025-04-30,P0026,C00624, Changed Mind,1,187.29,Refunded
R01958,S018486,04-04-2025,P0155,C00859,Changed Mind,2,744.49,Approved
R02171,S015890,02/03/2024,P0162,C00283,,1,NULL,Approved
R00835,S014040,2025-03-04,P0454,C00838,CHANGED MIND,1,375.03,Rejected
R02389,S000446,"Aug 03, 2023",P0006,C00884 ,changed mind,1,683.13,Approved
R00540,S010807,2025-09-14,P0141,C00431,Wrong Item,N/A,95.88,Approved
R02006,S019041,2024-03-03,P0145,c00150,defective,1,379.53,Rejected
R01842,S010310,2024-04-03,p0328,C00337,Defect,1,$221.59,Approved
R01671,S018459,"Mar 08, 2025",P0446,C00657,changed mind,1,$137.44,REJECTED
R01343,S003205,2024-04-22,P0476,C00838,Wrong Item,1,1409.97,Approved
R01660,S018991,2023-03-29,P0205,C00913, Not as Described,1,2564.87, approved
R00091,S005246,2025-04-08,P0144,C00788,late delivery  ,5,5776.44,REJECTED
R00624,S009977,"Jan 30, 2024",P0030,C00246,Damaged in Shipping,1,$196.41,Refunded
R00895,S000370,2025-10-03,P0260,C00466,Damaged,3,642.39,  PENDING 
R01866,S017173,2025-12-09,P0123,C00633, Damaged in Shipping,1,$834.94,rejected
R01199,S001583,2023-11-11, P0364 ,C00183,Better Price Elsewhere,2,1857.09, Approved
R02823,S016999,,P0172,C00733,Changed Mind,2,2758.84,refunded
R00613,S004501,2025-04-07,P0309,C00656,Better  Price Elsewhere,2,$709.70,Pending  
R01259,S001233,2024-12-30,P0424,C00889,CHANGED MIND,2,728.75,Rejected
R01735,S010482,2024/10/28, P0184 ,C00051,Changed Mind,3,6749.79,Approved
R02658,S000813,2024-09-01,P0370,C00775,Late Delivery,2,911.61,approved
R02743,S010191,2025-01-10,P0308,C00588,Defective,1,787.27,REFUNDED
R00381,S016998,07/09/2024,P0417,C00730,Defective,4,7968.87,PENDING
R01310,S018830,31/12/2025,P0387,C00234,Better  Price Elsewhere,-2,3922.08,Refunded
R00048,S015315,2023-12-05,P0409,C00930,Better Price Elsewhere,1,950.03,Approved
R01506,S001273,2024-12-14,P0179,C00238,Wrong Item,1,57.94,REJECTED
R00053,S001076,2025-12-31,P0446,C00310,late delivery,4,483.59,Refunded
R02491,S016799,2024-08-09,P0105,C00755,Damaged in Shipping,1,485.51,N/A
R02234,S017754,2023-09-23,P0013,C00357,Better Price Elsewhere,1,651.87,approved
R00978,S003796,2024-06-16,P0412,C00698,Damaged in Shipping,3,248.42,approved
R00697,S010409,2024/07/11,P0155,C00670,Better Price Elsewhere,4,1571.56,Rejected
R01655,S017652,11/10/2023,P0424,C00704,Defect,2,$694.65,Refunded
R00236,S005151,2023-04-18,P0109,C00728,Late Delivery,,N/A,Approved
R01497,S012244,23/08/2024,P0285,C00876,Late Delivery,1,125.38,Approved
R02824,S019136,03-06-2025,P0048,C91859,Changed Mind,3,2220.20,APPROVED
R01339,S004201,2023-02-12,p0184,C00174,better price elsewhere,1,1956.46,Refunded
R01498,S019327,10-11-2025,P0218,C00021, Damaged in Shipping,1,1818.42,Refunded  
R02128,S013950,2025-02-28,P0436,C00543,Better Price Elsewhere,3,1454.61,Pending
R01100,S013440,31/05/2025,P0094,C00843,Wrong item sent,2,$862.59,Refunded
R01946,S015701,2025/08/27,P0284,C00380,Not As Described ,2,4402.58,approved
R01845,S019423,2024-10-28,P0302,C00515,Not as Described,1,,Refunded
R02817,S007507,2023-04-04,P0370,C00856,Wrong Item,1,374.82,Pending
R02500,S001336,02/07/2023,p0439,C00062,Late Delivery,1,891.84,Approved
R02085,S006225,2024-09-07,P0286,C99427, Changed Mind,1,352.72,Rejected
R00880,S004980,2025-01-10,p0272,C00261,Damaged in Shipping,3,$796.20, Approved
R01847,S013111,2025-03-15,P0198,C00226,damaged in shipping,-1,759.63,rejected
R00175,S000517,"Jul 23, 2025",P0446,C00068,Damaged in Shipping,1,144.29,Pending
R02508,S002907,12-31-2025,P0106,C00494,damaged in shipping,2,,PENDING
R00419,S934534,04-02-2025,P0331,C00602,better price elsewhere,1,887.77,pending
R01525,S008312,2023-06-02,P0129,C00515,,1,238.07,Approved
R00113,S017584,2024-02-19,P0086,C00826,Defect,3,2641.95,PENDING
R00416,S006755,2025-12-22,P0267,C00239,changed  mind,1,"$2,293.53",Pending
R01628,S009507,2023-09-05,P0026,C00118,Not as Described,1,NULL,Rejected
R00812,S019591,12-01-2025,P0202,C00156,Not As Described ,1,720.53,null
R02777,S011071,22/12/2025,P0242,C00281,,1,null,Rejected
R00706,S011044,2023-07-29,P0214,C00087,Not as Described,3,1496.98,Refunded
R01792,S016359,2025-06-25,P0365,C00821 ,Better Price Elsewhere,2,228.42,rejected
R02388,S017951,29/12/2023,P0476,C00654,changed mind,1,1548.54,rejected
R01712,S007508,29/04/2025,P0443,C00451, damaged in shipping,1,441.27,Pending
R00341,S015712,2024-08-22,P0386,C00116,Changed Mind,1,914.12,Refunded
R01891,S000380,2024-12-02,P0403,C00424,Defective,2,4576.49,  Pending 
R00454,S009991,2025-08-22,P0321,C00543,Late Delivery,1,333.89,REFUNDED  
R00942,S002295,2025-03-19,P0222,C00434,Not As Described ,1,1497.08,Rejected
R01007,S009417,2023-12-23, P0369 ,C00725,Damaged in Shipping,1,881.67,Pending  
R00737,S003192,2025-12-31,P0119,C00822,  Changed Mind ,1,"$1,283.42",approved
R02125,S016690,12-13-2024,P0465,C00413,Defective,3,341.87,Pending
R00700,S015951,2024/02/01,P0247,C00479,Damaged in Shipping,1,559.20,Rejected
R00849,S010663,2024-12-13,P0254,C00784,Wrong Item,1,386.96,
R02602,S001531,2023-02-25,P0218,C00297,Late Delivery  ,-2,"$3,086.56",approved
R02572,S004604,2024/02/19,P0379,C00755,null,1,2439.96,Approved
R01899,S015654,2024-04-23,P0210,C00022,better price elsewhere,1,185.42,REJECTED  
R02465,S000960,2023-09-04,P0274,C00780,Faulty,1,889.13,Pending
R00830,S018240,"Sep 24, 2025",P0105,C00252,Not as Described,1,420.68,rejected
R00285,S019387,2024-02-03,P0069,C00676, Not as Described,1,200.09,refunded
R02167,S015369,2024/10/04,P0193,C00777,Better Price Elsewhere,2,1093.67,Rejected
R01834,S001405,2024-09-02,P0400,C00861,damaged in shipping,4,2126.36,Pending
R00789,S018977,2023-09-13,P0011,C00015 ,Changed Mind,1,124.09,Rejected
R02184,S012580,2023-06-23,P0142,C00070,Wrong Item,1,263.21,refunded
R00847,S001157,2023-11-07,P0275,C00250,Not As Described ,1,243.07,Refunded
R01571,S007618,2024-04-09,p0334,C00420,changed mind,-1,971.13,Refunded
R02330,S018667,31/12/2025,P0146,C00114,CHANGED MIND,2,885.37,Rejected
R01479,S002212,2024-07-01,P0446,C00488,not as described  ,2,259.09,Rejected
R01741,S019545,2025-08-05,P0169,C00349,Not as Described,1,971.32,N/A
R02008,S010106,19/08/2024,P0193,C00601,Defective,1,640.90,REFUNDED
R02072,S006820,2025-10-09,P0008,C00178,changed mind,1,1135.48,Rejected
R02181,S002405,2023-08-18,P0345,C00704,Damaged in Shipping,NULL,$297.00,Rejected
R02622,S003967,2024-04-09, P0333 ,C00934,Not  as Described,4,3186.21,Refunded
R01406,S008526,05-06-2025,P0001,C00265,damaged in shipping,,251.71,Rejected
R01644,S003429,2024-05-15,P0308,C00571,CHANGED MIND,1,$799.55,Rejected
R00414,S016023,16/04/2024,P0421,C00442,Wrong Item,1,$109.96,Rejected
R00769,S010533,"Nov 18, 2023",P0444,C00854,Defective,5,673.63,Refunded
R02460,S016741,2025-09-17,P0111,C00894, Wrong Item,1,561.14, Approved
R00896,S018747,2023-10-07,P0348,C00669,Better Price Elsewhere,5,878.29,PENDING
R01558,S006232,2025-11-11,P0379,C00584,late delivery  ,2,"$4,515.64",Rejected
R00940,S017052,"Apr 19, 2025",P0083,C00332,Changed Mind,1,610.75,REFUNDED
R02291,S011490,2024-01-11,P0248,C00393,,4,356.53,Approved
R02683,S009321,2023-07-27,P0232,C00559,Better Price Elsewhere,null,$319.98,Refunded
R00390,S019411,2025-08-31,P0121,C00837,Better Price Elsewhere,1,$372.88,Refunded
R00297,S010269,2023-10-14,P0200,C00341,Not as Described,1,576.43,pending
R02920,S011394,2023-06-04,P0308,C00131,changed mind,1,821.74,Refunded
R02647,S014619,"Jul 25, 2024",P0190,C00831,Changed Mind,1,661.48,Approved
R00588,S003067,2025-01-03,P0290,C00439,changed mind  ,2,1758.88,Refunded
R01743,S017832,2024-01-07,P9948,C00257,Wrong item sent,1,$582.70,Pending
R02245,S007856,"Jul 02, 2023",P0381,C00783,Better Price Elsewhere  ,1,655.06,refunded
R00904,S012044,"Nov 28, 2024",P0440,C00909,Better Price Elsewhere,3,"$1,255.88",Refunded
R00448,S016584,2025/05/15,P0143,C00290,Defective,1,1760.37,Refunded
R01557,S001111,"Mar 09, 2023",P0471,C00798,better price elsewhere,1,164.80,pending
R01010,S002114,2024-03-30,P0229,C00750,Better Price Elsewhere,1,561.79,Approved
R00466,S010795,2025-12-24,P0306,C00242,Wrong Item  ,1,396.70,Approved
R01690,S004074,2024-03-23,P0212,C00133,Wrong Item,1,1461.93,Refunded  
R02883,S000201,2024-08-10,P0161,C00688,Late Delivery,1,739.61,Rejected
R00158,S003695,04/04/2023,P0069,C00742,Wrong Item,1,205.42,Approved
R01422,S004400,"Sep 27, 2023",P0083,C00139, late delivery,4,"$2,388.43",PENDING
R02629,S007880,2025-06-20,P0356,C00913,Damaged in Shipping,1,$679.14,Approved
R02079,S009322,2024-05-25,P0102,C00766,Defective,1,2194.23,NULL
R00120,S007296,2023-11-06,P0361,C00231,Defect,1,251.19,Refunded
R02427,S008163,20/08/2024,P0111,C00396,Damaged  ,4,2362.48,approved
R01711,S011726,2025-06-30,P0432,C00302,N/A,1,"$1,092.67",REJECTED
R00893,S016342,2025/03/12,P0386,C00433,damaged in shipping,1,752.95,Approved
R00177,S000990,"Nov 15, 2023",P0025,C00808,changed mind,1,$540.47,Refunded
R00821,S001596,2024-08-04,P0251,C00110,Not as Described,3,4803.43,Pending
R02266,S003513,2024-11-19,P0088,C00687,  better price elsewhere ,1,370.75,refunded
R00474,S018837,19/05/2023,P0283,C00112,Changed Mind,2,964.32, Approved
R02648,S016229,2024-03-26,P0146,C00101,changed mind,1,429.69,Approved
R02119,S018583,2023-06-02,p0055,C00200,better price elsewhere,1,1881.75,Pending
R02530,S011117,2023-08-06,P0462,c00238,Changed Mind,1,762.47,Approved
R00747,S016117,2023-09-27,P0185,C00348,NULL,2,$408.79,rejected
R01693,S009936,"May 18, 2024",P0149,C00679,late delivery,1,,Approved
R02814,S008744,2024-05-08,P0359,C00918,Better Price Elsewhere,1,142.38,Refunded
R02316,S003367,2024-07-07,p0247,C00527,Changed Mind  ,1,$587.50,Rejected
R02172,S002647,2025-07-16,P0016,C00069,,1,1554.63,Pending
R02828,S004183,2023-03-24,P0242,C00536,damaged in shipping,1,40.30,PENDING
R02682,S006338,2023-11-26, P0243 ,C00705,Wrong Item,3,637.73,Rejected
R01229,S002368,2025-08-23,P0184,C00457,Late Delivery,1,2170.98,REFUNDED
R00054,S014478,11/10/2025,P0246,C00069,Wrong Item,-2,$793.74,null
R02808,S008911,2023-04-16,P0441,C00335,Not As Described ,2,1615.75,Approved
R00298,S003690,2024-10-07,P0086,C00507,Changed Mind,-1,921.58,pending
R02326,S009113,"Nov 28, 2025",P0204,C00472,Damaged in Shipping,1,882.12,Pending
R01242,S000139,2024-12-02,P0174,C00463,Late Delivery,1,345.11,Refunded  
R02295,S017308,2023-07-21,P0252,C00579,Late Delivery,1,336.37,Rejected
R01658,S012962,2025-09-16,P0320,C00923,Better Price Elsewhere,1,503.58,Pending
R01354,S005768,2025-01-05,P0179,C00396,Wrong  item sent,1,57.22,Refunded
R02062,S009901,2025-07-01,P0319,C00064,Damaged,1,277.77,approved
R00066,S011190,09-01-2025,P0150,C00518, damaged in shipping,1,758.26,refunded
R01324,S001182,2023-10-11,P0181,C00663,wrong item,2,1503.36,Refunded
R01925,S005942,2025-05-22,P0284,C00638,Better Price Elsewhere,-2,3862.81,Refunded
R01512,S004115,05-02-2025,P0050,C00107,DEFECTIVE,1,$168.18,Refunded
R00183,S013421,26/07/2024,P0041,C00588,wrong item,-1,566.26,Approved
R02100,S009129,2023-09-25,P0245,C00353,Wrong Item,1,$583.49,Pending
R01370,S008401,2025-12-31,P0247,C00452,null,1,$523.80,Approved
R00311,S004152,"Jul 11, 2023",P0253,C00249,Late Delivery,3,$465.76,Pending  
R00488,S016615,2025-10-29,P0065,C00815,Damaged in Shipping,2,835.29,  Approved 
R01120,S019089,2024-05-20,P0420,C00650,Better Price Elsewhere,5,"$1,583.57",Approved
R02557,S004380,2023-12-21,P0094,C00338,Wrong Item,2,$820.52,NULL
R01196,S004895,NULL,P0437,C00055,Changed Mind,1,178.29,Refunded
R00335,S005964,2024-09-13,P0182,C00541,Better Price Elsewhere,3,704.23,Pending
R00911,S005131,2023-08-08,P0080,C00767,Faulty,3,785.97,Rejected
R01182,S008510,2025-06-03,P0002,C00495,,1,59.52,Pending
R01118,S006469,2025-02-05,P0071,C00592,Better Price Elsewhere  ,3,"$2,002.66", refunded
R01040,S013085,2024-01-23,P0151,C00668,damaged in shipping,3,1899.00,Pending
R01835,S001234,2025-09-18,P0189,C00530,Better Price Elsewhere,3,452.32,Refunded
R00788,S016418,2023-09-05,P0438,C00640,defective,2,906.80,  Refunded 
R01220,S007767,2025-02-03,P0142,C00397,Late Delivery,1,265.26,APPROVED
R02099,S004915,2025-12-26,P0110,C00421,Wrong Item,2,"$1,825.24",Approved
R00819,S009997,"Aug 31, 2025",P0426,C00309,Not as Described,3,4257.05,Approved
R00876,S000561,2023-05-09,P0161,C00020,Better Price Elsewhere,-1,799.58,Approved
R01440,S011884,19/12/2024,P0031,C00917,  Changed Mind ,1,657.12,Approved
R01965,S013263,,P0335,C00293,Late Delivery,2,573.28,Rejected
R02778,S004683,2023-01-20, P0227 ,C00194,Damaged in Shipping,1,213.49,APPROVED
R02855,S004675,2024-07-13,P0250,C00849,DEFECTIVE,3,"$1,825.92",approved  
R00925,S010408,27/05/2023,P0133,C00040,wrong item,1,32.99,REJECTED
R02290,S006280,2024/10/06,P9013,C00359,better  price elsewhere,1,207.98,APPROVED
R02792,S006645,2024/07/17,P0089,C00738,Not as Described,3,2699.57,rejected
R02765,S002490,2025-09-30, P0100 ,C00748,Wrong item sent,1,2127.33,approved
R00365,S006190,2023-05-08,P0042,C00763,Not as Described,1,373.06,PENDING
R00453,S015931,2025-09-08,P0206,C00243,damaged in shipping,1,341.09,Refunded
R02796,S017864,2025-07-04,P0044,C00318,changed mind,1,431.45,Rejected
R00534,S012918,10/07/2025,P0369,C00692, Defect,1,995.53,Rejected  
R01864,S008220,05-02-2025,P0163,c00132, Not as Described,1,$578.61,Pending
R02695,S001924,2025-06-21,P0459,C00293,wrong item,-3,846.64,Approved
R00023,S000014,2024-01-09,P0073,C00072,Not As Described   ,1,N/A,REJECTED
R02803,S003318,"Mar 08, 2024",P0351,C00320,late delivery,2,842.30,Refunded
R01256,S016681,2025-08-14,P0074,C00009,Damaged in Shipping,1,533.11,refunded
R02251,S001497,2025-12-02,P0244,C94619,defective,1,2358.40,Refunded
R01945,S016124,2023-05-09,P0347,C00798,Late Delivery,1,$610.35,Approved
R00886,S017544,2023-09-03,P0285,C00166,Wrong Item,1,$127.24,Pending
R00545,S008957,2025-04-10,P0386,C00120,Faulty,5,"$4,382.69",Refunded
R02644,S010921,2024-03-15,P0120,C00885,Changed Mind,1,601.89,APPROVED
R00505,S015094,"Dec 21, 2024",P0243,C00549, Better Price Elsewhere,2,517.64,Pending
R02826,S008767,08/11/2024,p0317,C00444,Late Delivery,1,"$2,237.72", Approved
R00071,S007315,2024-08-27,P0211,C00386,Not As Described ,-3,1817.87,Approved
R00401,S005669,2024-12-12,P0117,C00228 ,late delivery,-3,"$2,273.16",REFUNDED
R01166,S011571,2023-05-14,P0095,C00120,Not As Described ,1,"$2,029.45",  refunded 
R02582,S008145,2024-12-12,P0376,C00295, changed mind,3,1525.81,Approved
R00687,S012512,2025-02-15,P0102,C00496,Defective,-1,2132.60,REJECTED
R02023,S001097,04-16-2024,P0465,C00316,Defective,3,352.25,Pending
R01037,S006366,2025-03-11,P0096,c00616,not as described,2,203.55,Rejected  
R01789,S005057,"Aug 19, 2024",P0111,C00681,CHANGED MIND,4,2303.66,Approved
R01619,S013895,NULL,P0442,C00195,Damaged,1,265.68,Refunded
R02690,S018945,2025-12-16,P0028,C00460,Late Delivery,1,1633.99,Rejected
R01590,S003258,2024-10-20,P0243,C00871,better  price elsewhere,4,962.26,pending
R00155,S008409,2024-03-25,P0235,C00598,Not as Described,1,224.42,Approved
R00038,S006574,2025-04-05,P0298,C00569,late delivery  ,1,172.78,Rejected
R01889,S016236,09-19-2023,P0024,c00586,Damaged in Shipping,1,$582.16,  approved 
R01610,S014466,07-23-2024,P0362,C00894,better price elsewhere  ,4,2214.64,REJECTED
R01227,S007868,2024-09-03,P0388,C00116,defective,1,103.36,Rejected
R02558,S008089,"Oct 28, 2024",P0087,C00160,Defective,1,884.46,Rejected
R02835,S010419,"May 12, 2025",P0425,C00374,Better Price Elsewhere,1,$545.98,Approved
R00761,S009238,2024-04-08,P0302,C00165,Not As Described ,3,"$1,118.29",REJECTED
R01906,S010369,06/02/2024,P0088,C00388,Not as Described,1,$401.59,APPROVED
R01578,S002054,2023-02-05,P0059,C00400,Better Price Elsewhere,1,$340.61,Approved
R02472,S013045,2025-07-16,P0337,C00231,Wrong Item,4,3377.17,Approved
R01592,S002097,2025-06-16,P0007,C00528,Wrong Item,,NULL,N/A
R00959,S003070,2023-03-02,P0345,C00225, Late Delivery,1,271.40,REFUNDED
R00305,S000499,2025-12-31,P0465,C00400,Not As Described ,1,119.66,Rejected
R02923,S011839,2024-10-31,P0209,C00165, Changed Mind,1,49.40,Approved
R00395,S004605,2024/10/13,P0360,C00853,CHANGED MIND,1,"$2,232.50",Approved
R02580,S005859,2023-03-11,P0279,C00408,Not As Described ,1,1186.67,APPROVED
R02458,S011686,2024-04-25,P0472,C00910,Not As Described   ,1,249.04,Rejected
R00187,S005037,2024-07-26,P0065,C00086,Not as Described,1,398.33,Rejected
R02564,S006812,2023-12-18,P0449,C00611,Damaged in Shipping,2,,Rejected
R02252,S003007,04/02/2024,P0201,C00948,not as described,1,1089.50,REFUNDED
R00557,S002982,2025-10-09,P0327,C00679,Not as Described,1,N/A,Approved
R00198,S006447,2023-07-16,P0425,C00926,better price elsewhere,2,1247.93,Approved
R01789,S005057,"Aug 19, 2024",P0111,C00681,CHANGED MIND,4,2303.66,Approved
R01429,S959819,2024-01-08,P0380,c00265,changed mind,3,4354.79,refunded
R02887,S013312,2024-10-22,P0078,C00320,Wrong item sent,4,"$1,672.26",REFUNDED
R00082,S001258,07-10-2023,p0051,C00298,Late Delivery,1,194.63,Approved
R01398,S005098,2024-09-27,P0049,C00616, Late Delivery,1,804.84,pending
R00581,S012068,30/09/2024,P0247,C00937, CHANGED MIND,5,2742.89,REJECTED
R01667,S014449,2023-07-07,P0279,C00340,Better Price Elsewhere,2,2433.15,Pending
R02303,S013309,2023-12-22,P0234,C00455,wrong item,4,3535.36,Approved
R02815,S005877,2023-03-07,P0122,C00202,Late  Delivery,2,440.92,Approved
R01575,S005122,NULL,P0291,C00705 ,Not As Described   ,1,50.13,Pending
R01026,S018373,01-11-2024,P0116,C00158,Wrong item sent,2,530.45,Pending
R01113,S005878,22/07/2023,P0477,C00072,Wrong item sent,1,773.87,Pending
R02350,S008599,2025-09-27,P0341,C00397,wrong item,1,196.22,Approved
R02106,S002854,2023-05-03,P0234,C00232,Wrong Item,1,908.43,Rejected
R01796,S006291,2023-04-25,P0407,C00627,Faulty,1,545.79,Rejected
R00166,S010464,2023-03-15,P0440,C00175,Changed Mind,1,$399.54,Refunded
R01273,S001817,2023-11-13,P0066,C00083,Late Delivery,1,$357.41,PENDING
R00971,S005613,2025-06-08,P0181,C00465,Better Price Elsewhere,1,739.45,Approved
R01082,S007891,"Jan 04, 2024",P0439,C00742,Not as Described,4,3387.58,Rejected
R00473,S012195,2023-10-22,P0477,C00121,wrong item,1,$844.07,Refunded
R00429,S002600,2025-05-22,P0128,C00272,wrong item,1,"$2,147.02",Approved
R00922,S008716,"Mar 25, 2023",P0056,C00798,Not As Described ,1,620.70, Rejected
R02526,S005651,2025-09-13,P0371,C00487, Late Delivery,2,613.26,Pending  
R00089,S003988,05/03/2025,P0456,C00893,Late Delivery,1,N/A,Refunded
R01666,S018624,2024-03-22,P0467,C00255,Wrong Item,1,210.00,REJECTED
R01761,S001365,2025-07-18,P0021,C00947,late delivery  ,1,404.22,Refunded
R01340,S005219,2023-03-23,P0214,C00618, Not as Described,1,532.09,REJECTED
R01573,S017608,2025-07-14,P0360,C00478,Wrong Item,1,2094.72,Pending
R00204,S002562,2023-05-08,P0134,C00512,Wrong Item,1,1846.26,REFUNDED
R02137,S000594,2024-06-17,P0122,C00177,Better Price Elsewhere,1,246.49,Refunded
R02380,S001305,08-30-2023,P0103,C00447,Not as Described,2,473.62,Approved
R01169,S016030,2023-10-01,P0012,C00485,late delivery  ,1,83.64,Pending
R02205,S014758,2024-02-06,P9212,c00947,Damaged,2,1621.09,Pending
R01079,S004231,2023-10-31,P0477,C00047,not as described,3,2604.43,refunded
R00492,S005500,2024-06-11, P0367 ,C00123,Defect,1,212.72,Pending
R00503,S009844,"Aug 30, 2025",P0355,C00371,better price elsewhere,4,"$1,046.04", Pending
R01897,S008479,10-22-2023,P0334,c00056,not as described,1,978.40,rejected
R00627,S002407,2024-12-06,P0012,C00519, CHANGED MIND,1,77.46,pending
R01325,S007027,2024-08-15,P0360,C00429,Wrong item sent,3,5272.10,refunded
R02077,S009661,09/08/2025,P0215,C00355,better price elsewhere,1,1411.48,Refunded
R01193,S012844,2024-10-12,P0351,C00379,Late Delivery,1,409.61,REJECTED
R01173,S015336,25/12/2023,P0475,C00432,late delivery,1,353.18,refunded
R02547,S004519,2024-12-06,p0035,C00096,CHANGED MIND,4,742.20,Refunded  
R02199,S015881,04/04/2023,P0407,C00150,not as described,5,3220.82,PENDING
R02549,S011751,2025-05-10,P0135,C00693,Not as Described,5,146.28,approved
R02080,S003916,2023-11-19,P0080,c00188,Changed Mind,1,$210.83,Approved
R00005,S005160,11/06/2024,P0062,C00155,defective,1,$69.19,refunded
R00844,S017365,2025-11-10,P0086,C00200,Late Delivery,1,846.21,APPROVED
R01115,S012806,2025-10-11,P0381,C00549, Changed Mind,2,"$1,398.74",Rejected
R00483,S005418,09/04/2025,P0010,C00853,Wrong item sent,1,411.72,Rejected
R02652,S017281,27/01/2024,P0004,C00385,Changed Mind,1,569.57,Pending
R00462,S002026,2024-04-25,P0342,C00308,N/A,1,57.05,Approved
R01017,S005826,2023-06-30,P0195,C00419,Not As Described ,N/A,$919.15,PENDING
R00887,S999416,"Jan 04, 2024",P0354,C00185,better price elsewhere,1,$535.18,Refunded
R01124,S005068,2024-01-06,P0408,C00878,Changed Mind  ,1,918.92,Approved
R00450,S000183,2024-04-30,P0074,C00917,wrong item,null,1386.27,PENDING
R02461,S004187,2024-05-13,P0294,C00397,Defect  ,1,391.83,refunded
R01232,S009718,2024-08-27,P0277,C00171,Wrong Item,4,5078.99,
R00905,S012018,2024-02-26,P0350,C00082,Late Delivery,1,270.46,Pending
R02675,S002989,NULL,P0154,C00324,Better Price Elsewhere,1,2236.23,Refunded
R00201,S010059,11/07/2023,P0128,C00151,Defective,3,6377.00,REJECTED
R00983,S015465,2023-12-27,P0449,C00893, damaged in shipping,1,1669.30,Refunded
R01580,S015112,2023-06-05,P0166,C00269,Not As Described ,4,9069.18,Refunded
R02367,S000002,2024-11-17,P0428,C00117,  Wrong item sent ,1,1031.43,Pending
R02476,S000215,01-27-2023,P0026,C00415,DEFECTIVE,1,183.15,Refunded
R01560,S000794,2024-02-24,P0241,C00796,Wrong Item,3,319.62,REFUNDED
R01586,S007984,2025-01-04,P0408,C00853,Wrong Item,3,3160.54,pending
R00301,S018734,2025-08-31,P0301,C00854,Wrong Item,1,$390.69,Refunded
R01014,S014395,2025-12-17,P0176,C00118, Better Price Elsewhere,1,383.38,Pending
R00407,S007772,12-22-2025,P0248,C00578,CHANGED MIND,1,$100.25,Refunded
R02535,S015957,2024-02-23,P0248,C00483,  not as described ,4,381.51,Rejected
R02437,S019351,2023-12-18,P9420,C00045,better price elsewhere,2,null,Refunded
R00682,S017452,2025-11-24,P0421,C00023,Better Price Elsewhere,1,123.41,Rejected
R00463,S001361,2025-12-31,P0351,C00484,Damaged in Shipping,-1,453.84,null
R02782,S006295,2025-12-04,P0299,C00458,Wrong item sent,1,$434.13,Approved
R01518,S011659,2025-12-15,P0364,C00671,defective,1,940.52,rejected
R00520,S003894,2024-04-13,P0354,C00753,Defect,1,$631.34,Approved
R02921,S000588,03/05/2023,P0313,C00358,better price elsewhere,4,null,Refunded
R01704,S005436,2025-11-17,P0277,C00468,Not  as Described,1,1244.80,Refunded  
R00178,S019243,2025-06-02,P0266,C00672,wrong item  ,1,430.10,Pending
R00990,S002401,2023-08-12,P0335,C00220,Late Delivery,3,867.37,Pending
R02323,S011689,2025-10-11,P0471,C00893,Faulty,1,150.39,rejected
R00957,S011719,2025-03-29,P0222,C00685,not as described,1,1346.27,Rejected
R00902,S003674,2025-05-23,P0451,C00604,Changed Mind,2,713.00,rejected
R01857,S007240,2025-09-02,P0266,C00051,Not as Described,1,536.19,approved
R01485,S009135,2023-05-10,P0430,C00614,Not As Described ,1,$208.68,Refunded
R00213,S008116,01-19-2023,P0296,C00674,not as described,2,653.68,approved
R00741,S014769,"Aug 19, 2023",P0426,C00337,Faulty,4,"$4,802.79",APPROVED
R01284,S013370,2024-06-18,P0154,C00377,Defective,1,2308.68,Pending
R00909,S000418,2024/11/04,P0029,C00949,N/A,1,543.90, Approved
R01102,S006031,2023-12-06,P0479,C00839,  Changed Mind ,2,307.02,refunded
R01663,S006425,30/09/2023,P0234,C00640,Damaged in Shipping,3,2850.72,APPROVED
R01589,S012579,2023-04-08,P0096,C00216,Not as Described  ,1,112.34,Pending
R00174,S006713,06-08-2024,P0324,C00284,Faulty,3,1011.80,Rejected
R02663,S014002,2025-01-02,P0341,C00636,Late Delivery,2,403.83, Approved
R01362,S011127,2023-10-26,P9945,C00442,Damaged in Shipping,1,$670.50,approved
R01280,S000056,2023-11-09,P0109,C00744,late delivery,1,"$1,126.24",Rejected
R02261,S010913,2025-06-08,P0392,C00475,Not as Described  ,1,1197.55,REFUNDED
R02360,S019054,08-04-2025,P0308,C00108,Better Price Elsewhere,-2,1372.52,approved
R00825,S003350,2024-12-25,P0030,c00293,better price elsewhere,1,$178.29,Pending
R00592,S015711,2023-11-05,P0407,C00547, Damaged,-1,567.00,Refunded
R00506,S008440,2023-08-03,P0425,C00805,Late Delivery,2,"$1,322.16",Refunded
R01181,S015699,"Jan 31, 2024",P0390,C00613,,3,2446.23,REFUNDED
R00179,S005093,2023-12-01,P0341,C00321,Damaged,1,$182.78,Refunded
R02249,S003748,2024-12-30,P0306,C00290,Changed Mind,2,$823.98, Pending
R00388,S013498,2024-02-01,P0365,c00398,Changed Mind,2,211.12,Refunded
R02084,S000489,2025-02-25,P0103,C00244,,1,288.85,Approved  
R02898,S005703,16/02/2023,P0447,C00072,Damaged in Shipping,2,828.47,Refunded
R00128,S007439,2023-07-10,P0267,C00437,changed mind,2,4133.95, Rejected
R02283,S000153,2024-02-29,P0224,C00849,Late Delivery,3,618.70,Refunded
R00513,S011676,2025-03-08,P0255,C00550,CHANGED MIND,1,424.14,Refunded
R01154,S001487,2023-11-03, P0419 ,C00804,Late Delivery,3,3634.49,Pending
R02403,S004396,2023-09-14,P0081,C00381,Better Price Elsewhere,3,3554.47,Pending
R02340,S009218,07/10/2025,P0397,C00021 ,Defective,3,1344.60,refunded
R00130,S000231,2023-01-26,P0102,C00549,not as described,1,2298.35,Refunded
R01473,S004095,10/05/2023,P0079,C00433,Changed Mind,1,136.85, PENDING
R01754,S018767,2024/03/08,P0202,C00272,Better Price Elsewhere,2,N/A, Pending
R00384,S013720,14/12/2024,P0439,C00441,Not as Described,2,"$1,869.90",Refunded
R00529,S011008,2024/02/18,P0179,C00435,defective,1,60.59,Pending
R00344,S018818,2025-04-28,P0362,C00532,Late Delivery,1,642.52,REFUNDED
R02519,S004953,2023-12-21,P0156,C00032, late delivery,2,511.40,Refunded
R02812,S015208,2023/02/24, P0307 ,C00654,Late Delivery,1,"$1,127.50",Approved
R02227,S019306,2023-03-27,P0043,C00619,Wrong  item sent,1,$314.33,Refunded
R00740,S009998,2024-08-14,P0099,C00792,Defective,3,1589.61,refunded
R00069,S014961,11-14-2024,P0026,C00060,Damaged in Shipping,2,$395.94,REJECTED
R01536,S003235,24/08/2025,P0443,C00793,late delivery,2,758.37,Rejected
R00575,S014357,NULL,P0064,C00482,late delivery,3,1315.76,REJECTED
R00499,S018146,,P0071,C00323,Wrong Item,3,2260.17,APPROVED
R01750,S012024,2025-11-06,P0348,C00447,Wrong Item,3,488.85,Refunded
R02305,S010882,2023-06-21,P0107,C00160,Wrong item sent,2,1093.03,Approved
R01108,S014404,2023-04-24,P0044,C00088,Late Delivery,1,$442.28,Refunded
R00778,S003008,2024-08-09,P0405,C00622,damaged in shipping,-3,4588.77,
R02771,S016402,"Jul 26, 2023",P0021,C00484,Damaged  ,1,437.61,REJECTED
R02807,S002728,2023-06-29,P0257,C00450,Wrong Item,5,179.04,Approved
R02504,S014469,2024-08-12,P0310,C00828, Late Delivery,1,734.20,Refunded
R00489,S019532,2025-12-31,P0230,C00211,Late Delivery,3,2042.74,  Rejected 
R01062,S008967,12-07-2023,P0268,C00388,Better Price Elsewhere  ,3,"$1,573.96",Approved  
R01686,S014926,11-15-2023,P0250,C00555,Defect,4,2403.47,Approved
R00475,S009551,2024-10-19,P0229,C00923,changed mind,3,1868.13, Refunded
R02711,S004934,2024-01-24,P0459,C00467,Late Delivery,1,256.83,Rejected
R01563,S000650,2024-11-11,P0264,C00025,Not as Described,1,2059.63,Refunded
R01983,S005778,2023-07-02,P0103,C00182,late delivery,1,249.58,approved  
R00704,S000889,2023-01-31,P0127,C00518,Late Delivery,4,5446.75,Refunded
R01561,S008774,07-29-2023,P0197,C00653,Damaged in Shipping,-2,1541.95,Pending
R02537,S014129,2024-09-23, P0046 ,C00181,Better Price Elsewhere,1,1438.25,Pending
R02268,S014060,2024-03-27,P0062,C00599,Not as Described,4,267.68,Pending
R00582,S000485,2025-08-24,P0433,C00539,damaged in shipping,4,1951.11,Pending
R01830,S001800,2024-08-16,P0396,C00848,not as described,2,176.57,Pending
R01345,S003856,2025-12-31,P0228,C00933,Faulty,1,201.82,Refunded
R02791,S007583,2024-10-24, P0281 ,C00044,Better Price Elsewhere,1,619.71,approved
R01281,S002023,2024-07-26,p0472,C00465,Changed Mind,1,257.40,Pending
R00412,S012150,2023-11-05,P0213,C00395,null,3,3289.55,N/A
R01971,S002780,2024-09-21,P0398,C00295,Not As Described ,1,501.23,Rejected
R01359,S014952,2025-12-31,P0190,C00812,wrong item,1,$747.70,PENDING
R00497,S000591,2025-11-21,P0085,C00830,Not as Described,1,$976.47,Pending
R01924,S004488,2024-12-14,P0355,C00557,DEFECTIVE,1,292.52,Approved
R00560,S003323,2025-02-01,P0320,C00151,Damaged in Shipping,2,"$1,130.49", Refunded
R02258,S007862,2023-07-06,P0226,c00920,not as described,2,238.77,REFUNDED
R00367,S013979,25/09/2025,P0466,C00289,Not as Described,2,2558.34,Rejected
R00984,S000353,2025-12-24,P0242,C00004,Damaged in Shipping,1,45.78,Refunded
R00677,S017343,2025-01-13,P0094,C00112 ,better price elsewhere,1,358.85,Approved
R01996,S006486,2024-04-14,P0444,C00718, Better Price Elsewhere,1,142.85,Refunded
R02082,S003985,2025-11-14,P0060,C00442,Changed Mind,2,1770.93,PENDING
R00012,S016360,2024-06-08,P0452,C00250,Better Price Elsewhere,1,$178.62,Approved
R00838,S017612,2024-07-18,P0114,C00180,defective,3,6146.70,rejected
R02740,S000697,2024-10-23,P0101,C00652,Damaged,1,464.95,Approved
R01915,S018128,2025/04/03,P0357,C00841,Late Delivery,1,286.16,Pending
R01005,S015349,09-04-2025,P0162,C00716,N/A,1,1240.29,Refunded
R01335,S010403,2024-10-23,P0415,C00074,null,1,1734.50,Pending
R01951,S011567,08-04-2025,P0151,C00126,Better Price Elsewhere,1,687.81,APPROVED
R01855,S007196,05/10/2024,P0377,C00737,better price elsewhere  ,2,513.09,REFUNDED
R00283,S010646,02-15-2024,P0196,C00406,Better Price Elsewhere,5,,Rejected
R00468,S010993,2025-06-30,P0082,C00785,better  price elsewhere,5,$655.80,Rejected
R01652,S018312,2025-01-29,P0145,C00820,Damaged in Shipping,2,733.47,Rejected
R01367,S006070,10/05/2025,P0395,C00025,Wrong item sent,1,440.20,Refunded
R00866,S003659,2025-02-26,P0085,C00475,not as described,4,3678.27,Approved
R01873,S002291,08-08-2024,P0286,C00920,Damaged,1,354.72,Pending
R01390,S010526,2023-06-01,P0442,C00467,Faulty,2,549.70,approved
R02395,S013735,12-18-2025,P0419,C00442, Damaged in Shipping,1,"$1,423.19", REJECTED
R02880,S001633,2024-10-22,P0363,C00529,Wrong Item,1,717.67,refunded
R00729,S000288,26/06/2023,P0090,C00231,Damaged in Shipping,2,$268.81,Refunded
R01618,S009091,2024-07-04,P0091,C00804,CHANGED MIND,3,335.52,Pending
R00802,S016391,11-28-2024,P0250,C00240,Damaged in Shipping,1,755.58,Pending
R00229,S011003,2025-10-01,P0100,c00631,wrong item,1,"$1,805.07",REJECTED
R02039,S015718,2024-04-10,P0283,C00948,defective,3,1413.97,Refunded
R02174,S001159,2024-03-18,P0154,C00307,Faulty,1,1908.26, Refunded
R01609,S005821,2025-04-22,P0368,C00639,DEFECTIVE,1,585.16,Refunded
R00718,S007928,24/05/2024,P0459,C00850,Damaged in Shipping,1,281.00,  Pending 
R01068,S019530,2025-10-24,P0278,C00536,Defect,1,351.61,Pending
R01648,S004285,2025-12-17,P0361,C00325,not as described,1,315.18,refunded
R02757,S001630,2025-03-20,P0170,C00721,Not as Described,1,491.67,Refunded
R02842,S014661,2025-11-10,P0091,C00067,Damaged,1,123.85,  pending 
R01820,S012245,2023-02-13,P0248,C00559 ,DEFECTIVE,4,$425.76,Rejected
R00169,S012267,2025-12-02,P0052,C00064, Defective,1,166.70,Approved  
R00800,S014371,07-14-2025,P0085,C00317,DEFECTIVE,3,2885.10,Pending
R01782,S012398,26/06/2025,P0134,C00252,Wrong item sent,4,7907.05,Approved  
R01161,S003249,2024-12-26,P0375,C00307,Damaged in Shipping  ,1,$314.52,Refunded
R01261,S001085,2023-05-16,P0473,C00317,Better Price Elsewhere,1,1310.55,Approved
R00102,S014457,"Oct 19, 2025",P0376,C00452,Defective,1,489.90,pending
R01694,S012660,2025-12-05,P0258,C00713,Changed Mind,1,1590.81,Pending
R02916,S003776,2025-05-17,P0476,C00428, late delivery,1,"$1,354.14",Pending
R01148,S001632,,P0085,C00015,Damaged in Shipping,1,958.46,Refunded
R01600,S011000,"Feb 06, 2024",P0151,C00336,changed mind,2,1608.38,pending
R02934,S008132,04/05/2025, P0167 ,C00382,Wrong Item,1,$995.46,Pending
R00907,S017416,2024-12-29,P0065,C00462,wrong item  ,1,469.86,pending  
R01547,S011626,2025-09-06,P0166,C00346,defective  ,1,1906.16,Approved
R02229,S015368,30/07/2025,P0006,C00558,late delivery,1,594.72,Rejected
R00832,S006832,2025-04-11,P0133,C00718,Not as Described,1,31.51,refunded
R01456,S013587,2023-04-04,P0108,C00270, Better Price Elsewhere,1,$365.63,Approved
R01964,S011608,2023-06-07,P0128,C00754,Wrong Item,1,2251.92,Refunded
R00070,S015725,07-14-2025,P9299,C00039,Better Price Elsewhere,1,2171.33,APPROVED
R02070,S010809,2025-06-24,P0398,C00102,late delivery,,532.66,REFUNDED
R02150,S016944,2024-04-11,P0420,C00467,Not as Described,1,299.58,APPROVED
R01700,S009397,31/12/2025,P0174,C00927,Better Price Elsewhere,4,1344.86,refunded
R02253,S016149,2024-04-12,P0030,C00809,N/A,1,196.34,Pending
R01267,S007462,2025-05-26,P0019,c00369,Wrong  Item,3,"$3,497.97",Rejected
R02410,S010706,26/11/2023,P0442,c00425,Better Price Elsewhere,2,542.15,Rejected
R02328,S008367,14/10/2024,P0469,C00917,better price elsewhere,1,1286.63,refunded
R01134,S015347,22/02/2024,P0340,C00214,Damaged in Shipping,3,452.46,Pending
R02788,S009787,12/02/2023,P0028,C00352,Wrong Item,3,5209.24,Pending
R02370,S011228,12-20-2025,P0020,C00786,Late Delivery,4,1592.46,Pending
R01187,S019113,"Jun 09, 2024",P0404,C00401,Not As Described ,2,2622.28,Rejected
R02029,S004326,2023-03-16,P0303,C00004,defective,2,1692.65,Approved
R02493,S015070,"Dec 31, 2025",P0042,C00211,Faulty,2,$709.98,Rejected
R00284,S006829,26/12/2024,P0362,C00816,better price elsewhere,null,2313.99,Rejected
R00898,S003908,2024-04-19,P0063,C00157,,1,715.78, Refunded
R01071,S014954,2025-07-13,p0398,C00747,Wrong Item,1,594.22,Pending
R02839,S002764,10-30-2025, P0196 ,C00834,null,1,187.55,Pending  
R01623,S001149,2023-12-29,P0152,C00143,Wrong Item,-1,567.46,PENDING
R00164,S018735,2024-08-09,P0309,C00392,late delivery,2,825.73,  Pending 
R00623,S018840,2024-09-26,P0091,C00698,Late Delivery,-1,106.49,pending
R02707,S006732,2024-03-26,P0477,C00159,better price elsewhere,3,,Refunded
R01799,S003820,02-07-2025,P0451,C00456,changed mind,,358.40,Refunded
R01725,S017268,07/05/2023,P0307,c00893,Damaged in Shipping,2,2202.94,pending
R01888,S012198,2023-06-18,P0443,C00377,null,1,$455.50,Pending
R02904,S013395,2025-04-25,P0424,C00273,Changed Mind,1,299.91,Refunded
R01481,S001457,11-28-2025,P0380,C00820, Late Delivery,1,"$1,415.87",null
R02034,S002027,2024-04-12,P0270,C00624,Damaged in Shipping,1,350.21,pending
R00595,S000506,2025-10-13,p0418,C00106,Wrong Item,1,92.25,Refunded
R00635,S008361,2023-10-14,P0087,C00428,late delivery,1,960.25,Rejected
R00088,S000412,2024-07-24,P0021,C00888,better price elsewhere,1,370.37, Pending
R01089,S005178,2025-12-25,P0135,C00575,Damaged in Shipping,1,25.86,Rejected
R02041,S008241,2024-10-06,P0265,C00397,Better Price Elsewhere,3,3546.77,PENDING
R01465,S006247,2024-12-25,P0065,C00316,Late Delivery,2,$730.27,Rejected
R00888,S003867,2025-06-19,P0088,C00056,Wrong Item,2,767.71,Refunded
R01446,S012633,2024-04-21,P0241,C00871, Damaged,1,93.37,rejected
R02044,S008789,2023-03-10,P0172,C00548,defective,1,null,Approved
R02473,S009875,2024-07-08,P9700,C00635,  Better Price Elsewhere ,1,255.67,Refunded
R02319,S008262,"Nov 25, 2024",P0010,C00927,Damaged in Shipping,2,889.37,Rejected
R01793,S012559,18/04/2025,P0431,C00517,Damaged in Shipping,N/A,59.93,Refunded
R01411,S018149,2023-07-08,P0302,C00733,Not as Described,1,407.12,Rejected
R00526,S006724,2023-03-23,P0254,C00803,not as described,1,334.30,Refunded
R02093,S011430,2025-02-04,P0205,C00271,CHANGED MIND,1,2158.99,REFUNDED
R01742,S007883,2024-12-22,P0141,C00439,,2,221.20,Approved
R00603,S018339,21/06/2023,P0172,C00596,damaged in shipping,1,1390.29,  Pending 
R02854,S002553,2023-07-21,P0107,C00622,Late Delivery  ,-3,1746.03,Approved
R01055,S001969,2023-01-28,P0275,C00110,Defective,1,262.49,REFUNDED
R00295,S989940,2024-11-14,P0188,C00665,,1,893.24,Pending  
R02667,S004719,2024-10-14,P0311,C00675,changed mind,1,595.29,Rejected
R02407,S005625,2024-03-01,p0277,C00353 ,changed mind,,2668.47,Pending
R01947,S015356,2025-06-03,P0007,C00848,damaged  in shipping,1,125.32,  refunded 
R00090,S000795,2025-09-07,P0006,C00720,NULL,1,690.32,Pending
R00858,S019152,2024-03-27,P0068,C00460,Wrong Item,2,1137.50,Approved
R00551,S000044,2025-01-24,P0049,C00271,Late Delivery,1,716.45,Pending
R01579,S008461,2024-06-30, P0006 ,C00241,Defective,3,1778.68,REFUNDED
R00683,S012726,2025-08-19,P0038,C00888,Wrong  Item,3,2957.15,rejected
R00206,S014245,2025-05-07,P0370,C00948, Better Price Elsewhere,1,375.15,approved
R00024,S018438,,P0438,C00740,Defect,1,532.53,approved
R02575,S001002,2025-06-27,P0016,C00486,Not as Described,,3648.15,Refunded
R02216,S017651,2023-05-23,P0414,C00241,Changed Mind,2,$809.01,Approved
R00043,S008491,2025-09-25,P0343,C00023, Wrong Item,1,524.13,Rejected
R01781,S016633,2025-07-20,P0425,C00463,Damaged in Shipping,5,,Rejected
R02621,S010206,05-11-2024,P0040,C00848,defective,2,3727.65,Pending
R00146,S012626,2024-04-26,P0108,C00509,Wrong item sent,1,357.23,PENDING
R00699,S004135,"Aug 22, 2024",P0276,C00206,Wrong Item,1,1056.63,Pending
R00518,S018909,2024-01-28,P0049,C00873,Changed Mind,-1,756.70,APPROVED
R00972,S001294,09/10/2025,P0423,C00090,Late Delivery  ,1,395.74,REFUNDED
R00442,S017601,2025-12-18,P9168,C00464,Wrong item sent,1,1390.60,Rejected
R01914,S009934,2024-12-15,P0020,C00236,damaged in shipping,1,433.21,Pending  
R02847,S009894,2023-02-28,P0425,C00287,Faulty,2,1121.07,Approved
R02387,S006006,"Jul 17, 2025",P0033,C00544,Damaged in Shipping,1,"$1,112.00",Pending
R00361,S008898,2025-03-31,P0135,C00912,Damaged in Shipping,2,58.11,Rejected
R02546,S012894,2024-10-15,P0239,C00321,DEFECTIVE,1,1753.20,Refunded
R02081,S013259,2024-01-27,P0091,C00368,better price elsewhere,2,$217.32,Refunded  
R00456,S007798,11-07-2023,p0119,C00171, Not as Described,1,1272.63,REJECTED
R00422,S002367,2024-11-26,P0217,C00316,null,3,4145.05,Approved
R02467,S011738,2024-03-17,P0314,C00301,damaged in shipping,1,210.22,Refunded
R02329,S003333,2023-07-18,P0209,C00257,Late Delivery,1,$46.33,Refunded
R02766,S017696,07-18-2024,P0252,C00056,Better  Price Elsewhere,2,$634.90,Refunded
R01299,S010620,2023-05-21,P0130,C00639,CHANGED MIND,5,6382.45,Rejected  
R02083,S011629,"Mar 02, 2025",P0350,C00372,better price elsewhere,1,246.65,REFUNDED
R00371,S005446,2025-12-28,P0222,C00570,Not as Described,2,2631.13,Rejected
R00574,S009081,2024-10-10, P0108 ,C00282,late delivery,1,330.24,Rejected
R01013,S004889,2024-09-19,P0191,C00181,defective,1,62.53,Rejected
R01921,S005724,19/09/2023,P0095,C00588,Defect,1,2283.08,REFUNDED
R00376,S002147,2025-10-12,P0127,C00520,Defective,2,2806.97,Rejected
R02277,S018955,2024-05-14,P0073,C00453,not as described,2,2433.66,Refunded
R01224,S014597,2024-11-23,P0451,C00400,Better Price Elsewhere,3,913.09,Pending
R00352,S002305,04/10/2023,P0308,C00439,damaged in shipping,1,704.55,Approved
R00029,S015902,2024-04-17,P0126,C00669,Not as Described,1,787.04,Refunded
R00133,S018232,2023-12-21,P0214,C00260,Wrong Item,1,488.93,Pending
R00833,S014356,12-31-2025,P0131,C00792,wrong item,1,$457.41,Pending
R01236,S006665,2023-02-10,P0255,C00665,Wrong Item,1,403.74,approved
R00726,S016470,2025-01-08, P0113 ,C00141,Faulty,1,$633.64,  Refunded 
R01966,S009236,"Jul 28, 2023",P0306,C00333,Not as Described,2,738.54,pending
R02285,S015570,12-08-2023,P0391,C00122,Wrong Item,2,771.00,APPROVED
R02843,S019091,2025-05-17,P0143,C00814,Changed Mind,1,1553.77,Refunded
R00140,S010981,10/11/2024,P0217,C00196,Changed Mind,4,"$4,631.91",Approved
R00006,S017380,2023-10-25,P0371,C00582,Late Delivery,1,273.77,Approved
R00209,S014982,2024-11-07,P0005,C00658,Damaged in Shipping,1,320.55,Pending
R02296,S014900,2023-07-17,P0254,C00066,Faulty,1,345.73,Pending
R00025,S009567,2023-12-19,P0224,C00044,Late Delivery,1,$168.90,Pending
R01794,S012329,2023-12-12,P0337,C00359,Better Price Elsewhere,2,1659.79,approved  
R02532,S007960,09-28-2024,P0070,C00257,Better Price Elsewhere,1,309.10,N/A
R02017,S018418,29/01/2024,P0258,C00187,changed mind,2,3070.39,REJECTED
R02642,S012379,2024-05-01,P0280,C00206,Late Delivery,-1,411.63,Approved
R01903,S006508,2025-12-12,P0245,C00340 ,Wrong item sent,,1382.10,Refunded
R01850,S006525,2025-12-04,P0411,C00273,changed mind,1,172.65,REJECTED
R01604,S017038,2025-03-21, P0127 ,C00682,not as described,1,1198.45,Pending
R02162,S008377,2025-04-24,P0219,C00346,not as described,1,276.45,Refunded
R00479,S018048,2023/12/25,P0196,C00839,Changed Mind,2,355.41,refunded
R00567,S002424,2024-09-22,P0261,C00865,Late Delivery,1,$479.58,APPROVED
R01382,S011935,2025-10-31,P0083,C00381,Changed Mind,1,578.58,pending  
R02852,S000306,2023-10-26,P0028,c00515,Late Delivery,1,1521.23,Rejected
R00233,S003095,2025-10-25,P0194,C00341,CHANGED MIND,1,$375.83,Rejected
R00717,S003322,04/10/2023,P0381,C00881,wrong item,1,$669.29,PENDING
R01839,S005508,2024-12-28,P0281,C00239,Damaged,4,2528.93,Approved
R02801,S006293,2023/05/21,P0106,C00464,Defective,1,182.98,Pending
R00975,S011090,2025-10-08,P0016,C00539, Wrong Item,1,"$1,765.94",approved
R00478,S011988,"Mar 04, 2023",P0076,C00838,Better Price Elsewhere,1,"$2,196.39",PENDING
R02534,S004229,2025-04-21,p0077,c00079,Not as Described,1,164.26,Refunded
R01698,S007185,2025-11-15,P0273,C00409,Defective,2,3988.51,Refunded
R02633,S921204,2024-05-22,P0350,C00868,Changed Mind,1,237.68,Refunded
R01477,S008285,2025-01-01,P0083,C00149,Changed Mind,1,525.84,Pending
R00515,S000677,2023-10-02,P0013,C00401,Changed Mind,2,"$1,273.36",Refunded
R00828,S012465,2025-05-01,P0022,C00736,Damaged in Shipping,1,365.04,Refunded
R02935,S014028,2023-10-13,P0292,C00532,Late Delivery,1,null,rejected
R01887,S002005,2023-03-23,P0385,C00936,NULL,2,659.86,PENDING
R02494,S012437,2025-02-23,P0261,C00576,Wrong Item,3,1371.21,Rejected
R00596,S929159,02/12/2023,P0394,C00900,Damaged in Shipping,3,352.18,refunded
R01732,S006715,28/04/2024,P0385,C00095,Better Price Elsewhere,5,1955.12, Pending
R00332,S000051,2025/09/26,P0077,C00748,Damaged  in Shipping,2,330.61,Approved
R01141,S002210,"Nov 16, 2025",P0123,C00383,Defective,1,753.84,  Pending 
R00937,S004239,2025-12-26, P0367 ,C00555,DEFECTIVE,5,"$1,067.29",Refunded
R00855,S013176,2023-06-30,P0253,c00506,damaged in shipping,5,809.52,Pending
R01746,S006934,2023-10-05,P0046,C00180,Not as Described,4,"$7,207.78",Rejected
R02098,S003624,2024-07-20,P0204,C00383,Changed Mind,1,$851.51,Approved  
R02074,S008932,2025-02-23,P0174,C00627,Changed Mind,3,928.70,Pending
R00243,S012433,2025-10-24,P0478,C00057,  Damaged in Shipping ,1,1573.81,Approved
R02445,S006824,2023-10-18,P0359,C00136,not as described,1,139.84,approved
R01621,S001970,2024-02-03,P0305,C00679,Wrong Item,1,559.75,PENDING  
R02506,S018002,2023-03-19,P0089,C00019,Wrong Item,1,900.19,Refunded
R00357,S010804,11-09-2023,P0324,C00393,Late Delivery,1,$326.86,Rejected
R00615,S018425,25/12/2025,P0047,C00925,not as described,1,658.39,Pending
R00493,S002908,2025-12-31,P0147,C00798,Wrong Item,3,3027.57,Refunded
R00945,S018549,2023-11-24,p0096,C00737,Damaged in Shipping,1,94.86,rejected
R02643,S009157,2023-06-07,P0125,C00111,Not as Described,null,N/A,Approved
R00349,S017019,,P0466,C00102, changed mind,2,2205.96,Pending
R02648,S016229,2024-03-26,P0146,C00101,changed mind,1,429.69,Approved
R02025,S009022,2024-03-24,p0337,C00914,Wrong Item  ,1,763.95,Approved
R01334,S003176,04-02-2023,P0383,C00551,Not as Described,-1,"$1,926.40",Approved
R01622,S017661,2025-01-01,P0173,C00185,Late Delivery,1,215.18,refunded
R00184,S009732,2024-01-30,P0398,C00818,changed mind,2,"$1,029.15",approved
R02005,S013368,2024-02-24,P0101,C00016,Better Price Elsewhere,4,1700.20,Refunded
R00962,S008715,2023-03-20,P0130,C00316,  Late Delivery ,2,"$2,334.30",Approved
R00433,S008519,2023-11-23,P0243,C00768,better price elsewhere,3,740.52,Rejected
R00019,S006918,2025-03-25,P0339,C00642,late  delivery,2,3189.37, rejected
R02168,S000436,"Sep 30, 2024",P0267,C00587,Damaged  ,-1,2200.93,Rejected
R00632,S010232,2024-09-02,P0382,C00688,defective  ,,1384.05,Approved
R01356,S006946,2024-10-12,P0470,C00726,Late Delivery,4,$561.71,Rejected
R01468,S009405,2025-12-10,P0111,C00446,Not As Described ,1,$596.97,pending
R01846,S005784,2025-09-09,P0335,C00015,Better Price Elsewhere,2,566.09,Refunded
R00347,S002752,2023-07-05,P0290,C00124,changed mind,1,$937.60,Refunded
R00435,S016107,"Dec 26, 2025",P9913,C00353, Defect,1,335.48,refunded
R00794,S000373,04-11-2023,P0358,C00407,Wrong Item  ,2,839.87,N/A
R01501,S015381,06/08/2023,P0385,C00702,Defect,null,416.69,APPROVED
R00046,S010312,09/08/2024,P0245,C00607,Faulty,-1,648.15,Rejected
R00525,S011378,2025-11-17,p0354,C00637,better price elsewhere,1,557.28,Refunded
R00460,S004157,26/02/2023,P0030,C00800,Not As Described ,1,186.08,Approved
R01817,S009899,2023-04-29,P0193,c00852,  Damaged in Shipping ,1,667.76,Pending
R01594,S017180,01-08-2025,P0308,C00593,DEFECTIVE,2,1675.14,Refunded
R00696,S004582,19/11/2025,P0161,C00154,Defect,1,$706.88,Rejected
R01932,S010801,"Aug 04, 2023",P0315,C00172,damaged in shipping,1,958.50,Approved
R00323,S005059,18/09/2023,P0466,C00436,Better Price Elsewhere,2,2513.01,Pending
R01565,S002606,2025-12-27,P0142,C00709,late delivery,2,502.74,pending
R02365,S976844,"Aug 10, 2024",P0148,C00712,Changed Mind,2,4207.76,Refunded
R02614,S015994,27/10/2024,P0107,C00879,DEFECTIVE,2,1078.80,Pending
R01733,S002721,2024/01/11,P0283,C00549,damaged in shipping,4,2316.69,Refunded
R01861,S006062,2023-05-01,P0229,C00241,Wrong Item,NULL,1007.47,Pending
R01453,S018349,2024-06-17,P0226,C00038,Damaged in Shipping,,$150.34,REJECTED
R01758,S010396,02-16-2024,P0408,C00670,late delivery,1,1004.04,Rejected
R02617,S018169,01-24-2025,P0025,c00004,Not As Described ,2,1060.10,rejected
R02071,S008823,2024-02-16,P0026,C00697,Wrong Item,2,397.08,Pending
R01760,S012711,2024-09-16,P0108,C00588,Better Price Elsewhere,-2,770.09,approved
R01168,S011906,2025-12-28,P0270,C00389 ,Wrong item sent,1,381.23,Approved
R00659,S017748,2025-11-26,P0331,C00293,Late Delivery,1,692.78,Rejected
R01395,S005750,04/11/2025,P0190,C00936, Changed Mind,-4,"$3,102.89",Approved
R02123,S007664,2024-09-19,P0341,C00569,Better Price Elsewhere,1,224.81,Pending
R01281,S002023,2024-07-26,p0472,C00465,Changed Mind,1,257.40,Pending
R01282,S002771,2025-09-01,P0240,C00209,Faulty,1,520.87,Approved
R00639,S014535,2024-06-18,P0203,C00439,Wrong Item,1,1267.23,Approved
R02250,S004050,2023-03-15,P0296,C00510,Not as Described,2,$604.64,Refunded
R02280,S013695,2025-01-20,P0290,C00303,wrong item,1,$867.37,Approved
R02287,S003469,2023/08/06,P0126,C00694,late delivery,1,$720.33,Rejected
R00410,S011270,2024-11-06,P0060,C00319,CHANGED MIND,1,829.93,Pending
R02092,S005412,2023-08-01,P0422,C00895,Defect,3,2989.47,Rejected
R01679,S002949,2024-04-17,p0100,C00857,Defect,1,1832.32,Pending
R01515,S014169,2023-11-22,P0393,C00564,Defect,2,2479.16,Approved
R02844,S000660,2024-12-30,P0197,C00225,CHANGED MIND,1,$765.68,Refunded
R00522,S912842,2024-11-19,P0057,C00406,Damaged in Shipping,1,858.31,Approved
R02568,S019004,2025-04-15,P0202,C00363,Late Delivery  ,1,656.11,refunded
R01153,S002076,13/06/2023,P0019,C00615, Late Delivery,N/A,1192.64,Rejected
R00461,S010004,2025-03-09,P0045,C00727,better price elsewhere,1,746.64,REFUNDED
R01567,S007609,2025-05-06,P0154,C00399,,3,7153.08,Rejected
R00621,S014347,2024-03-16,P0435,C00899, better price elsewhere,1,1014.29,Rejected  
R02333,S011106,2024-06-03,P0129,C00026,wrong item,1,201.93,Rejected
R02628,S014046,"Apr 20, 2023",P0421,C00941,Damaged in Shipping,2,$233.17,Refunded  
R02873,S012968,2023-04-10,P0405,C00941,Wrong Item,2,3013.09,Pending
R01669,S011649,2024-01-21,P0040,C00754,Late Delivery  ,2,3241.59,Approved
R00734,S009994,14/07/2024,P0006,C00747,defective,1,614.76,approved
R00763,S004610,2024-07-18,P0330,C00172,Changed Mind,3,842.53,Pending
R00438,S010547,2024-04-24,P0433,C00795,wrong item,2,920.74,Refunded
R02061,S002032,2025-04-22,P0402,C00344,,2,744.02,Pending
R01837,S014310,2025-12-04,P0004,C00580,Late Delivery,1,651.46, Refunded
R01409,S013272,2023-06-16,P0161,C00930, Changed Mind,1,671.70,Rejected
R02197,S000831,2024-03-15,P0334,c00692,Damaged,null,986.61,Approved
R01569,S017332,2024-06-06,P0449,C00241,Better Price Elsewhere,2,3971.88,pending
R02310,S004663,07-20-2023,P0174,C00886,Not as Described,1,330.78,APPROVED
R01662,S004862,2024-07-02,P0073,C00904,late delivery,1,1305.03,Refunded
R00255,S011217,01-14-2025,P0039,C00279,Late Delivery,-3,862.01,APPROVED  
R01620,S011890,2024-09-28,P0163,C00666,better price elsewhere,1,649.40,Refunded
R02722,S012345,2023-09-10,P0097,C00228,Better Price Elsewhere,1,null,pending  
R02248,S009216,2023-07-02,P0268,C00754,Not As Described ,1,526.78,rejected
R02692,S008845,2025-09-30,P0380,C00073,Defect,1,1639.16,APPROVED
R00194,S010174,2025-12-27,P0472,C00112, Not As Described ,-1,232.78,
R01907,S006051,"Dec 01, 2023",P0002,C00118,CHANGED MIND,1,53.73,REJECTED
R00816,S009433,2023-07-13,P0435,C00806,Defect,1,838.99,Pending
R02127,S005539,2023-11-18,P0192,C00132,Faulty,1,276.12,Pending
R02737,S014010,2024-08-22,P0090,C00306,Changed Mind,-3,385.15,  Pending 
R02369,S009911,24/06/2025,P0443,C97119,DEFECTIVE,3,1148.57,Rejected
R02908,S001276,"Feb 01, 2024",P0479,C00703, Wrong Item,1,174.12,pending  
R01239,S015650,2025-07-04,P0014,C00135,  better price elsewhere ,1,404.65,  Refunded 
R00063,S018237,11-26-2023,P0002,C00058,Wrong Item,1,52.60,Approved
R01874,S012181,01-01-2025,P0345,C00396,Damaged,2,498.30,Rejected
R00926,S012468,2023-11-01,P0285,C00124,Wrong Item,1,127.57,REFUNDED
R00417,S015759,01/05/2023,P0208,C00829,Wrong Item,1,1151.79,Rejected
R00354,S014660,2023-03-28,P0290,C00664,null,2,"$1,885.65",PENDING
R00033,S012748,2023-06-09,P0067,C00442,late  delivery,1,550.51,Refunded
R01090,S019391,,P0008,C00692,Late Delivery,2,2352.96,Approved
R01960,S019579,04-24-2025,P0031,C00238,,2,1229.47,APPROVED
R01060,S010061,"Mar 15, 2023",p0055,C00589,Wrong item sent,1,"$1,746.83",Approved
R01535,S001398,2025-12-07, P0404 ,C00850,Better Price Elsewhere,3,"$3,887.89",Refunded
R00920,S013177,2024-03-19,P0058,C00860,Wrong item sent,1,1632.94,REJECTED
R00217,S001594,2025-06-11,P0022,C00288,Wrong Item,1,329.95,Refunded
R02515,S008630,08-22-2023,P0158,C00037,Changed Mind,1,493.19,Refunded
R01752,S014139,2025-09-02,P0083,C00414,defective,1,467.38,Rejected
R02455,S016946,"Jan 13, 2024",P0341,C00582,Wrong  Item,1,222.07,rejected
R01550,S007004,2023-12-24,P0323,C00233,wrong item,-1,559.10,approved
R02238,S009288,2024-12-22,P0089,C00336,changed mind,2,1923.62,Approved
R00077,S012392,12/08/2025,P0324,C00152,Late Delivery,1,392.58,Rejected
R02768,S012925,2025-03-10,P0207,C00271,wrong item,5,1343.43,Pending
R00094,S015727,2024/09/08,P0038,C00604,Wrong Item  ,3,,Approved
R00597,S017705,2023-03-10,P0084,C00558,Better Price Elsewhere,3,"$6,691.74",Pending
R02298,S011438,2025-07-25,P0225,C00113,Not As Described ,-1,617.77,Approved
R01095,S002973,2023-12-27,P0400,C00421,damaged in shipping,-1,528.77,REJECTED
R00756,S004623,2025-04-23,P0166,C00912,Not as Described,2,"$4,326.48",REJECTED
R02903,S018185,2025-04-14,P0449,C00741,Wrong item sent,2,3607.26,Refunded
R00230,S011889,05-09-2024,P0443,C00821,better price elsewhere,1,427.67,  Pending 
R00796,S004918,2023-05-24,P0464,C00529,Better Price Elsewhere,2,"$1,582.59",Refunded
R00132,S012576,2024-11-24,P0338,C00035,Not as Described,3,N/A,
R02806,S006920,2023-02-12,P0234,C00433,CHANGED MIND,2,2086.20,REJECTED
R00042,S014897,2024-04-08,P0270,C00043,Not as Described,1,393.30,Refunded  
R01179,S008191,2023-04-04,P0047,C00792,CHANGED MIND,1,681.24,REJECTED
R02095,S019374,2023-06-26,P0304,C98389,Not As Described ,2,3030.55,PENDING
R00226,S003662,2024-05-08,P0119,C00913, Defect,3,4044.21,Refunded  
R02059,S011026,2024-03-17,P0318,C00204,Wrong item sent,3,4142.13,REJECTED
R00310,S008560,2025-10-27,p0161,C00804,Late Delivery,1,$709.45,REFUNDED
R00901,S008389,2023-11-17,P0203,C00826,Better Price Elsewhere,2,"$2,395.40",APPROVED
R01401,S019316,"Aug 31, 2025",P0155,C00656,DEFECTIVE,1,425.99,rejected
R00399,S016755,2023-07-29,P0133,C00005,not as described,2,65.81,Pending
R01984,S004665,01/05/2023,P0061,C00007,Not as Described,1,973.02,Approved
R00736,S014155,28/04/2025,p0438,C00636,Not As Described ,1,443.05,Rejected
R01730,S007954,2024-05-22,P0156,C00395,better price elsewhere,2,$497.91,REJECTED
R00036,S016406,06/09/2024,P0362,C00131,Defect,3,1909.17,Rejected
R01101,S003699,2024-06-14,P0426,C00212,changed mind,1,1266.91,Approved
R01305,S010739,03-16-2025,P0357,C00186 ,Not as Described,1,276.36,Approved
R00865,S015339,25/02/2023,P0291,C00468,  better price elsewhere ,1,54.19,
R02907,S912081,2024-12-31,P0203,c00843,CHANGED MIND,3,3821.89,Refunded
R00559,S019139,2023-11-25,P9466,C00858,Late  Delivery,-1,231.84,Pending
R01900,S014957,2024-08-28,P0377,C00594,Defective,,265.06,Refunded
R01696,S000756,2025-08-10,P0385,C00882,changed mind,1,352.40,Refunded
R02888,S008463,2024-11-28,P0174,C00164,Not as Described,1,$265.11,Rejected
R01676,S009272,04/09/2023,P0298,C00111,Wrong item sent,1,$175.25,Approved
R01303,S014421,2025-05-10,P0345,C00922,Damaged,1,259.96,Rejected
R01067,S002568,2025-10-23,P0384,C00012,Damaged in Shipping,1,895.19, approved
R01520,S007080,,P0120,C00414, Not as Described,2,"$1,276.19",Refunded
R02846,S008354,2024-12-16,P0348,C00207, Defective,1,181.79,Rejected
R02881,S001423,2024/01/22,P0176,C00797,Changed Mind,N/A,394.61,Refunded
R01805,S960717,05/12/2023,P0294,C00787,not as described  ,-3,1310.15,PENDING
R01545,S012421,2025-01-12,P0034,C00629,Wrong Item,1,116.19,Pending
R01687,S004808,2024-11-17,P0388,C00274,Late Delivery,-4,502.59,Pending
R02612,S009036,2025-12-03,P9288,C00467,Wrong  Item,2,1505.43,APPROVED
R01383,S010776,2023-03-15,P0122,C00798,Damaged in Shipping,1,237.87,Rejected
R01046,S016612,2025-01-10,P0351,C00743,  Late Delivery ,-5,2325.85, Approved
R00870,S013545,2024-05-20,P0225,C00217,Not as Described,1,$585.47,Rejected
R01612,S013753,03-16-2025,P0459,C00862,Late Delivery,1,278.20,Approved
R02583,S008907,"Apr 20, 2024",P0260,C00525, Faulty,1,239.61,Approved
R02585,S014978,2025-01-26,P0071,C00818,better price elsewhere,2,,PENDING
R01413,S008966,27/01/2023,P0238,C00134,Late  Delivery,1,227.16,Approved
R01916,S008378,,P0169,C00518, Wrong Item,5,4971.41,pending
R02269,S011115,10-10-2023,P0106,C91770,defective,1,$235.59,REJECTED
R00313,S001241,2025-12-28, P0033 ,C00856,Not as Described,2,2032.10,Approved
R01178,S018997,2024-04-15,p0412,C00438,Damaged,1,87.26,Pending
R00439,S008877,2024-03-10,P0408,C00100,Defect,2,1825.52,Pending
R01025,S004538,2024-12-19,P0233,C00591, Late Delivery,1,480.70,Approved
R01588,S011501,25/11/2024,P0127,C00708,Defective,null,1405.49,Rejected
R02503,S016519,2024-08-28,P0398,C00278,Faulty,1,523.67,Pending
R00861,S003615,12-07-2023,P0312,C00063,better price elsewhere,1,2055.45, rejected
R01018,S001871,NULL,P0204,C00279,CHANGED MIND,1,892.43,Approved
R02172,S002647,2025-07-16,P0016,C00069,,1,1554.63,Pending
R01659,S019068,14/09/2025,P0041,C00117 ,Wrong Item  ,1,497.17, Pending
R02623,S004007,2025-08-18,P0343,C00396,Wrong Item,2,1250.60,rejected
R02867,S011550,2025-09-28,p0381,C00303,Late Delivery,2,1300.32,N/A
R02024,S002455,2023-05-03,P0419,C00153,better price elsewhere,3,3706.45,Refunded
R01673,S007827,2025-05-10,P0005,C00656,,2,511.83,Refunded
R01214,S011371,2025-11-28,P0338,C00757,Damaged in Shipping,1,1688.81,refunded
R00221,S004564,2024-09-17,P0394,C00865,CHANGED MIND,5,611.97,Approved  
R00330,S007275,2024-10-24,P0046,C00116,Damaged in Shipping,2,3389.80,Approved
R02018,S007502,2024-08-24,P0304,C00137,Wrong item sent,1,1357.07,
R02670,S003183,"Feb 17, 2024",P0404,C00558,better price elsewhere,1,1387.64,REFUNDED
R01886,S004872,2023-05-19,P0469,C00874,Late Delivery,1,"$1,167.85",Rejected
R00056,S004945,2025-02-09,P0399,C00484,Changed Mind,3,909.85,Approved
R02715,S017680,25/07/2023,P0081,c00863,not as described,1,"$1,366.45", Approved
R02121,S009905,"Mar 02, 2024",P0057,C00433,Changed Mind,4,2816.29,Rejected
R02702,S013488,2023-11-01,P0320,C00818,Better Price Elsewhere,-1,N/A,Approved
R00672,S001224,2023-11-14,P0391,C00664,late delivery,N/A,375.32,Approved
R01155,S001710,"Sep 14, 2023",P0390,C00279,late delivery,1,821.83,PENDING
R00423,S015600,2024-01-09,P0089,C00001,Not As Described ,null,"$1,052.64",Pending  
R01365,S003619,2024-11-21,P0360,C00155,Defective,N/A,2128.86,REFUNDED
R02636,S010946,23/12/2023,P0306,C00554, Not as Described,1,$421.01,Approved
R02065,S010654,2025-12-14,P0354,C00681,Wrong Item,1,565.42,Pending
R01885,S002601,2024-03-15,P0409,C00811,Damaged in Shipping  ,-1,906.25,REJECTED
R01369,S008243,2025-02-10,P0072,C00700,changed mind,3,$238.24,Approved
R02054,S009614,26/11/2023,P0059,C91927,better price elsewhere,1,319.61,pending
R00754,S006294,2025-04-03,P0130,C00388,Late Delivery,2,2442.45,Approved
R01130,S016829,02-13-2024, P0327 ,C00886,Changed Mind,3,565.61,rejected
R02731,S015262,2023-04-09, P0277 ,C00287,Late Delivery,1,1448.12,PENDING
R00784,S017297,06-23-2024,P0422,C00851,Changed Mind,1,1135.98,refunded
R00391,S005362,2025/01/21,P0210,C00645,Late Delivery,4,778.89,rejected
R01994,S009536,2024-10-25,P0396,C00276,Defective,1,82.50,REJECTED
R02875,S004355,2024-12-22,P0296,C00154,better  price elsewhere,2,584.68,APPROVED
R00477,S018152,NULL,P0179,C00877,Wrong Item,1,$56.74,Refunded
R01472,S019487,01-24-2024,P0301,C00186,not as described,4,1453.27,Pending
R00020,S013055,2024-12-15,P0109,C00535 ,Late Delivery,1,"$1,267.13",Pending
R02896,S016601,2023-11-20,P0162,C00427,wrong item,1,1437.61,Pending
R02645,S014001,2024-12-26,P0294,C00649,damaged in shipping,2,876.89,Pending
R00694,S009903,2024-09-12,P0244,C00417,Not as Described,1,2137.98,refunded
R02343,S014943,2023/07/22, P0146 ,C00503,Wrong item sent,1,$400.99,Approved
R00078,S971341,2023-06-02,P0473,C00546,Changed Mind,1,1198.61,Pending
R00724,S016822,09-19-2024,P0294,C00242,Defective,1,$426.78,PENDING
R02384,S009738,"Dec 21, 2024",P0269,C00463,,2,1212.60,REFUNDED
R00222,S971452,2025-12-19,P0213,C00148,Defective,2,"$2,235.47",Approved
R02686,S907683,2024-04-16,P0169,C00661,  damaged in shipping ,1,924.02,Refunded
R02193,S008729,17/03/2025,P0035,C00708,Changed Mind,1,222.63,PENDING
R00916,S013557,13/08/2023,P0164,C00084 ,Wrong Item,2,998.24,
R02489,S002082,2025-03-15,P0270,C00836,Late  Delivery,2,667.13,Approved
R02223,S013094,08-03-2023,P0052,C00493,Changed Mind,-1,167.43, Refunded
R02555,S006842,2025-12-19,P0151,c00722,wrong item,1,641.73,APPROVED
R00363,S000748,2024-09-29,P0305,c00514,Late Delivery,2,1266.58,  refunded 
R00014,S015291,2025-09-17,P9309,C00947,DEFECTIVE,1,534.14,Approved
R01819,S001274,2025-03-24,P0231,C00071,Changed Mind,3,null,Rejected
R02215,S009798,2023-07-31,P0383,C00401,Wrong item sent,4,"$8,172.78",Approved
R02414,S009890,2025-02-24,P0429,C00658,Better Price Elsewhere,1,644.39,Refunded  
R00340,S013422,2024-07-26,p0186,C00095,Damaged in Shipping,1,569.89,Approved  
R01423,S005308,"Sep 23, 2025",P0474,C00474,Better Price Elsewhere,1,233.31,PENDING
R02891,S015783,2024-05-17,P0114,C00426,  Changed Mind ,1,"$2,384.85",N/A
R00785,S014848,2025-01-05,P0249,C00071,Changed Mind,2,145.59,Approved
R01812,S016070,12-20-2023,P0037,C00736,defective,1,351.39,rejected
R01566,S006786,2024-10-16,P0101,C00340,Changed Mind,2,806.86,Pending
R01944,S004386,29/12/2023,P0250,C00003,Changed Mind,1,568.02,Approved
R02868,S004215,2024/03/20,P0346,C00198,Better Price Elsewhere,2,717.19, Pending
R02332,S009086,2025/03/16,P0320,C00858,changed mind,1,$478.69,NULL
R00416,S006755,2025-12-22,P0267,C00239,changed  mind,1,"$2,293.53",Pending
R00950,S004522,2023-05-24,P0277,C00386,wrong item,2,2798.08,Rejected
R00219,S010805,2024-05-22,P0122,C00686,Changed Mind,1,203.04,refunded
R02940,S000054,2024-02-22,P0459,C00032,Changed Mind,4,1107.66,  Refunded 
R02685,S010406,2024-08-11,P0343,C00079,Wrong item sent,1,$607.75,Pending
R02086,S012929,"Aug 03, 2024",P0218,C00260,Wrong item sent,1,"$1,598.54",Rejected
R02872,S008288,"May 17, 2025",P0137,C00283,  better price elsewhere ,1,1637.21,PENDING
R00181,S015124,2023-12-14,P0442,C00551, Not as Described,1,315.78,Approved
R02833,S018466,2025-04-10,P0261,C00698,Damaged in Shipping,1,454.55,Approved
R02651,S002964,02-11-2024,P0244,C00755,,2,"$4,085.52",Approved
R01931,S017728,11/08/2023,P0343,C00208,changed mind  ,3,1405.54,  Rejected 
R02590,S019064,2024-06-05,P0096,C00380,Late Delivery,1,114.88,Refunded
R00563,S001345,23/02/2024,P0441,C00468, Damaged in Shipping,1,806.16,Rejected
R00232,S006004,2023-02-17,P0227,C00693,Wrong Item,1,$206.70,APPROVED
R02156,S013558,2025-11-13,P0425,C00836,Defective,1,698.74,Pending
R02539,S010214,2025-06-17,P0080,C00898,not as described,2,448.66,Rejected
R02881,S001423,2024/01/22,P0176,C00797,Changed Mind,N/A,394.61,Refunded
R02761,S018209,2023-07-25,P0046,C00024,Late Delivery  ,1,1675.28,Rejected
R02704,S011114,11-21-2024,P0098,C00794,Changed Mind,2,547.37,pending
R00373,S005199,29/04/2023,P0472,C00658,CHANGED  MIND,1,$244.18,Rejected
R01912,S015686,2025-01-15,P0469,C00039,Changed Mind,2,2297.13,PENDING
R02153,S009688,2024-12-22,p0449,C00099,DEFECTIVE,1,1731.94,Pending
R00425,S014538,2024-07-31,P0416,C00498,Better Price Elsewhere,1,2341.26,PENDING
R01508,S001214,17/08/2023,p0436,C00468,Changed Mind,1,$450.90,Pending
R02447,S003816,2023-04-25,P0257,C00439,Damaged,1,37.26,Approved
R00393,S005271,12-16-2025,P0332,C00493,Damaged,1,2234.64,Refunded
R00701,S013500,2023-03-23,P0117,C00180,defective,NULL,$714.42,  Approved 
R00119,S000789,2025-09-19,P0166,C00413,better price elsewhere,1,"$1,954.26",refunded
R02901,S013310,2025-04-26,P0005,c00385,Better Price Elsewhere,1,302.89,Refunded
R01682,S010599,2025-03-07,P0133,C00713,Damaged in Shipping,1,$33.35,refunded
R00260,S013443,11/10/2023,P0287,C00751,Late Delivery,1,N/A,APPROVED
R02746,S008114,12-31-2023,P0409,C93629,CHANGED  MIND,1,$981.44,rejected
R02354,S009863,2024-05-10,P0340,C00044,Damaged in Shipping,1,144.93,refunded
R00251,S006709,2025-07-21,P0269,C00796,Wrong item sent,-1,569.33,rejected  
R02402,S006932,2025-05-09,P0464,c00526,late delivery,1,$664.31,Refunded
R01653,S006862,2023-03-11,P0468,C00790, better price elsewhere,1,298.91,Approved
R01160,S003264,2025-05-25,P0031,C00164,Wrong item sent,2,1219.79,Approved
R00845,S008979,2024-12-31,P0182,C00635,Damaged in Shipping,2,372.43,
R00953,S002983,2025-07-18,P0175,C00741,Defective,2,897.51,Rejected
R00139,S009824,2024-03-17,P0208,C00779,damaged in shipping,1,1103.57, REJECTED
R01993,S003083,2024-10-12,P0204,C00846,Late Delivery,1,940.40,Refunded
R00100,S019511,2025-05-08,P0040,C95384,Better Price Elsewhere,1,"$1,606.78",refunded
R01967,S003177,2024-06-11,P0407,C00407,,1,NULL,PENDING
R00780,S013915,13/12/2024,P0125,C00571,Wrong Item,1,345.11,rejected
R01583,S007398,2024-03-05,P0472,C00108,better price elsewhere,1,225.35,Pending
R02134,S011058,2023-05-20,P0256,c00011,Better Price Elsewhere,1,309.24,Pending
R00009,S008866,18/02/2025,P0061,C00064,wrong item,N/A,1032.11,Rejected
R02691,S010535,2024-08-15,P0476,C00794, Changed Mind,1,1767.13,Refunded
R01263,S018162,"Dec 30, 2024",P0403,C00709,Better Price Elsewhere,1,1772.25,Pending
R00117,S013812,"Jul 06, 2023",P0231,C00614,DEFECTIVE,2,4054.60,Rejected
R02624,S010066,"May 29, 2023",P0123,C00082,Late Delivery,3,2319.05,Rejected
R00814,S016135,2024-01-16,P0282,c00455,Wrong Item  ,2,761.41, Pending
R02417,S001635,2025-09-04,P0422,C00899,Better Price Elsewhere,3,3554.22,
R00923,S006083,2023-03-05,P0006,C00137,late delivery,1,587.37,Rejected
R00996,S016294,2025/12/09,P0230,C00612,late delivery,1,704.95,Approved
R01797,S001244,2023-06-03,P0307,C00520,Damaged in Shipping,-1,"$1,150.85",rejected
R02355,S009063,2025-06-25,P0151,C00329,  Changed Mind ,-1,$746.28,Approved  
R00908,S002060,2023-05-16,P0110,C00521,better price elsewhere,4,3877.24,  Refunded 
R00245,S002932,2023-10-20,P0226,C00591, Not As Described ,2,268.06,PENDING
R01122,S011331,2024-08-29,P0139,C94184,Wrong Item,4,1858.60, REJECTED
R00168,S007480,2024-05-16,P0179,c00143,Not as Described,1,55.75,rejected
R01744,S007782,2024-07-21,P0213,C00257,  Defective ,2,2151.92,Approved
R01801,S006183,07-01-2024,p0130,C00469,  Late Delivery ,3,3942.82,Approved
R02610,S013356,2024-01-08,P0278,C00837,late delivery,1,302.03,Refunded
R01135,S003301,2025-05-20,P0466,C00657,not as described,1,"$1,246.05",  REFUNDED 
R00135,S013070,2023-12-20,P0442,C00676,Wrong Item  ,2,589.54,Pending
R00237,S000213,2024-10-24,P0213,C00661,Damaged,3,"$2,794.16",rejected
R02067,S013713,2024-10-13,P0115,C00296,wrong item,2,"$4,070.59",Refunded
R00538,S004339,2025-01-29,P0333,C00338,Defective,2,1651.43,Approved
R00954,S003966,2024-11-06,P0231,C00202,DEFECTIVE,-1,2187.79,Approved
R01810,S004653,12-19-2024,P0276,C00019,not  as described,2,2191.27,REFUNDED
R02744,S018421,20/12/2025,P0058,C00036,,2,3161.41,Rejected  
R00278,S001819,2023-11-27,P0143,C00880,Wrong Item,3,5006.39,Refunded
R00263,S004093,2024-06-01,P0407,C00135,not as described,1,510.60,PENDING
R02243,S008755,2024-04-25,P0061,C00162,Better Price Elsewhere,1,1022.21,REFUNDED
R00647,S002318,2024-07-31,P0440,C00771,Damaged,2,872.62,Approved
R01254,S011692,2023-12-16,P0171,C00007,Not as Described,1,750.17,N/A
R00544,S000865,08/07/2024,P0302,C00766,Damaged in Shipping,2,$689.44,Pending
R02187,S015407,2025-12-31,P0075,C00085,Wrong Item,2,419.95,PENDING
R01678,S014529,2024-10-09,P0237,C00322,Changed  Mind,2,2619.58, refunded
R00715,S014776,08-12-2025,P0292,C00818,Changed Mind,1,375.43,APPROVED  
R02301,S000447,17/11/2024,P0108,C00571,better price elsewhere,1,374.82,rejected
R02456,S007466,2024-01-24,P0042,C00508,not as described,3,"$1,007.47",rejected
R02655,S009407,2023/06/10,P0062,C00132,not as described,null,$73.98,Approved
R01251,S006239,2024-06-10,P9264,C00667, Damaged in Shipping,1,1695.39,pending
R02293,S007203,2023-12-19,P0010,C00225,not as described,2,833.23,Pending
R02440,S011732,2024-09-10,P0337,C00322,Wrong item sent,1,759.12,Refunded
R02595,S019221,2024-05-15,P0104,C00420,null,1,1570.45,Pending
R01231,S001205,2023-03-17,P0220,C00281,Changed Mind,1,224.90,Rejected
R02438,S018611,2024-02-06,P0477,C00054,Faulty,4,3454.69,approved
R02677,S010306,2025-06-06,P0419,C00736,Changed Mind,1,1314.54,Rejected
R01312,S012403,2023-10-16,P0023,C00657,Wrong item sent,1,946.04, APPROVED
R02392,S010794,2025-01-05,P0170,C00681,Better Price Elsewhere,1,478.19, Approved
R02183,S004924,02/03/2024,P0468,C00300,Damaged in Shipping,1,$273.22,null
R00885,S017783,2024-07-08, P0160 ,C00518, Changed Mind,1,N/A,REJECTED  
R01245,S006380,2025-08-06,P0072,C00256,Damaged,1,78.60,Rejected
R00586,S003073,2025-08-22,P0264,C00378,,2,4369.59,Refunded
R01286,S009717,2024/11/23,P0382,C00699,late delivery,2,1341.60,Rejected
R00643,S004541,2025-03-31,P0278,C00667,Not As Described ,1,358.51,
R00572,S009489,03-27-2024,P0189,C00764,Faulty,3,402.19,REJECTED
R01436,S000854,"Nov 27, 2025",P0356,C00945,Defect,1,674.32,Pending
R02420,S000878,2024-11-24,P0468,C00092,  Changed Mind ,1,$250.85,refunded
R00351,S014244,2023-10-04,P0268,C00105,Not as Described,1,575.80,rejected
R00106,S011706,07-23-2025,P0170,C00791,Damaged in Shipping,2,$921.81,Refunded
R02015,S001009,17/11/2025,P0088,C00526,Changed Mind,1,327.95,APPROVED  
R00719,S006612,2025-10-15, P0209 ,C00713,Damaged  ,2,104.91,Pending
R02309,S002916,2023-07-14, P0474 ,C00179,not as described,1,242.99,approved
R01878,S011886,06-30-2024,P0053,C00015,Late Delivery,-2,$165.29,
R01091,S007967,2025-08-13,P0189,C00272 ,Wrong Item,-1,123.92,  Rejected 
R01054,S006218,2025-06-20,P0179,C00759,changed mind,1,$62.36,Refunded
R00782,S015917,06-10-2025,P0013,C00341,Damaged in Shipping,2,1128.36,Approved
R02275,S016103,13/01/2025,P0277,C00718,Defective,5,"$6,029.30",Pending
R01595,S011810,10/09/2025,P0390,C00585,Late Delivery,1,770.16,Pending
R01786,S005028,2023-09-12,P0082,C00868, Better Price Elsewhere,2,$272.67,rejected
R02626,S017973,2023-05-30,P0084,C00326,Wrong item sent,1,1918.38, Pending
R01853,S001556,2023-04-13, P0202 ,C00774,Defective,1,800.72,null
R01938,S018986,2025-12-21,P0225,C00946,Wrong Item,1,546.60,
R02665,S014904,08-16-2025,P0015,C00394,late delivery,1,371.93, Refunded
R01021,S004193,2025-10-25,P0094,C00749,Better Price Elsewhere,1,382.62,REFUNDED
R00709,S006113,04-26-2023,P0266,C00008,  Not as Described ,1,473.48,Refunded
R01811,S938627,2024-01-29,P0474,C00413,better price elsewhere,1,229.25,Pending
R00966,S007119,2025-06-19,p0467,C00197,Wrong Item,1,$195.45,PENDING
R02139,S005439,,P0284,C00057,Wrong  Item,1,1856.45,Pending  
R02781,S014552,2024-10-27,P0157,C00190,Faulty,1,549.27,  approved 
R02649,S000197,2023-12-05,P0376,C00778,Not As Described ,4,2087.34,REFUNDED
R02927,S014940,28/04/2024,P0396,C00694,Late Delivery,2,156.42,Approved
R02302,S018464,2025-08-19,P0132,C00710,Defective,1,null,Approved
R01318,S018896,2024-10-13,P0083,C00309,Better Price Elsewhere,1,561.04,refunded
R01264,S006375,2023-04-25,P0470,C00619,Wrong  Item,2,$273.38,
R02748,S001116,2024-01-28,P0061,C00090,Damaged in Shipping  ,1,863.54,Rejected
R00772,S000858,2025-06-05,P0343,C00908,Not As Described ,1,486.90,Pending
R00531,S017686,07-20-2025,P0005,C00892,Not as Described,1,289.05,Approved
R01830,S001800,2024-08-16,P0396,C00848,not as described,2,176.57,Pending
R01360,S004018,2024-02-02,P0382,C00748, Damaged in Shipping,1,615.29,Refunded
R02471,S000710,2023-08-07,P0332,C00067,Late Delivery,1,"$2,304.36",REJECTED
R02286,S018074,"Jan 07, 2024",p0010,C00195,wrong item,2,872.11,Refunded
R00742,S008559,17/04/2024,P0104,C00319 ,Damaged in Shipping,1,NULL,Approved
R01490,S006355,2025-06-06,P0096,C00814,CHANGED MIND,4,476.04,Approved
R01366,S017839,2023-11-09,P9401,C00094,  damaged in shipping ,,$227.09,Pending
R00657,S011073,2025-11-28,P0323,C00626,Better Price Elsewhere,1,576.18,REFUNDED
R00578,S018993,2023-09-22,P0039,C00060,defective,1,NULL,Refunded
R00218,S018171,2025-09-21, P0126 ,C00499,Better Price Elsewhere,1,$831.90,refunded
R02235,S015639,2023-05-19,P0314,C00472,Wrong Item  ,3,770.70,Rejected
R00702,S013436,2023/03/24,P0315,C00332,Damaged in Shipping,1,1054.12,Pending
R01197,S000578,30/03/2024,P0109,C00452,Not as Described,1,1302.47,Refunded
R01708,S002614,2025-01-12,P0055,C00703,Damaged in Shipping,1,1730.01,Approved
R00223,S006610,2024-12-07,P0480,C00118,Defective,2,1349.84,PENDING
R02816,S015440,30/10/2025,P0080,C00700,N/A,2,482.67,
R01776,S017979,2023-03-07, P0394 ,C00231,Wrong item sent,-4,479.47,Rejected
R02886,S009095,18/10/2024,P0067,C00358,Not As Described   ,4,2427.78,Refunded
R00039,S005727,2023-06-11,P0145,C00661,Wrong Item,1,354.65,refunded
R02014,S009532,2025-06-11,P0409,C00006,Defective,1,877.53,Refunded
R00180,S007334,10/04/2024,P0410,C00545,Changed Mind,1,$669.18,null
R01910,S000365,10/02/2025,P0030,C00694,Late Delivery  ,2,440.97,Rejected
R02189,S017743,2023-04-01,P0340,C00657,changed mind,1,155.05,refunded
R01500,S003064,2024-11-27, P0206 ,C00363 ,wrong item,1,$349.27,refunded
R02529,S001127,03-01-2025,P0055,C00377,wrong item,3,5292.80,Pending
R00589,S001750,08-18-2023,P0077,C00100,defective,1,NULL,  rejected 
R00590,S013623,2023-10-15,P0209,C00196,Defective,1,43.81,  Approved 
R02738,S007898,2025-05-23,P0142,C00243,Late Delivery,1,232.02,Refunded
R00190,S013438,17/07/2025,P0253,C00519,Not As Described ,2,333.05,Refunded
R02279,S017543,2025-05-20,P0356,C00249,Better Price Elsewhere  ,1,$541.99,Rejected
R00331,S012361,2023-03-14,P0270,C00745,Changed Mind  ,-1,404.19,Pending
R02418,S015566,04-09-2025,P0005,C00437,Damaged in Shipping,1,266.99,Approved
R02433,S014729,22/08/2023,P0033,C00477,better  price elsewhere,2,"$2,165.50",Approved  
R02752,S001342,2025-04-27,P0184,C00869,Changed Mind,1,"$2,191.54",  Rejected 
R02368,S012064,2025-08-16,P0044,C00125,Not  as Described,1,418.13,Rejected
R00072,S016900,2023-01-31,P0110,C00101,Changed Mind,1,982.82,Rejected
R02371,S006769,2024-01-16,P0474,C00458,Damaged in Shipping,2,$440.79,Approved
R00652,S014350,2023-10-16,P0073,C00216, wrong item,4,5409.75,Pending  
R00952,S006899,2024-01-23,P0368,C00478, Defective,2,1162.51,rejected
R02135,S004416,2023-02-26,P0162,C00113,changed mind,1,1400.79,Approved
R02856,S017823,2024-06-20,P0349,C00089,Wrong item sent,1,1712.06,refunded
R00165,S005483,2025-11-02,P0149,C00288,CHANGED MIND,1,339.18,N/A
R01814,S016561,"Dec 05, 2024",P0480,C00192,late delivery,2,1189.45,Refunded
R01959,S006986,03-27-2024,P0222,C00814,Defective,2,3140.69,Pending
R00760,S001889,"Jan 31, 2025",P0079,C00863, Not As Described ,3,390.57,APPROVED
R02132,S010852,2025-04-25,P0439,C00939,null,-3,"$2,636.86",Pending
R02830,S015359,2025-09-21,p0103,C00597,Changed Mind,3,666.31,Refunded
R01548,S007894,2024-08-10,P0060,C00442,Damaged in Shipping,3,2355.98,Refunded
R01191,S004512,2024-11-21,P0474,C00100,Defective,1,$222.21,Approved
R00337,S007299,2024-01-18,P0124,C00446,Wrong Item,1,935.77,pending
R02042,S018091,2024-11-13,P0261,C00020,better price elsewhere,2,1055.05,  Rejected 
R01186,S012696,2025-10-12,P0126,C00213,changed mind,1,783.46,rejected
R01432,S008149,04/06/2023,P0219,C00337,DEFECTIVE,1,313.64,Approved
R02208,S008404,2024-07-18,P0324,C00837,Not as Described,1,355.73, Pending
R02057,S018593,10-21-2023,P0344,C00630,Defective,1,492.21,null
R02007,S009470,2023-07-02,P0439,C00294, DEFECTIVE,2,1751.21,Rejected
R02867,S011550,2025-09-28,p0381,C00303,Late Delivery,2,1300.32,N/A
R01833,S010255,2024-09-21,P0141,C00323,Not as Described,1,$105.04,PENDING
R00585,S012809,2023-08-23,P0394,C00635,better price elsewhere,1,119.48,Rejected
R02443,S006675,2025-03-22,P0271,C00358,better price elsewhere,1,456.77,Approved
R01981,S009563,2023-09-08,P0015,C00076, late delivery,1,321.90,Approved
R01461,S002297,2023-09-18,P0135,C00619,late delivery,2,48.92,Pending
R02176,S016267,2024-08-13,P0271,C00704,CHANGED MIND  ,2,811.88,Pending
R01464,S000125,2024-01-30,P0399,C00859,damaged in shipping,1,293.62,Approved
R02409,S006889,2023-08-18,P0331,C00800, better price elsewhere,1,753.10,Rejected
R02096,S008550,2024-03-31,P0222,C00586,CHANGED MIND,3,4285.59,Approved
R00948,S017983,17/08/2025,P0047,C00640,wrong item,2,1343.25,Pending
R02661,S001863,2025-12-31,P0063,C00078,Late Delivery,3,"$2,050.14",Approved
R00668,S017074,2023-09-24,P0028,C00456,Damaged in Shipping,4,7121.95,REFUNDED
R00378,S011194,2025-03-23,P0130,C00929,Changed Mind,4,5517.22,APPROVED
R02897,S000146,2023-04-01,P0463,C00223, Late Delivery,-2,4018.53,Refunded
R02569,S006759,2025-09-01,P0206,C00628,  Wrong item sent ,2,727.19,PENDING
R00430,S006150,"Mar 14, 2023",P0471,C00616,Late Delivery,null,192.93,Approved
R01504,S016882,2023-12-10,P0202,C00809,N/A,1,686.31,approved
R00629,S013507,27/08/2023,P0150,C00101 ,changed mind,2,1369.76,Refunded
R00791,S016758,2024-11-07,P0457,C00718, DEFECTIVE,1,112.28,Approved
R01522,S015967,2025-11-01,P0224,c00387,Changed Mind,2,348.93,Refunded
R00712,S010357,12-14-2024,P0405,C00237,Wrong Item,2,2915.24,Approved  
R01385,S011027,24/06/2024,P0150,C00586,Damaged,2,1682.42,refunded
R02219,S006043,11-06-2025,P0097,C00129,not as described,1,728.08, Refunded
R00956,S017167,2024-04-20,P0076,C00293,Late Delivery,1,N/A,Rejected
R00891,S005419,2024-06-19,P0238,C00287,Not as Described,3,701.88,Refunded
R00881,S001829,2024-08-26,P0249,C00250 , Faulty,3,$206.20,pending
R00238,S015795,2023-01-29,P0468,C97058,Late Delivery  ,2,510.69,Pending
R00431,S019217,2023-08-14,P0212,C00283,not as described,3,"$4,890.59",Pending
R01253,S010626,2025-04-13,P0176,C00258,defective,1,386.46,Refunded
R01262,S016447,06-12-2024,P0201,C00067 ,Late Delivery,2,2657.06,pending
R02680,S019165,04-29-2024,P0085,C00630,Defective,1,817.27,Approved
R00523,S014172,08-03-2024,P0379,C00807,Better Price Elsewhere,2,4935.41,Rejected
R01832,S015742,2025-07-27,P0054,C00776,Late Delivery,3,900.34,Rejected
R01788,S002497,07/12/2024,P0273,C00516,Faulty,1,2178.06,Pending
R01582,S014669,2023-07-26,P0391,C00391,Late Delivery,1,390.70,APPROVED
R02379,S008009,2023-07-16,P0302,C00247 , changed mind,2,752.30,pending  
R02910,S011257,,P0442,C00885,Changed Mind,1,251.59,Refunded
R01358,S010756,09-09-2023,P0197,C00239,Late Delivery,1,690.46,Pending
R00411,S015040,2025-08-26,P0171,C00800,Damaged in Shipping,1,837.46,pending
R02118,S011451,01-29-2025,P0362,C00592,CHANGED MIND,1,701.71,Pending
R02312,S015744,2023-09-06,P0259,C00514,late delivery,1,315.72,Rejected
R00248,S017508,03/04/2024,P0297,C00009,CHANGED MIND,2,1244.41,Approved
R02780,S018070,2024-02-03, P0393 ,C00325,  DEFECTIVE ,,1345.65,N/A
R00377,S012528,2023/11/24,P0163,C00336,Wrong Item,4,2762.86, Refunded
R02209,S012055,11/08/2024,P0456,C00333,Defective,1,380.22,Refunded
R01849,S017119,06/11/2024,P0358,C00606,Changed Mind,1,495.40,REFUNDED
R00293,S009522,31/12/2025,P0225,C00447,Defective,1,$598.30,PENDING
R01129,S012695,2023-04-07,P0337,C00761,Late Delivery,NULL,$737.76,Pending
R01978,S011203,28/10/2024,P0205,C00091,defective,3,7665.19,refunded
R01767,S009592,2024-06-19,P0379,C00225,better price elsewhere,1,2194.67,Pending
R01510,S004685,2023-08-04,P0301,C00033,Not As Described ,2,842.44,pending
R00664,S013978,2023-12-25,P0155,C00338,Changed  Mind,2,933.25,null
R00776,S001249,2024-08-15,P0260,C00147,Damaged,1,220.06,refunded  
R00170,S002648,"Dec 31, 2025",P0266,C00782,Better Price Elsewhere,1,468.28,N/A
R02089,S015416,2025-08-13,P0252,C00457,  Late Delivery ,5,1464.70,Rejected
R02221,S016121,2023-03-05,P0112,C00832,Not As Described ,2,644.23,Rejected
R00877,S018819,2025-08-14,P0182,C00271,Not as Described,3,677.04,Rejected
R00693,S000788,2023-05-07, P0182 ,C92282,wrong item,1,201.67,Refunded
R00068,S011512,24/08/2023,P0170,C00284,Damaged,-1,453.32,Pending
R00799,S007028,07-04-2025,P0173,c00788,Late Delivery,,891.43,
R00149,S016935,2024-06-01,P0257,C00323,Not as Described,3,115.73,Pending
R00494,S012629,2025-04-19,P0382,C00680, CHANGED MIND,1,608.37,Pending
R01564,S005078,2024-06-12,P0126,C00860,Damaged in Shipping,1,$841.58,PENDING
R02544,S014295,2025/09/29,P0350,C00751,Late Delivery,1,$250.29,Approved
R00380,S001102,2024/03/24,P0474,C00630,NULL,2,462.73,Approved
R02146,S003880,2024-02-21,P0142,C00741,Wrong Item,2,null,Rejected
R01048,S003227,2024-07-19,P0016,C00191,changed mind,3,"$4,861.05",REFUNDED
R00315,S010532,21/01/2025,P0388,C00425,late delivery  ,5,544.55,PENDING
R00759,S014973,12-27-2025,P0354,C00293,changed mind  ,2,"$1,183.81",Approved
R00681,S001893,2024-11-28,P0187,C00063,Damaged in Shipping  ,3,,REFUNDED
R00151,S002486,2025-02-13,P0409,C00683,Late Delivery,1,909.67,Refunded
R02524,S018298,02-08-2024,P0208,C00045,Not as Described,1,1187.78,Pending
R01452,S008688,09-17-2024,P0281,C00334, Changed Mind,-2,1273.59,Approved
R00678,S008754,20/08/2025,P0140,C00911,Damaged,-1,411.70,Refunded
R02147,S009999,2024-04-05,P0427,C00474, Late Delivery,1,243.21,Refunded
R02188,S007109,2025-08-10,P0096,C00730,Wrong Item,1,95.31,PENDING
R01825,S010658,2025-10-21,P0476,C00206,better price elsewhere,1,"$1,593.44", Rejected
R02762,S014303,07-01-2023,P0048,C00168,Damaged in Shipping,1,$872.78,Pending
R02155,S011576,2023-12-29,P0287,C00692,Not as Described,1,117.88,approved
R02818,S002029,2024-12-05,P0336,C00823,not as described  ,1,235.51,rejected
R01973,S019572,2025-09-14,P0007,C00822,Damaged in Shipping,4,576.71,Refunded
R01790,S008010,2024-08-08,P0063,C00303,Late Delivery,2,NULL,null
R02760,S011609,14/08/2025,P0262,C00477,Better Price Elsewhere,1,235.49,PENDING
R02551,S017142,2024-06-16,P0233,C00606,Defect,4,"$1,754.37",Pending
R00134,S003657,06-05-2023,P0421,C00351,Better Price Elsewhere,1,130.50, Approved
R02586,S005434,2023-06-18,P0350,C00875,  Defective ,3,698.51,Approved
R00969,S017133,2025-02-14,P0342,C00132,Defective,1,63.07,refunded
R00744,S006609,2023-09-20,P0196,C00777,Not As Described ,1,179.47,APPROVED
R02751,S010546,2023-10-31,P0090,C00066,Defective,2,251.61,  Approved 
R00083,S013306,25/05/2023,P0358,C00333,better price elsewhere,2,890.30,Rejected
R01260,S018845,2024-12-28,P0177,C00385,late delivery,3,5881.42,Pending
R00250,S006164,05-13-2025,P0043,C00798,Wrong item sent,1,306.60,Refunded
R02669,S004063,"Aug 14, 2024",P0199,C00276,Wrong Item,3,767.01,Rejected
R00570,S017999,2024-09-20,P0329,C00820,better  price elsewhere,1,541.71,Rejected
R00500,S008106,05-30-2023,P0098,C00929, late delivery,2,$554.29,Refunded
R00307,S015790,2024-07-12,P0244,C00120,CHANGED MIND,3,N/A,Refunded
R01376,S016626,2024-04-20,P0383,C00173,Late Delivery,1,2150.15,Refunded
R02019,S018180,2025-02-05,P0179,C00055,wrong item,3,186.16,Approved
R02900,S012934,07-02-2023,P0173,C00214,Defective,1,181.22,Rejected
R00321,S016730,2025-12-04,P0082,C00195,Late Delivery,1,114.62,  rejected 
R01388,S010940,2024-07-20,P0137,C00839,Not as Described,1,1832.73,Refunded
R01911,S014297,02/04/2024,P0299,C00800,Wrong Item,2,943.97,Pending
R01381,S017159,12-10-2025,P0263,C00624,  Not as Described ,NULL,553.03,PENDING
R00409,S011907,2024-05-31,P0225,C00302,CHANGED MIND,1,597.00,  Pending 
R02630,S000554,2024-03-21,P0132,C00488,CHANGED MIND,1,N/A,pending
R00612,S003084,2023-11-18,P0143,C00520,Damaged,2,3250.23,APPROVED
R02164,S010814,2025-03-24,P0046,C00309,late delivery,1,1464.95,refunded
R02053,S005429,"Dec 03, 2025",P0220,C00778,Better Price Elsewhere,1,192.85,Refunded
R01780,S015169,2024-11-09,P0413,C00675,Better Price Elsewhere,2,154.79,Rejected
R01459,S019016,2024-01-16,P0157,C00484,Changed Mind,1,477.30,Rejected  
R00375,S005601,2024-04-20,P0130,C00693,late delivery,-1,1300.66, Pending
R00267,S004342,2025-05-21,P0114,C00348,Defective,1,2042.64,Refunded
R00350,S019438,2023-10-24,P0300,C00210,Defective,4,1643.85,REFUNDED
R00318,S010641,02/05/2024,P0307,C00322,Wrong Item,1,880.90,Refunded
R02307,S000348,2024-12-27,P0046,C00110,Wrong item sent,1,1664.30,Approved
R02399,S017934,04-16-2023,P0190,C00551, Not as Described,1,761.84,Rejected
R01255,S013293,2025-01-16,P0031,C00440,Damaged in Shipping,1,NULL,Approved
R00273,S007981,04-02-2023,P0458,C00361,Defective,3,2040.70,REJECTED
R01718,S013113,2023-07-25,P0452,C00822,Damaged in Shipping,2,$461.94,Pending
R01407,S011563,01/09/2023,P0265,C00745,Damaged in Shipping,2,2169.12,REJECTED
R02262,S005588,2023-03-25,P0426,C00294,Damaged in Shipping,1,null,Pending
R01523,S014181,2024-08-01,P0391,C00761,  CHANGED MIND ,1,$363.77,
R02431,S006199,2025-03-07,P9717,C00375,DEFECTIVE  ,2,$468.14,Refunded
R00022,S008531,2023-08-12,P0468,C00777,Changed Mind,4,1213.01,Pending
R01353,S013625,2025-11-26,P0436,C00814,Late Delivery  ,1,$420.33,rejected
R02444,S017216,2025-05-03,P0432,C00803,not as described,1,1356.08,REFUNDED
R00810,S016210,11-23-2025,P0322,C00297,Damaged in Shipping,2,$299.10,refunded
R00136,S015252,2024-08-13,P0191,C00232,Damaged in Shipping,1,66.88,pending
R01774,S008844,2023/05/03,P0012,C00932,changed mind,1,85.10,Rejected
R01475,S017806,2024-02-16,P0063,C00196,Changed Mind,-4,3329.11,REFUNDED
R01083,S007681,2025-12-31,P0181,C00184,wrong item,2,1425.86,Pending
R02406,S000716,"Mar 04, 2023",P0281,C00004,Better Price Elsewhere,2,1155.97,Refunded
R02775,S009699,2023-07-13,P0419,C00905,Better Price Elsewhere,-1,1211.92,Approved
R00055,S017037,2024-01-13,P0034,C00683,Not as Described,1,$111.25,null
R00562,S018585,12-31-2025,P0441,C00771,Defective,2,1833.53,rejected
R00964,S011720,2024-07-22,P0216,C00678,Late Delivery,2,509.30,REFUNDED
R02049,S007990,2023-06-16,P0134,C00699,  CHANGED MIND ,1,,Pending
R02518,S004844,2025-04-10,P0292,C00395,Late Delivery,1,360.25,refunded
R01843,S019332,2024/10/18,P0454,C00299,Changed Mind,1,348.39,REJECTED
R01756,S000991,"Dec 15, 2025",P0066,C00808, changed mind,NULL,313.55,rejected
R01397,S011998,2024-10-03,P0282,C00703,Defective,2,823.06,Rejected
R00952,S006899,2024-01-23,P0368,C00478, Defective,2,1162.51,rejected
R00762,S016609,2023-04-05,P0310,C00102,Damaged in Shipping,1,766.78,REJECTED
R02477,S006205,2023-06-20,P0024,C00205,Damaged in Shipping,N/A,588.66,Rejected
R02793,S014853,2023/09/05,P0331,C00688,Defective,1,774.76,Refunded
R02657,S007086,2025/05/12,P0102,C00792,Defective,1,2586.51,APPROVED  
R02736,S012194,2023-06-16,P0374,C00394,late delivery,1,1580.38,Pending
R01243,S004908,2023-04-01,P0314,C00923, Damaged in Shipping,4,1018.26,Refunded
R01934,S003431,2023-04-05, P0455 ,C00374, Defect,3,1566.88, PENDING
R01613,S012958,2025-03-15,P0070,C00148,changed mind,4,1363.76,Rejected
R01656,S014048,08/03/2024,P0373,C00428,wrong item,2,2636.63,Pending
R00766,S002886,2025-06-18,P0378,C00395,Faulty,1,147.58,pending
R00084,S003189,2024-08-03,P0143,C00704,Defective,1,1584.29,rejected
R01643,S017375,2025-12-31,P0109,C00541,Late Delivery,1,1267.29,Rejected
R00626,S018905,2024-12-26,P0232,C00739,  Damaged in Shipping ,1,161.91,Approved  
R00159,S000483,2024-02-01,P0447,C00698,Not  As Described ,2,$847.49,Pending
R01342,S013414,2025-05-19,P0358,C00126,Better Price Elsewhere,3,1237.24,Rejected
R00655,S015809,2025-07-20,P0008,c00634,better price elsewhere,2,2276.82,Approved
R02857,S012151,"Dec 24, 2024", P0164 ,C00659,Better Price Elsewhere,1,539.84,Refunded
R01559,S001478,2024-05-23,P0269,C00877, late delivery,1,532.94,PENDING
R01649,S014413,2023-02-13,P0063,c00624,Not As Described ,,"$1,579.74",Refunded
R02615,S007596,2023-06-06,P0463,C00526,Not as Described,1,2119.63, Rejected
R00997,S006502,2025-06-12,P0424,C00440,  Damaged ,2,683.80,Refunded
R01230,S011272,2025-11-24,P0145,C00105,Changed Mind  ,2,NULL,Refunded
R01492,S007381,2024-01-10,P0343,C00829,CHANGED MIND,1,$523.08,Pending
R02858,S016649,2023-11-25,P0145,C00121,Late Delivery,4,1430.23,Refunded
R02202,S011777,2025-07-09,P0251,C00301,late delivery,2,3493.46,Pending
R01384,S000978,07/01/2025,P0278,C00875,better price elsewhere,2,$634.04,approved
R00864,S009103,,P0264,C00266,Better Price Elsewhere,1,1789.23,approved
R02750,S015987,2025-03-13,P0375,C00050, better price elsewhere,1,,Approved
R02242,S014029,10/09/2025,P0007,C00536,Not as Described,1,135.05,Refunded
R02375,S018792,06-20-2024,P0284,C00684,Defective,4,8404.66,Refunded
R00228,S004969,2025/12/31,P0095,C00734,Damaged in Shipping,1,2223.03,pending
R02320,S015503,2023-03-26,p0302,C00735,Better Price Elsewhere,1,385.44,PENDING
R02364,S010071,"Dec 10, 2025",P0240,C00033,Late Delivery,5,2418.83,Rejected
R01940,S015131,09-16-2024,P0395,C00726,null,1,440.40,Rejected
R01081,S009430,22/10/2023,P0263,C00650,Defective,2,"$1,033.32",Pending
R00339,S017619,2024-06-12,p0296,c00572,Changed Mind,1,286.34,Rejected
R02654,S004656,2025-09-19,P0046,c00818, Faulty,1,N/A,Refunded
R02278,S015785,2025-07-11,P0064,C00264,Late Delivery,2,$980.98,approved
R02284,S002709,2024-06-16,P0280,C00539,  better price elsewhere ,2,$764.15,  pending 
R00259,S011122,2025-12-31,P0266,C00332,Not as Described,2,870.60,
R00093,S009477,2023-03-30,P0196,C00804,changed mind,1,174.15,Rejected
R00372,S005293,05/02/2023,P0328,C00902, Changed Mind,2,$470.44,refunded
R01675,S001046,2025-02-23,P0444,C00905,Damaged in Shipping,1,$119.85, Pending
R00103,S006324,2025-08-07,P0117,C00180,,1,$664.79,Approved
R00387,S016763,07-10-2023, P0281 ,C00092,Late Delivery,1,$694.92,Refunded
R02496,S011328,02-14-2025,P0282,C00825,Better Price Elsewhere,NULL,397.24,Refunded
R00471,S013213,"Feb 23, 2023",P0329,C00703,late delivery,-1,,Approved  
R00397,S007849,2023-07-29,P0029,C00196,damaged  in shipping,2,1211.64,Refunded
R00927,S001892,2024-12-08,P0435,C00823,Better Price Elsewhere,1,814.54,Rejected
R02490,S013203,2025-10-18,P0066,C00512,damaged in shipping,-1,308.54,Approved
R00262,S018199,2023-06-17, P0023 ,C00757,Defective,-2,1914.24,Approved
R01651,S005220,"Dec 12, 2024",P0130,C00090,Faulty,3,3237.93,refunded
R01290,S953912,2023-04-20,P0253,C00669,Faulty,,353.27,Approved
R00536,S008996,2025-12-09,P0167,c00872,,-1,"$1,044.44",Pending
R02653,S012235,2025/01/09,P0449,C00776,better price elsewhere,3,6206.12,refunded
R01234,S002590,2023-08-12,P0336,C00910,Not as Described  ,1,249.07,refunded
R01747,S019031,2025-02-23,P0467,C00838,late delivery,2,406.92,Rejected
R00459,S000403,20/03/2024,P0359,C00525,,2,262.29,Refunded
R01772,S006337,2024-02-15,p0253,C00608,Defective,-2,348.25,Approved
R00859,S012353,2024-03-31,P0135,C00890,  Not As Described  ,1,24.97,null
R02671,S013852,17/03/2025,P0289,C00245,Damaged in Shipping,1,288.67,REFUNDED
R02195,S000024,2024-03-12,P0450,C00830,damaged in shipping,1,226.42,null
R02097,S006948,2023-08-14,P0428,C00826, Late Delivery,1,"$1,079.09",  REJECTED 
R01514,S012544,2024-01-09,P0028,C00289,Defect,1,1863.28,Refunded
R00815,S017392,2023-11-23,P0439,C00083, damaged in shipping,2,1851.87,Rejected
R00270,S012012,2024-01-16,P0345,C00422,Damaged in Shipping,2,495.46,Rejected
R01939,S013714,22/11/2024,P0110,C00887,Better Price Elsewhere,1,960.55, PENDING
R01862,S988683,2023-02-04,P0139,C00600,late delivery,1,$536.50,Refunded
R01200,S002761,2025-09-23,P0164,C00947,Defect,1,607.87,
R01297,S018040,07-06-2025,P0125,C00305,Better Price Elsewhere,2,737.26,Refunded
R00750,S015306,2025-07-04,P0299,C00198 ,Not as Described,1,426.86,NULL
R02337,S002952,2023-09-27,P0194,C00759,late delivery  ,2,830.10,Approved
R01428,S017627,2024-01-10,P0137,C00291,  Late Delivery ,1,1612.57,REJECTED
R01826,S015852,11-19-2025,P0209,C00504,Not As Described ,1,49.07,Pending
R02372,S015462,2025-11-18,P0217,C00199,Defective  ,4,5659.27,Rejected
R00955,S000352,2024-09-30,P0399,C00503,Not as Described,1,317.27,Pending
R01128,S014786,02-02-2025,P0296,C00344,Wrong Item,4,1395.20,Approved  
R02468,S013870,2025-04-25,P0263,C00595,Not as Described,1,493.77,Rejected
R01695,S005365,08/02/2023,P0447,C00642,Damaged in Shipping,1,,approved
R02177,S015388,05/10/2025,P0252,C00653,Defect,1,328.10,Refunded
R00530,S001113,2024-05-21,P0291,C00036,damaged in shipping,1,57.89,
R01863,S006382,2023-06-16,P0062,C00790,  not as described ,1,65.97,Refunded
R00145,S009825,2025-12-31,P0474,C00406,Changed Mind,1,243.44,Refunded
R00203,S003732,2024-07-19,P0263,C00870,late delivery,-2,"$1,038.14", Refunded
R00304,S013145,2024-11-30,P0397,C00457,wrong item,2,947.56,Rejected
R01707,S015144,2024-12-03,P0200,C00080,Not  as Described,1,594.15,Refunded
R01999,S002978,2025-06-23,P0333,C00399,better price elsewhere,1,768.23,Pending
R02161,S005052,2023-06-14,P0089,C00286,DEFECTIVE,1,1040.95, Pending
R02045,S004054,2023-02-07,P0251,C00257,Not As Described ,1,1421.03,Refunded
R01533,S015657,06/05/2025,P0184,C00709,Not as Described,2,3829.24,Pending
R00707,S000885,2025-01-16,P0156,C00328,wrong item,2,540.92,pending
R01963,S001914,2025-11-30,P0208,C00939,Damaged in Shipping,1,1236.04,Approved
R02110,S017106,2023-06-06,P0235,C00269,late delivery,1,212.53,Refunded
R00919,S018913,"Jul 04, 2025",P0013,C00378,not as described,2,"$1,240.17",pending
R00591,S011375,2025/05/25,P0407,C00866,Better Price Elsewhere,1,562.55,rejected
R02376,S001760,2024-07-15,P0014,C00596,Not as Described,2,$689.04,Approved
R01085,S015101,2024-07-30,P0177,C00083,not as described,3,"$5,764.63",refunded
R01674,S002393,2023-12-24,P0432,C00708,Late Delivery,4,"$4,865.72",Pending
R02169,S007946,2025-01-04,P0009,C00137,Better Price Elsewhere,1,1905.90,Approved
R01258,S010097,"Jun 01, 2025",P0206,C00232,Defective,1,299.73,approved
R02838,S009497,12-31-2025,P0339,C00283,defective  ,1,1418.69,Approved
R01086,S016543,2024-09-22,P0091,C00816,better price elsewhere,2,240.20,NULL
R00008,S012444,10-23-2024, P0021 ,C00796,  Better Price Elsewhere ,1,423.12,Rejected
R02909,S009869,,p0400,C00172,better price elsewhere,2,"$1,254.57", Pending
R00739,S005393,2023-05-02,P0377,C00439,defective,,249.32,Pending
R00787,S017434,2023-06-08,P0346,C00260,Wrong Item,1,307.43,rejected
R02693,S009015,2024-12-10,P0476,C00666,late delivery,3,4804.48,Refunded
R00160,S001431,2025-11-15,P0381,C00051,Changed Mind,1,671.46,Pending
R00227,S002610,2025-05-01,P0132,C00772,Damaged in Shipping,1,$336.25,REJECTED
R01528,S012976,2023-07-28,P0317,C00181,Damaged,-1,2126.63,Refunded
R01848,S006129,2024-08-25,P0183,C00087,Wrong Item,1,348.72,Approved
R02499,S012950,2023-07-28,P0444,C00496,Defective,1,114.49,Rejected
R00196,S012888,2025-12-28,P0185,C00727,damaged in shipping,1,186.18,REFUNDED
R01283,S016297,2025-11-30,P0332,C00096,not as described,2,"$4,078.13",Approved
R01311,S013884,2023-04-20,P0451,C00680,Not As Described ,-1,$282.79,approved
R02719,S017089,2024-02-05,P0069,C00497,wrong item,3,750.84,Approved
R01543,S001463,2023/06/05,P0467,C00532,Damaged,1,188.62,rejected
R02850,S017967,07/05/2023,P0477,C00181,Wrong Item  ,2,1732.37,REFUNDED  
R00598,S007533,2025-01-27,P0005,C00680,Damaged in Shipping,1,325.80,Approved
R01159,S010683,2024-12-03,P0299,C00603,damaged in shipping,2,854.43,Approved
R00470,S004303,2025-06-23,P0419,C00604,Late Delivery,5,7183.80,Refunded
R02714,S004938,2023-08-12,P0055,C00764,Late Delivery,1,1557.61,Refunded
R02273,S003783,2025-06-14,P0244,C00060, Defect,1,"$2,313.33",Rejected
R02593,S004390,2024-11-05,P0295,C00043,Late Delivery,4,5197.90,Rejected  
R01645,S016126,"May 27, 2023",P0472,C00692,Damaged,1,227.07,Approved
R02321,S004580,2025-10-10,P0144,C00850,defective,1,964.04,approved
R01615,S008936,2024-07-18,P0430,C00423,not as described,1,178.57,REFUNDED
R02619,S002303,2024-07-05,P0038,C00389,Not as Described,1,1058.41,Rejected
R00546,S007089,2024/07/28,P0159,C00247,N/A,4,"$1,262.56",APPROVED
R00507,S008397,2023-12-24,P0167,C00897,Better Price Elsewhere,1,"$1,160.20",Refunded
R01474,S015593,2025-09-09,P0333,C00054,Defective,2,1428.35,Pending
R02439,S004274,"Jun 27, 2024",P0133,C00609,Better Price Elsewhere,-2,62.75,REFUNDED
R02047,S929981,2023-04-22,P0084,C00278,Changed Mind,1,"$2,241.91",Approved
R02048,S015480,12-20-2024,P0221,C00810,Defective,2,1379.83,refunded
R02091,S019019,2024-04-04,P0204,C00029,Damaged in Shipping,2,1977.50, Approved
R00126,S002399,2025-08-04, P0233 ,C00552,Late Delivery,null,464.45,APPROVED
R02312,S015744,2023-09-06,P0259,C00514,late delivery,1,315.72,Rejected
R02905,S009701,2025-12-28,P0444,C00220,Late Delivery,1,132.40,Refunded
R01785,S016046,31/12/2023,P0332,C00314,Better  Price Elsewhere,1,"$2,141.71",Rejected
R02562,S003507,2024-05-11,P0282,C00715,Wrong item sent  ,1,400.19,Approved
R00398,S009950,2023-04-16, P0127 ,C00867, better price elsewhere,2,2336.64,Approved
R00738,S006534,2024-01-31,P0455,C00225,Defective,1,646.57,Pending
R02911,S019478,2024-12-15,P0087,C00244,wrong item,2,1870.91,Rejected
R00472,S003961,2024-05-28,P0301,C00243,CHANGED MIND  ,1,410.85,Refunded
R01296,S000486,2024-01-24,P0365,C00448,DEFECTIVE,2,215.65,Refunded
R02038,S018520,2024-06-08,P0327,C00261,not as described,1,190.27,Refunded  
R01955,S017027,2025-02-08,P0288,C00881,better price elsewhere  ,1,"$1,415.13",null
R01167,S011639,2024-09-15,P0349,C00339,Damaged,1,1858.57,Rejected
R01027,S008081,2025-06-23,P0269,C00068,Not As Described ,-4,2518.54,Refunded  
R00951,S011323,12-16-2024,P0107,C00532,better price elsewhere,1,594.91,Approved
R00076,S014159,2025-11-22,P0334,C00471,Wrong item sent,2,1924.31,rejected
R02560,S009454,12-13-2025,P0084,C00771,not as described,1,"$2,098.68",Rejected
R01302,S013509,11-21-2025,P0377,C00548,Faulty,1,239.76,refunded
R00617,S004308,"Apr 01, 2024",P0229,C00837,better price elsewhere,1,593.86,Refunded
R00182,S017432,"Jul 26, 2025",P0116,C00898, Changed Mind,1,$251.19,rejected
R02060,S002934,2025-02-28,P0078,C00397,Better Price Elsewhere,-1,$366.22,PENDING
R01378,S013072,30/08/2025,P0318,C00625, changed mind,2,2484.80,Approved
R00413,S010597,2023/06/06,P0159,C00472,late delivery,-1,$319.49,Refunded
R00781,S008370,2023-12-28,P0214,C00698,Defective,1,519.28,Pending
R02732,S007615,2025-12-08,P0413,C00544,Wrong Item,1,78.93,REFUNDED
R00766,S002886,2025-06-18,P0378,C00395,Faulty,1,147.58,pending
R02599,S013048,NULL,P0211,C00070,Not As Described ,1,602.43,Approved
R02712,S018462,2024-01-02,P0102,C00498,better price elsewhere,2,,Rejected
R01396,S014671,2023-09-30,P0338,C00483,not as described,2,2768.07,Approved
R00616,S002047,"Oct 25, 2024",P0046,C00507,Better Price Elsewhere,1,1455.88,Pending
R02220,S007945,2023-11-05,P0426,C00161,Wrong Item,null,4121.58,Rejected
R02170,S011902,2025-07-18,P0222,C00248,Better Price Elsewhere,1,1439.72,Rejected
R00156,S015975,2023-04-12,P0149,C00052,Damaged,2,N/A,Approved
R00705,S007018,2023-06-26,P0182,C00450, Not as Described,3,N/A,Pending
R02373,S013351,2025-01-27,P0176,C00721,null,4,1581.30,Pending
R00101,S016433,2023-10-09,P0445,C00472,Defect,4,1970.27,  REJECTED 
R02274,S018811,2024-05-20,P0026,C00470,Better Price Elsewhere,1,175.35,Pending
R00795,S016629,2025-07-08,P0460,C00912,Better Price Elsewhere,1,34.18,Pending
R00605,S018846,2024-01-12,P0425,C00146,Late Delivery,1,522.07,Approved
R02090,S972247,2025-09-01,P0165,C00668,Not as Described,,2226.45,Refunded
R02729,S011520,2023-11-28,P0145,C00068,Not as Described,NULL,1120.25,Approved
R01019,S013217,15/08/2024,P0295,C00365,late delivery,1,1297.43,Refunded
R00965,S000653,02-27-2025,P0451,c00463,changed  mind,1,$334.86,APPROVED
R01425,S004744,13/11/2025,P0406,C00516,  Not as Described ,1,250.02,Refunded
R02574,S935598,"Nov 09, 2025",P0275,C00575,Faulty,1,210.07,Approved
R02563,S006314,2024-09-02,P0420,C00933,Not as Described,1,298.98,PENDING
R01701,S924896,2024-09-26,P0407,C00511,Wrong item sent,1,508.24,Approved
R01222,S014104,2023-10-19,p0454,C00848,Better Price Elsewhere  ,2,,Refunded
R00980,S014920,2024-03-07,P0082,C00942, Defective,2,238.91,rejected
R02247,S007969,2024-04-12,P0045,C00124,changed mind,1,835.34,Approved
R02270,S919058,2024-12-23,P0157,C00749,Defective,1,551.78,Refunded
R02222,S016203,2025-05-24,P0408,C00143,Late Delivery,4,3554.85,Pending
R01162,S006479,2025-12-14,P9437,C00715,not as described,1,$471.23, Refunded
R00225,S008100,2024-08-03,P0480,C00910,Faulty,2,1341.21,Pending
R00003,S015409,2025-08-09,P0365,C00768,Damaged in Shipping,2,233.56,approved
R02096,S008550,2024-03-31,P0222,C00586,CHANGED MIND,3,4285.59,Approved
R01247,S010987,2023-07-03,P0437,C00839,wrong item,1,188.81,Pending
R01052,S004162,2024-09-09,P0438,C00891,Not as Described,1,489.52,REFUNDED
R01680,S014958,2025-10-24,P0168,C00254,late delivery,1,705.49,Pending  
R00976,S004300,"Oct 18, 2023",P0327,C00830,Wrong Item,1,172.54,Pending
R00356,S008399,10-15-2025,P0343,C00238,Defective,1,$552.75,Pending
R00415,S019407,2025-12-11,P0236,C00875,wrong  item,3,1795.56,Approved
R01096,S005089,10-17-2023,P0243,C00083,Damaged in Shipping,1,231.06,rejected
R01751,S014422,2025-12-28,P0166,c00061,late  delivery,1,2167.25,Pending
R01170,S019017,2024-03-05,P0103,C00544,Damaged in Shipping,1,231.37,Refunded
R01969,S002714,2025-07-16, P0175 ,C00923,Damaged in Shipping,1,406.32,Pending
R02776,S018535,2025-11-01,P0263,C00578,Better Price Elsewhere,1,$488.40,pending  
R01530,S003564,12-31-2025,p0041,C00038,Not As Described ,1,511.49,refunded
R00484,S007457,24/07/2025,P0387,C00188,late delivery,1,1472.08,Approved
R01980,S011486,2024-01-07,P0450,C00859,Late Delivery,1,$216.00,rejected
R01216,S017463,2023-12-28,P0345,C00303,better price elsewhere,1,269.55,Refunded
R01058,S018666,2025-02-08,P0106,C00848,Defect,1,$214.51,rejected
R01420,S008597,"Aug 30, 2023",P0423,C00808,Not as Described,1,353.77,pending
R00282,S009201,05/11/2023,P0149,C00369,changed mind,3,1055.33,Rejected
R02199,S015881,04/04/2023,P0407,C00150,not as described,5,3220.82,PENDING
R02912,S006223,2024-04-24,P0012,C00928,Wrong Item,3,209.65,Approved
R01517,S012273,2024-12-19,P0461,C00428,Changed Mind,3,$571.05, Rejected
R01043,S005950,22/03/2025, P0243 ,C00946,  Late Delivery ,1,265.57,Rejected
R02378,S004549,"Jan 27, 2025",P0223,C00001,Not As Described ,1,424.41,Rejected
R01029,S011502,11-14-2024,P0305,C00165,  defective ,2,"$1,106.69",Rejected  
R00798,S007152,2024-11-24,P0132,C00159,wrong item,1,313.04,Pending
R00873,S005203,2023-04-01,P0465,C00453,Not as Described,2,212.16,Approved
R01933,S015232,2023-05-23,P0226,C00749,late delivery,1,129.32,APPROVED
R00193,S014164,2023-09-21,P0175,C00694,Defect,2,$760.73,Rejected
R01927,S003029,2023-10-29,P0431,C00011,DEFECTIVE,2,132.99,REFUNDED
R02190,S016597,2024-08-14,P0275,C00687,Changed Mind,1,241.41,
R01603,S017908,2025-03-16,P0379,C00428,Changed Mind,1,2199.96,Approved
R00549,S006023,2025-11-11,P0155,C00644,Defective,1,386.56,Approved
R02656,S004596,08/05/2025,P0252,C00793,not as described,4,1192.93,Rejected
R02676,S011926,2024-12-02,P0068,C00343,Defective,2,989.99,pending
R00637,S012549,2025-09-15,P0296,C00008,Better Price Elsewhere,2,594.72,Approved
R01408,S018095,2025-12-16,P0251,C00388,Better Price Elsewhere,1,"$1,639.52",Pending
R00379,S004670,2023-03-30,P0310,C00292,wrong item,2,1504.76,refunded
R02130,S016361,13/10/2024,P0444,C00683,Late Delivery,2,241.58,Pending
R01174,S017462,2025-06-23,P0227,C00105,Not as Described,1,,Refunded
R00943,S003296,04/07/2023,P0378,C00673,Wrong item sent,2,$263.74, APPROVED
R02604,S017527,2025-07-29,P0100,C00266,Not as Described,1,1995.49,Pending
R00988,S012971,2025-02-28,P0397,C00369,Wrong Item,1,450.62,Approved
R00897,S006976,09-06-2024,P0300,C00571,Better Price Elsewhere,2,, Rejected
R01458,S003152,2023-01-25,P0277,C00791, Changed Mind,1,1330.11,Approved
R02415,S002429,2024-07-21,P0160,C00648,N/A,3,1617.48,REJECTED
R01784,S013654,"Aug 30, 2023",P0202,C00196,Defective,1,$759.46,Pending
R02627,S004430,2025-11-11,P0005,C00028,better price elsewhere,1,338.91,Pending
R02428,S016904,2024-10-18,P0233,C00758,late delivery,-2,$937.12,APPROVED
R01351,S000481,2023-02-26,P0475,C00353,Wrong Item,1,285.85,Rejected
R01997,S018461,2025-04-12,P0116,C00029,wrong item,3,742.39,Refunded
R00648,S005016,2024-08-24,P0054,C00895,late delivery,1,302.94,pending
R00485,S017483,20/02/2025,P0406,C00825,Damaged in Shipping,1,252.13,Rejected
R02924,S019366,"May 18, 2024",P0467,C00537,Not as Described,1,$201.37,PENDING
R01457,S002018,2025-05-13,P0326,C00127,Defective  ,-1,1472.54, REJECTED
R00312,S992043,09/03/2023,P0475,C00639,Late Delivery,1,$302.67,  Pending 
R01681,S008900,2024-04-20,P0125,C00248,  Changed Mind ,1,373.30,Rejected
R00974,S012352,"Nov 02, 2025",P0433,C00773,Better Price Elsewhere,1,436.00,Refunded
R02046,S015161,2025-02-07,P0215,C00469,Damaged in Shipping,2,"$2,943.41",PENDING
R01502,S003374,2024-11-05,P0386,C00314,NULL,1,757.62,Approved
R01714,S010772,2025-04-18,P0471,C00852,Wrong Item,2,$322.00,Rejected
R02811,S009032,16/07/2025,P0333,C00853,not as described,2,1600.34,Pending
R01470,S011294,2025-01-21,P0202,C00455,Better Price Elsewhere,5,"$3,916.55",Refunded
R01516,S009921,2024-06-15,P0339,C00675,Damaged in Shipping,2,3434.33,Approved
R01632,S017492,"Oct 16, 2024",P0419,C00053,  Damaged ,3,3671.41,pending
R02002,S015023,2024-10-22,P0229,C00783,Wrong Item,2,1172.12,Rejected  
R02194,S008712,2024-09-24,P0064,C00442,damaged in shipping,1,$418.50,Approved
R02281,S006857,2024-05-20,P0156,C00595,Damaged,1,232.39,Refunded
R00528,S011496,2023-04-07,P0184,C00328,late delivery,2,4013.09,APPROVED  
R00265,S016914,2023-09-28,P0184,C00039, Not as Described,2,"$4,580.61",Approved
R01298,S005548,2024-01-09,P0187,C00104, Not as Described,1,1939.57,Pending
R00720,S009753,2025-01-10,P0059,C00760,better price elsewhere,3,916.55, REJECTED
R00807,S015591,2023-11-04, P0370 ,C00535,Late Delivery,1,$362.46,PENDING
R01688,S018881,17/01/2024,P0121,C00443,Defective,5,"$2,225.12",Refunded
R00316,S008441,2024/05/14,P0408,C00714,not as described,2,"$2,061.04",Pending
R01295,S010623,2025-01-12,P0214,C00324,Damaged in Shipping,4,2093.21,Refunded
R00946,S010791,2024-04-30,P9380,C00477,defective,2,$701.85,Pending
R01455,S017695,2023-12-04,P0203,C90280,changed mind,1,1280.61,approved
R00872,S016751,2025-03-24,P0356,C00123,changed mind,1,601.86,rejected
R02406,S000716,"Mar 04, 2023",P0281,C00004,Better Price Elsewhere,2,1155.97,Refunded
R01400,S019315,2024-03-23,P0071,C00445,Changed Mind,3,1906.38,Approved
R02419,S018115,2023-09-29,P0321,C97719,Damaged in Shipping,3,$967.22,pending
R00521,S002751,2024-07-05,P0423,c00802,Late Delivery,1,363.54,Pending
R00057,S006974,NULL,P0413,C00787,damaged in shipping,-1,90.06,refunded
R02480,S018151,2024-05-30,P0349,C00554,NULL,2,3407.94,Refunded
R02116,S015920,05/11/2025,P0451,C00399,Late Delivery,3,994.05, Pending
R01061,S005565,2023-09-20,P0150,C00475,Damaged in Shipping,1,642.83,Rejected
R00852,S014568,2025-12-31,P0080,C00690,damaged in shipping,3,701.87,Rejected  
R01824,S011309,"Jun 01, 2024",P0291,C00100,Better Price Elsewhere,2,106.31,refunded
R01142,S008443,2023-02-14,P0475,C00093,DEFECTIVE,2,578.89,Pending
R01734,S011793,2024-05-02,P0089,C00005,wrong item,1,1069.65,
R02063,S015773,2024-09-09,P0382,C00899,Defective,1,NULL,Refunded
R01585,S006536,"Mar 01, 2025",P0324,C00272,Wrong item sent,2,652.50,  Rejected 
R01941,S018686,2024-05-11,P0460,C00733,Damaged in Shipping,1,31.06,Refunded
R01838,S000480,"Feb 27, 2024",P0147,C00196,Not as Described,1,1064.07,approved
R00824,S008313,07/02/2024,P0072,C00653,Better Price Elsewhere,3,251.42,PENDING
R02474,S011037,2023-06-29,P0116,C00102,Wrong Item,2,594.78,PENDING
R02357,S015468,2025-04-29,P0039,C00220,late  delivery,1,$287.94,REJECTED  
R01274,S006353,"Dec 11, 2023",P0299,C00578,not as described,2,$756.99,rejected
R00722,S019260,2023-12-10,P0331,C00478,Damaged,1,772.19,Rejected
R02032,S011414,2023-10-04,P0106,C00542,Wrong Item,1,201.66,Refunded
R01377,S014718,2025-02-02,P0457,C00537,Damaged in Shipping,3,$333.20,approved
R01063,S018392,11/02/2025,P0477,C00692,Faulty,1,815.20,rejected
R02078,S008095,"Jul 23, 2024",P0052,C00343,Defect,1,$191.04,refunded
R02735,S008908,23/10/2024,P0045,C00688,Damaged in Shipping,1,$665.43,Rejected
R00843,S012067,2025-02-13,P0267,C00504,Late Delivery,1,2235.62,Pending
R00878,S016701,10-24-2025,P0105,c00935,Better Price Elsewhere,1,$406.24,Refunded
R01648,S004285,2025-12-17,P0361,C00325,not as described,1,315.18,refunded
R02531,S002506,2023-10-10,P0226,C00441,Defective,2,254.97,Refunded
R00327,S003434,2025-07-06,P0197,C00222,Changed Mind,1,$800.69,Rejected
R00631,S012606,2025-05-03,P0134,C00815,late delivery,1,1884.29,Approved
R01291,S003578,2025-12-31,P0393,C00090,Late Delivery,2,2580.12,N/A
R00928,S000930,28/11/2024, P0348 ,C00262,Late Delivery,1,168.40,Pending
R01466,S017885,2024-07-01,P0291,C00658,null,1,50.73,pending
R00015,S000830,2023-10-24, P0314 ,C00606,Changed Mind,3,627.49,Rejected
R00542,S007683,2024-09-20,P0361,C00537,Wrong  item sent,3,727.25,pending
R02809,S011345,2025-06-01,p0071,c00662,Late Delivery,1,610.84,Pending
R01447,S018857,12/08/2025,P0301,C00175,Late Delivery,1,388.55,Pending
R01132,S000868,22/06/2023,P0225,C00136,Not as Described,1,601.19,PENDING  
R01414,S016991,2023-10-31,P0045,C00799,null,4,3025.55,rejected
R01602,S010486,2023-04-04,P0026,C00503,changed mind,1,$190.96,REJECTED
R02232,S018563,2024-05-19,P0134,C00642,wrong item,2,3924.01,approved
R01968,S012677,2024-03-17,P0235,C00226,Damaged in Shipping,1,$216.63,Pending
R01597,S007665,2025-04-05,P0362,C00210,late delivery,1,607.38,Pending
R00601,S014372,2024-05-13,P0020,C00043,damaged in shipping,1,453.86,refunded
R02641,S001617,2025-12-31,P0217,C00307, CHANGED MIND,null,1172.32,REJECTED
R01519,S002665,2024-08-13,P0065,C00372,Late Delivery,2,$879.84,REFUNDED
R02040,S014042,2025-04-21,p0040,C00768,Changed Mind,2,3349.76,refunded
R01241,S002229,2024-06-05,P0312,C00410,CHANGED MIND,2,"$4,000.90",PENDING  
R00960,S005242,2025-02-14,P0059,C00629,wrong item,1,343.00,Rejected
R02338,S002273,2025-04-07,P0475,C00881,Faulty,1,295.90,Refunded
R02175,S010235,2025-09-24,P0374,C00613,Damaged,2,3216.38,Refunded
R02466,S010830,2025-06-13,P0086,C00550,Wrong  Item,1,889.32,Pending
R00333,S921654,05/07/2023,P0312,C00429,Changed Mind,1,1948.40, Refunded
R01389,S017715,2025-06-10,P0358,C00223,wrong item  ,5,1932.10,REJECTED
R01691,S003151,06/01/2024,P0334,C00104,Damaged,1,835.05,Refunded
R01072,S004464,2024-02-19,P0078,C00799,Better Price Elsewhere,1,454.64,Refunded
R00167,S010927,2025-11-05,P0346,C00657,wrong item,4,NULL, Rejected
R00060,S012490,16/12/2023,P0091,c00707,late delivery,2,253.33,Refunded
R00431,S019217,2023-08-14,P0212,C00283,not as described,3,"$4,890.59",Pending
R01109,S015520,2024/03/05,P0178,C00203,Damaged,4,4542.72,Refunded
R01183,S019341,11/06/2024,P0222,C00313, Damaged in Shipping,1,"$1,338.45",Approved
R01151,S018532,2023-07-05,P0190,C00001,CHANGED MIND,2,1438.16,null
R00123,S004325,2023-10-04,P0384,C00799,damaged in shipping,1,932.79,Pending
R01928,S002204,29/07/2023,P0346,C00088,Not As Described ,1,$285.91,REJECTED  
R02430,S005420,2025-01-18,P0180,C00522,better price elsewhere,1,336.36,PENDING
R01094,S014443,2023-07-25,P0270,C00915,CHANGED MIND,1,336.57,  refunded 
R02861,S018305,2025-03-15,p0434,C00632,Better Price Elsewhere,2,1109.78,Refunded
R00818,S006285,2024-05-31,P0060,C00078,Defective,1,921.10,approved
R01593,S015166,2024-06-15,P0204,C00270,Wrong Item,1,962.25,approved
R00618,S016631,2023-06-30,P0242,C00815,better price elsewhere,2,81.31,REFUNDED
R02154,S013537,2023-04-30,P0270,C00561,Damaged in Shipping,1,315.96,Refunded
R02601,S004142,,P0200,C00008,Not as Described,4,2266.75,Approved
R00394,S002329,2025-09-27,P0462,C00522,Better Price Elsewhere,1,891.65,PENDING
R00118,S004032,2024-04-21,P0028,C00481,Late Delivery,2,3380.04,Pending
R00930,S002235,2023-05-24,P0018,C00175,changed mind,2,485.31,Approved
R02348,S003036,2024-02-18,P0463,C00148,Damaged in Shipping,-1,2146.56,Approved
R02545,S017194,2023-08-01,P0216,C00693,Wrong Item,1,260.33,Rejected
R01486,S013117,2024-01-11,P0304,C00904,Late Delivery,1,1318.17,rejected  
R01556,S008223,22/02/2023,P0269,C00675,Changed Mind,1,670.04,REJECTED
R01722,S018634,12-22-2023,P0031,C00538,Not As Described ,2,"$1,203.04",approved
R02784,S007646,2025-03-19,P0106,C00141 ,damaged in shipping,1,208.26, PENDING
R00611,S001624,2025-12-17,P0007,C00377,Late Delivery,5,672.51,Refunded
R01896,S009843,2023-11-05,P0365,C00566,Defective,1,110.83,PENDING
R00469,S002064,2024-04-16,P0349,C00014,Better Price Elsewhere,N/A,1904.24,REJECTED  
R00903,S017152,2023/01/31,P0437,C00676,N/A,3,$517.84, Approved
R00074,S010859,2024-01-27,P0441,C00364,Better Price Elsewhere,null,$878.69,Approved
R02882,S018266,2023-09-18,P0029,C00075,Late Delivery,2,,Refunded
R00434,S000574,2024-04-26,P0324,C00809,Changed Mind,1,$366.27,approved
R00125,S012788,2025-06-27,P0392,C00267,Wrong Item,2,2520.97,Pending
R02432,S002400,2024-09-25,P0214,C00415, Not as Described,2,1170.14,Refunded
R01521,S011559,04-01-2025,P0379,C00519, Changed Mind,1,2264.25,rejected
R02837,S006195,2025-12-31,P0243,c00571,Not As Described ,2,504.10,Pending
R01463,S015024,2025/09/12,P0053,C00800, late delivery,2,162.37,Approved  
R01371,S000755,2025-03-03,P0355,C00896,Wrong Item,-2,$550.36,  Rejected 
R01165,S013357,2025-04-25,P0356,C00838,Defective,1,663.90,Rejected
R01244,S013460,2024-12-23, P0312 ,C00509, Damaged in Shipping,2,4416.09,approved
R00651,S014482,26/07/2023,P0146,C00698,Defective,3,1370.84,Approved
R01957,S007685,2025-11-11,P0422,C00353,Faulty,,2321.99,
R00527,S012552,2023-09-17,P0364,C00455, defective,3,2827.74,Approved
R02528,S002860,2024/09/20,P0049,C00703,wrong item,2,1362.20,Rejected
R01042,S018885,2023-04-01,P0045,C00200,Damaged in Shipping,2,1743.51,Approved
R00622,S017911,2025-11-15,P0186,C00838,Late Delivery,2,953.12,REFUNDED
R00320,S001460,2024-12-12,P9275,C00572,Defective,,1571.38,REJECTED
R00840,S004389,2024-12-24,P0160,C00787,NULL,1,499.80,Approved
R02581,S005114,11-24-2023,P0201,C00486,Late Delivery,1,,Approved
R02783,S016511,2025/11/12,P0147,C00590,Late Delivery,3,"$2,986.80",REJECTED
R02940,S000054,2024-02-22,P0459,C00032,Changed Mind,4,1107.66,  Refunded 
R01841,S013062,2023-05-02,p0444,C00144,Not as Described,3,398.80,approved
R01868,S006615,2023-11-06,P0073,C00072 ,late  delivery,1,1233.44,pending
R02363,S014630,2024-06-12,p0015,C00009,Wrong Item,1,337.75,rejected
R01053,S009704,2023-04-21,P0046,C00234,damaged in shipping,5,"$7,224.26",Approved
R02522,S008634,2023-08-11,P0117,C00109,Defective,1,$707.02,REJECTED
R00275,S001069,05-30-2025,P0368,C00503,,1,607.03,pending
R00465,S926792,2025-09-15,P0407,C00651,Defective,1,587.62,
R01207,S018907,2023-06-12,P0478,C00791,Wrong Item,3,5066.40,Pending
R02720,S010320,2024-10-21,P0276,C00010, Damaged,1,1147.88,Pending
R00258,S005509,11/04/2023,P0274,C00699,Late Delivery  ,1,827.78,Pending
R00107,S018882,"Aug 16, 2024",P0071,C00180,Wrong Item,2,1334.11,Rejected
R01950,S008004,2024/03/08,P0267,C00259,Late Delivery,2,null,Refunded
R02129,S007142,2024-11-11,P0218,C00314, damaged in shipping,1,1653.29, Refunded
R01084,S013530,2023-08-27,P0316,C00071,Defective,-1,$485.41,Refunded
R01770,S014189,2024-06-07,P0130,C92657,Not as Described  ,5,6260.44,rejected
R02434,S015137,11/07/2024,P0358,C00772,Damaged in Shipping,1,384.48,Refunded
R02022,S016924,2025-01-17,P0407,C00801,Wrong item sent,3,1533.42,Rejected
R02271,S019329,2024-12-04,P0257,C00531,Not as Described,1,NULL,Rejected
R00242,S010997,2024-08-14,P0240,C00681, Changed Mind,1,588.85,Rejected  
R02124,S008673,02/02/2024,P0451,C00939,  changed mind ,1,288.34,Pending
R02514,S003924,2025-10-26,P0089,C00778,Wrong Item,1,$948.69,Approved
R00432,S002938,2023-11-14,P0111,C00546,Defective,2,1042.30,Refunded
R01441,S010157,06-01-2025,P0134,C00402,Wrong item sent,1,2069.97,REJECTED
R02424,S012692,2024-11-07,P0322,C00053,wrong item,2,349.68,  Refunded 
R01035,S011234,2025-05-04,P0066,C00127,Not as Described,1,N/A,Refunded
R01806,S006116,2025-01-25,P0117,C00199,wrong item,1,757.44,Pending
R00594,S013970,25/06/2025,P0081,C00354,Not as Described,2,2561.05,NULL
R00786,S000317,2024-12-16,P0313,C00605,Better Price Elsewhere,3,3641.26,Rejected
R00239,S017518,2025-06-24,P0459,C00735,Faulty,1,261.78,APPROVED
R01493,S002862,2024-01-20,P0182,C00319,  Wrong Item ,1,212.48,  Pending 
R00144,S923505,18/03/2024,P0301,C00337,Wrong Item,2,783.65,pending
R00851,S000931,2023-02-12,P0028,C00654,Not as Described,1,1589.19,Rejected
R00899,S993275,02/08/2023,P0445,C00226, Better Price Elsewhere,null,479.58,Rejected
R01301,S005637,2025/08/07,P0425,C00167,DEFECTIVE,2,null,Refunded
R01554,S013727,24/05/2024,P0335,C00377,Defective,1,328.23,Approved
R00428,S011222,12-31-2025,P0146,C00903,Not as Described,-1,433.39,Pending
R01943,S000521,09-13-2024,P0375,C00763,Wrong Item,1,328.30,rejected
R01630,S015921,04-16-2024,P0035,C00093,better price elsewhere,2,456.27,Approved
R01783,S006782,11-20-2023,P0442,C00721,not as described,1,277.00,N/A
R01918,S010339,2025-12-17,P0170,C00743,N/A,-1,null,Approved
R01995,S011510,2024-01-13,P0062,C00272,Wrong Item,1,72.83,  Approved 
R01431,S010446,12/12/2025,P0284,C00160,late delivery,3,6636.51,Pending  
R01320,S016608,2024-10-18,P0069,C00950,Wrong item sent,1,209.24,Rejected
R02556,S014997,23/06/2025, P0250 ,C00056,Defective,4,2922.25,Pending  
R01366,S017839,2023-11-09,P9401,C00094,  damaged in shipping ,,$227.09,Pending
R02052,S003922,2025-05-26,P0386,C00825,Defective,1,870.64,Refunded
R01394,S008430,01/04/2025,P0415,C00857,Wrong item sent,1,1595.62,rejected
R01668,S010587,2025-12-11,P0311,c00771,CHANGED MIND,1,686.54,Approved
R02594,S007172,2025-09-26,P0338,C00218,Late  Delivery,4,5794.62,Approved
R01348,S002275,2025-07-28,P0421,C00401,better price elsewhere,1,,pending
R01806,S006116,2025-01-25,P0117,C00199,wrong item,1,757.44,Pending
R00220,S000876,"Sep 15, 2023",P0333,c00273, damaged in shipping,4,2819.49,approved
R00811,S004594,12-15-2023,P0352,C00344,wrong item  ,2,447.29,  refunded 
R01544,S019063,2024-02-25,p0173,C00053,Late Delivery,1,183.73,Refunded
R01225,S005969,2023-07-11,P0172,C00587,Changed Mind,1,NULL,approved
R02734,S004459,"Nov 18, 2023",P0144,C00630,  DEFECTIVE ,3,2936.92,Refunded
R02426,S008297,02-21-2024,P0116,C00452,not as described,3,$685.42,Pending
R02240,S005822,09-21-2025,P0079,C00100,damaged in shipping,2,289.86,refunded
R00751,S017868,2024-05-10,P0239,C00167,  Not As Described  ,1,1696.03,REJECTED
R01763,S012674,2025-02-12,P0306,C00581,Not as Described,1,366.84,Approved
R02336,S002472,2025/05/31,P0095,C00607,CHANGED MIND,1,2126.65,Approved
R00892,S017931,2025-10-22, P0478 ,C00456,Not as Described,N/A,"$1,682.97",REFUNDED
R01323,S001933,2023-03-07,P0433,C00663,Damaged in Shipping  ,2,818.72,Approved
R01840,S012399,2024-08-03,P0061,C00339,  Late Delivery ,3,"$3,196.97",Refunded
R01748,S005187,2023-07-21,P0040,C00126,Late Delivery,3,5231.15,Approved
R00277,S002396,2025-12-31,P0353,C00765,defective,1,$645.13,Pending
R02849,S005567,2025/12/31,P0282,C00916,better price elsewhere  ,2,$779.18,Rejected
R01416,S015044,2025-11-08,P0284,C00904,Damaged,1,"$2,234.26",Pending
R00949,S008385,"Aug 24, 2024",P0130,C00395,Late Delivery,1,,refunded
R02797,S015574,2025-06-23,P0182,C00870,damaged in shipping,1,223.48,Refunded
R00671,S010184,2024-08-25,P0316,C00866,,2,1023.68,Rejected
R01226,S013850,19/04/2023,P0057,C00491,Changed Mind,4,3235.99,NULL
R02821,S011969,2025-12-10,P9340,C00040,wrong item,1,271.49,REFUNDED
R02267,S000727,2025-06-02,P0438,C00342,Wrong Item,1,470.49,Approved
R00806,S009396,2025-07-01,P0190,C00650,Damaged in Shipping,,1572.96,REFUNDED
R00515,S000677,2023-10-02,P0013,C00401,Changed Mind,2,"$1,273.36",Refunded
R00345,S011411,2025-08-20,P0267,C00938,Changed Mind,2,4287.94, Rejected
R02313,S002788,06-23-2023,P0034,C00181,Not as Described,3,284.04, Refunded
R00628,S015081,2023-10-10,P0400,C00478,Not as Described  ,2,1303.03,Rejected
R00079,S016653,2024-04-15,P0318,C00124,Wrong Item,1,1242.60,Rejected
R01936,S004807,2023-07-22,P0327,C00722,not as described,,$196.35,pending
R00797,S012517,2024-10-10,P0326,c00628,Better Price Elsewhere,2,2775.24,Approved
R00308,S008588,2023-12-03,P0101,C00618,Wrong Item,1,440.30,Approved
R02611,S011419,07/04/2025,P0110,C00940,damaged in shipping,1,$875.94,Rejected
R02620,S006093,2023-05-26,P0393,C00772,Damaged in Shipping,1,1162.94,Approved
R00548,S011869,31/01/2024,P0264,C00931,Wrong item sent,1,2071.29,Rejected
R01138,S011995,2025/12/14,P0062,C00762,Wrong item sent,4,266.67,Refunded
R00641,S008633,2024/03/30,P0031,C00107,Defective,1,589.41,Refunded
R01552,S000695,11-05-2024,P0350,C00632,DEFECTIVE,1,238.88,Pending
R00405,S000508,25/10/2024,P0337,C00425,Wrong Item,3,2537.36,Refunded
R01987,S001679,27/05/2023,P0075,C00423,wrong  item,1,,refunded
R01925,S005942,2025-05-22,P0284,C00638,Better Price Elsewhere,-2,3862.81,Refunded
R02260,S003591,2025-09-06,P0278,C00897,Defective,-1,$312.95,Refunded
R01327,S015088,23/06/2024,p0395,C00215,better price elsewhere,1,442.14, REJECTED
R01032,S017110,2025-07-08,P0171,C00779,Defective,-1,757.17,  rejected 
R01823,S006651,2025-06-10,P0068,C00925,damaged in shipping,1,501.79,Rejected
R02871,S001783,2024-03-11,P0114,C00701,wrong item,1,2127.73, Pending
R00932,S015939,08-18-2024,P0416,C00419,Better Price Elsewhere,2,4016.78,Approved
R00215,S954184,02/10/2024,P0456,C00916,Wrong item sent,2,673.62,refunded
R00587,S016118,2024/09/21,P0335,C00688,better price elsewhere,1,271.35,Rejected
R00602,S011254,02-02-2024,P0391,C00828,defective,1,415.51,REFUNDED
R02703,S006495,2025-09-16,p0283,C00223, Not as Described,2,951.22,PENDING
R00914,S016756,2025-06-30,P0356,C00717,changed mind,2,1306.29,APPROVED
R01203,S007580,2025/06/05,P0177,C00162,Late  Delivery,,2060.42,Refunded
R02701,S012014,2024-01-07,P0320,C00431,CHANGED MIND,2,960.51,Rejected
R02315,S017140,2025-11-05,P0427,C00590, changed mind,2,568.86,Pending
R00686,S010222,2023-06-28,P0436,C00607,damaged in shipping,1,$426.49,Approved  
R02140,S018271,24/01/2025,P0172,C00672,late delivery,1,1126.35,PENDING
R02317,S001765,2024-01-13,P0295,C00692,better price elsewhere,1,1335.11,Refunded
R02495,S006956,2024-04-14,P0329,C00502,Wrong item sent,1,468.45, Pending
R02767,S008298,2023-11-23,P0107,C00088,  not as described ,N/A,"$1,875.99",Rejected
R02772,S006251,12/11/2025,P0052,C00181,Better  Price Elsewhere,1,187.59,REJECTED
R01438,S016616,2024-10-26,P0234,C00293,Defective,1,1029.61,APPROVED
R01279,S008615,2023-03-09,P0334,C00731,Better Price Elsewhere,3,"$2,674.77",Rejected
R00122,S017067,2023-10-07,P0319,C00464,Not as Described,-2,$599.30,Approved
R00234,S004376,25/12/2024,P0062,C00927,Not as Described,3,,REFUNDED
R00862,S012883,2023-09-04,P0072,C00463,Not as Described,1,77.40,Rejected
R00147,S016136,2025-07-06,P0212,C00117,Faulty,1,1837.17,Approved
R01507,S011491,2023-10-01,P0367,C00616, Changed Mind,1,210.06,pending
R01985,S015047,2024-02-26,P0174,C00240,Damaged in Shipping,1,337.64,Rejected
R01775,S011310,10-05-2024,P0008,C00573,Late Delivery  ,,3241.34,
R00098,S000065,2024-12-05,P0453,c00720,Better Price Elsewhere,2,3972.56,rejected
R00743,S004732,2025-07-10,P0346,C00450,Not as Described,1,$342.41,Pending
R00289,S005561,2023/05/06,P0150,c00918,wrong item,1,765.17,Approved
R01209,S012995,2025-09-16,P0263,C00746,late delivery,5,2195.74,Refunded
R00994,S001901,2025-08-20,P0089,C00006,not as described,1,1047.60,Rejected
R01765,S007841,2025-10-31, P0233 ,C00564,changed mind,1,430.13,Refunded
R01387,S011350,04-30-2024,P0444,C00242,Wrong Item,4,$464.12,APPROVED
R00543,S013861,2023-09-21,P0381,C00628,Better Price Elsewhere,2,"$1,246.10",approved
R02505,S924852,01/12/2024,P0182,C00118,changed mind,1,250.69,rejected
R02538,S002894,2024-10-08,P0099,C00332,Late Delivery,3,1738.75,REFUNDED
R00011,S012871,2024-12-30,P0102,C00386,Late Delivery,null,4922.81,Refunded
R02709,S001257,"Mar 17, 2023",P0479,C00778,Better Price Elsewhere,4,676.32,Approved
R01003,S008205,2023-09-10,P0330,C00576, Not as Described,1,240.93,Approved
R01513,S012218,10/02/2023,P0418,C00862,Changed Mind,3,261.47,Rejected
R02152,S014534,2024-04-11,P0233,C00162,Not As Described ,4,N/A,approved
R02742,S011442,2024/02/21,P0143,c00224,null,4,"$6,818.45",Pending
R02163,S010562,2024-08-04,P0051,C00863,N/A,3,603.68,Refunded
R01404,S018224,2023/07/29,P0019,C00748,,1,1502.70,Approved
R02112,S005867,2023-10-18,P0284,C00370,Wrong  item sent,1,"$1,950.71",PENDING
R02482,S014015,2024-11-30,P0111,C00166,  Better Price Elsewhere ,1,$555.30,Refunded
R01629,S015527,2025-05-13, P0259 ,C00322,Late Delivery,-1,249.11,pending
R01721,S009725,,P0183,C00586,Changed Mind,4,1383.07,Pending
R00163,S011209,2024-10-24,P0270,C00490,Wrong  Item,1,$393.16,Approved
R00161,S008516,2023-10-31, P0045 ,C00029,Defective,-5,"$3,742.65",  Refunded 
R01205,S006241,22/01/2025,P0017,C00537,late delivery,2,1478.56,Rejected
R02386,S016237,2024-03-10,P0469,C00647,Late Delivery,2,2157.12,Pending
R01341,S010086,2024-03-31,P0182,C00119,late delivery,-1,234.72,Refunded
R02763,S016761,2024-07-22,P0331,C00868,Changed Mind,1,$757.27,N/A
R02306,S000242,02/08/2024,P0176,C00122,  Defective ,1,,Rejected
R00714,S010536,2025-10-03,P0224,C00241,better price elsewhere,3,$575.56,Rejected
R00067,S005379,2023-08-11,P0407,C00937,Better Price Elsewhere  ,2,"$1,200.07",Pending
R02698,S012583,09-14-2024,P0167,C00937,changed mind,2,1931.66,Approved
R01211,S000580,2025-04-27,P0312,C00342,Late Delivery,1,"$1,855.70",APPROVED
R00757,S012052,05/07/2023,p0066,C00610,not as described,1,$324.58,Approved
R02874,S018477,2023-01-26,P0285,C00083,Wrong Item,1,119.60,Refunded
R01709,S017136,13/03/2023,P0395,C00188,Changed Mind,null,457.85,approved
R01363,S010842,2023-10-04,P9628,C00363,Defective,,1295.08,Refunded
R02165,S004490,2025-03-24,P0161,C00372,Damaged,1,796.20,REJECTED
R00857,S002162,"Apr 24, 2024",P0221,C00070, Wrong item sent,1,629.43,Approved  
R01808,S001695,2023-12-04,P0089,C00335, Defective,1,902.68,Rejected
R01785,S016046,31/12/2023,P0332,C00314,Better  Price Elsewhere,1,"$2,141.71",Rejected
R01875,S004912,2025-03-29,P0371,C00800, Better Price Elsewhere,1,$293.57,Approved
R01954,S002310,20/01/2025,P0255,C00578,Late Delivery,1,$409.86, Rejected
R00636,S006468,2023-04-17,P0236,C00696,Better Price Elsewhere,3,1524.04,Rejected
R02608,S005453,2025-10-18,P0410,C00718,Changed Mind,2,"$1,620.46",Refunded
R01030,S011648,2025-05-22,P0160,c00354,changed mind,1,540.68,Rejected
R02186,S014798,2025-05-25,P0134,C00065,Damaged  ,1,2109.82,Approved
R01237,S014427,2024-12-19,P0118,C00778 ,defective,-1,193.60,Approved
R00863,S004771,2024-07-24,P0211,C00081,Wrong Item,3,"$1,464.70",approved
R01869,S018380,2024-02-25,P0262,C00080,Damaged,2,458.21,Pending
R00881,S001829,2024-08-26,P0249,C00250 , Faulty,3,$206.20,pending
R01617,S019523,07-27-2025,P0278,C00324, defective,1,$360.51,pending
R01990,S013742,"Oct 25, 2024",P0288,C00558, CHANGED MIND,1,1431.76,
R00516,S010181,2024-02-29, P0337 ,C00723,Wrong item sent,1,859.74,Pending
R01011,S011135,2024-06-08,P0145,C00371,Defective,1,319.33,Rejected
R01119,S006360,2023-08-19,P0264,c00898, Changed Mind,2,4144.55,rejected
R02832,S017712,"Apr 14, 2023",P0384,C00398,Faulty,1,951.96,Refunded
R00558,S009708,2025-02-21,P0048,C00268,Wrong item sent,2,1491.55,  rejected 
R01427,S015878,2025-01-01,P0473,C00500,Wrong  item sent,1,1227.19,Refunded
R02587,S008080,"Jul 10, 2025",P0012,C00786,Late Delivery,3,NULL,Rejected
R02104,S008737,2025-04-30,P0167,C00109,Wrong Item,1,1032.23,Approved
R01705,S005225,12-23-2024,P0400,C00022,Damaged,5,"$3,053.94",Refunded
R01989,S015640,2025-09-23,P0412,C00420,changed mind  ,2,151.06,Approved
R01001,S016264,2023-11-14,P0029,C00273,Wrong Item,1,545.49,Approved
R02913,S019472,08-20-2024,P0185,C00246,null,1,192.13,Approved
R01321,S014248,14/09/2023,P0288,C00505,Late Delivery,1,"$1,678.21",Rejected
R02383,S018942,,P0244,C00507,Not As Described ,1,2374.76,Pending
R00104,S012173,2023-08-27,P0315,C00614,Damaged,1,1018.62,Rejected
R01777,S008138,2023-06-20,P0198,C00241,Faulty,3,2365.42,Refunded
R00032,S010586,03-07-2025,P0118,C00881,late delivery,3,$564.66,Pending
R01386,S948479,"Feb 25, 2025",P0462,C00843,Wrong Item  ,2,1505.63,rejected
R00457,S001338,2024-07-29,P0297,C00490,Late Delivery,1,$583.99,Pending
R01451,S003287,2023-10-07,P0460,C00172,Damaged in Shipping,1,38.52,Refunded
R00235,S016033,10-09-2023,P0019,C00493,Not As Described ,1,1360.87,Refunded
R01275,S018441,"May 12, 2025",P0248,C00501,changed mind,1,97.37,NULL
R01647,S003586,2025-11-25,P0015,C00431,Defect,1,338.92,PENDING
R01880,S001090,2024-09-23,P0327,C00354,Damaged,1,174.06,REFUNDED
R01270,S001316,2024-04-14,P9237,C00591,Not as Described,1,203.89,Approved  
R00253,S014841,2023-08-14,P0362,C00117,Better Price Elsewhere,1,686.24,Approved  
R01176,S017726,2024-01-24,P0006,C00343,Defective,1,$560.08,Rejected
R01626,S018505,2023-09-08,P0049,C00155,Wrong Item,3,1997.38,Approved
R01524,S003315,2023-12-22,P0372,C00646,Not as Described,1,216.21,approved
R00610,S008387,NULL,P0005,C00253,Defect  ,1,290.33,Pending
R02848,S014922,2025-01-23,P0457,C00017,Not as Described,1,109.13,  Pending 
R00566,S003646,2024-05-11,P0456,C00547,Better Price Elsewhere,2,598.10,Approved
R02441,S003262,2025-07-11,P0035,C00619,Damaged,-1,196.99,approved
R00338,S017183,2023-11-23,P0029,C00451,changed mind,1,N/A,REFUNDED
