snapshot_id,snapshot_date,product_id,warehouse,country_code,stock_on_hand,reorder_level,unit_cost
INV005397,2023-08-29,P0251,dubai dc,IND,27.0,,1041.74
INV005272,2024-09-22,P0027,Dubai DC,AUS,309.0,50 units,46.93
INV003809,09-28-2023,P0138,Dubai DC,USA,91.0,25,385.32
INV004444,2024-01-26,P0281,Singapore DC,CHN,116.0,20 ,421.79
INV005236,2024-05-25,P0048,singapore dc,ita,109.0,50,$605.53
INV004852,2023-08-29,P0286,dallas dc,MEX,,50,238.90
INV007767,2023-07-30,P0261,DALLAS DC,NZL,12.0,20 ,353.51
INV001141,31/05/2023,P0394,Manila DC,BRA,95.0,10,96.35
INV006039,2024-12-21,P0396,FRANKFURT DC, USA,,20 ,65.57
INV005145,2024-12-21,P0374,Frankfurt DC,KOR,10.0,20 ,1275.24
INV004073,2024-09-22,P0028,Manila DC,THA,44.0,20 ,1533.09
INV003088,08-23-2024,P0477,Singapore DC,ARG,5.0,25,703.10
INV005866,2025-09-17,P0215,Dallas DC,USA,106.0,20 ,1135.32
INV007099,23/08/2024,P0226, Manila DC,MEX,16.0,10,$98.71
INV005164,2025-06-19, P0416 ,Frankfurt_DC,TWN,34.0,10,1613.05
INV006861,23/08/2024,P0142,dubai dc  ,USA,13.0,20 ,178.82
INV002670,17/09/2025,P0113,dubai dc,THA,93.0,25,413.87
INV005429,2023-08-29,P0407,SYDNEY DC,POL,60.0,10,500.30
INV002452,2025-05-20,P0438,Singapore DC,AUS,38.0,10,391.81
INV006234,"Oct 17, 2025",P0226,Frankfurt DC,BRA,52.0,20 ,98.71
INV003050,2023-07-30, P0293 ,manila dc, DEU,297.0,25,1874.55
INV002956,2025-02-19,P0451,Manila DC,bra,47.0,20,271.84
INV003312,2023-01-31,p0243,Sydney DC,VNM,158.0,50 units,179.19
INV002404,2025-08-18,P0088,Frankfurt DC,aut,56.0,20 ,$313.77
INV000769,04-25-2024,P0469,Sydney DC,DNK,74.0,10,$811.02
INV005886,2025-02-19,P0117,SINGAPORE DC,MAR,,10,460.72
INV004809,2024-10-22,P0302,frankfurt dc  ,DEU,31.0,20 ,242.70
INV003514,2023-11-27, P0075 ,Dallas DC,FRA,,50 units,182.37
INV001490,04-01-2023,P0344, dubai dc,UKR,51.0,25,$332.94
INV007577,28/09/2023,P0136,DUBAI DC,chn,131.0,20,124.40
INV003905,2024-08-23,P0059,sydney dc,DEU,63.0,50,216.45
INV002297,2025-11-16,P0173,NULL,GBR,88.0,20,$147.36
INV004624,2024/07/24,P0092,Dallas DC,CHN,21.0,25,234.17
INV000544,2025-04-20,P0396,Frankfurt DC,NGA,8.0,10,65.57
INV000064,"Aug 29, 2023",P0390,Sydney DC,PHL,91.0,25,$722.59
INV001037,2025-03-21,P0136,Singapore DC,kor,22.0,20,124.40
INV005322,2023-01-31,P0469,Sydney DC, CHN,56.0,20 ,811.02
INV000852,2024/03/26,P0279,MANILA DC,USA,147.0,10,1042.70
INV007631,2024-04-25,P0307,DALLAS DC, BGD,80.0,10,
INV003249,"Dec 27, 2023",P0286,Dallas DC  ,grc,50.0,20 ,238.90
INV006042,2023-01-31,P0097,Frankfurt DC,FRA,109.0,10,546.06
INV000676,2024-12-21,P0204,Singapore DC,NZL,198.0,20,690.23
INV003579,"Feb 25, 2024",P0054,Dallas DC,GBR,67.0,,234.08
INV001073,2023-05-01,P0236,Sydney DC,JPN,106.0,25,510.62
INV005243,27/12/2023,P0294,Dallas DC,ITA,84.0,10,290.11
INV003213,2024-06-24,P0035,Manila DC  , SAU,82.0,20,$153.63
INV003984,2025-06-19,P0061,  Sydney DC ,USA,48.0,10,860.02
INV002311,24/07/2024,P0391,Sydney DC  ,BRA,36.0,50 units,334.44
INV004330,2024-03-26,P0436,Dubai DC,KOR,,50 units,383.56
INV000023,05-31-2023,P0303,Dubai DC,CHN,23.0,20 ,$614.16
INV007297,01/05/2023,P0163,Singapore DC,pol,186.0,20 ,539.88
INV005439,"Feb 25, 2024",P0353,Singapore DC,ZAF,53.0,,$396.59
INV000970,22/09/2024,P0155,,AUS,20.0,10,352.91
INV002249,2023-03-02,P0144,Frankfurt DC,idn,16.0,20,823.61
INV006706,2023-06-30,P0427,Dubai_DC,KEN,116.0,50 units,169.17
INV006648,2024-08-23,P0098,Dubai DC,USA,118.0,50,208.44
INV003898,2025-02-19,P0155,dallas dc,usa,49.0,20 ,352.91
INV000708,2024-06-24,P0461,Dubai DC,TWN,149.0,25,163.23
INV006199,NULL,P0325,Dallas DC,TWN,23.0,50 units,$64.79
INV003302,2024-12-21,P0045,Manila DC,IND,57.0,10,499.98
INV001772,2023-09-28,P0307,Dallas_DC,JPN,97.0,50 units,754.66
INV000546,2024-10-22,P0078,Singapore DC,ZAF,113.0,10,$338.99
INV005939,20/01/2025,P0232,Frankfurt DC,MYS,147.0,10,109.54
INV002996,2024-11-21,P0308,Manila_DC,USA,19.0,50,654.35
INV004620,2024-05-25,P0473,Singapore DC,PRT,101.0,20 ,846.99
INV000796,01-26-2024,P0294,Frankfurt DC,BRA,175.0,20 ,290.11
INV004814,2025-04-20,P0246,Dallas Warehouse,CHN,40.0,10,241.09
INV002632,2024-10-22,P0123,  Manila DC ,aut,103.0,10,617.89
INV001156,2025-11-16,P0037,Sydney DC,GBR,61.0,10,235.52
INV006570,2024-08-23,P0118,Dallas DC,DEU,75.0,20,169.30
INV002302,2023-11-27,P0024,Dubai DC,DEU,97.0,25,541.27
INV003156,2023-08-29, P0304 ,Manila Warehouse,CAN,116.0,25,888.37
INV006139,2025-10-17,P0119,Singapore DC,PHL,-24.0,25,799.93
INV002761,21/12/2024,P0381,Sydney DC,DEU,43.0,20 ,N/A
INV007118,2024/02/25,P0280,Dubai DC,USA,91.0,20 ,336.14
INV007092,08-23-2024,P0346,  Singapore DC ,IND,31.0,50,243.91
INV004118,2025-02-19,P0377,Frankfurt DC,AUS,111.0,50,212.18
INV006096,2024-04-25,P0347,DALLAS DC,DNK,-13.0,50 units,
INV006143,2023-03-02,P0408,Dallas DC,IND,14.0,50,753.00
INV005991,2023-05-31,P0207,Singapore DC,IRL,121.0,50 units,288.40
INV005034,2025-11-16,P0267,Manila DC,VNM,182.0,50 units,1423.61
INV007014,01-20-2025,P0436,Singapore DC,USA,12.0,50 units,383.56
INV002240,2025-01-20,P0324,Frankfurt Warehouse,USA,70.0,10,216.85
INV004443,03-21-2025,P0193,Manila Warehouse,UKR,27.0,25,442.33
INV001990,2024-11-21,P0379,Manila Warehouse,BRA,82.0,20,"$1,921.81"
INV004097,2024-10-22,P0429,Sydney_DC,CAN,43.0,10,494.45
INV003736,07-24-2024,P0381,Dallas DC,kor,143.0,25,554.55
INV000660,2025-09-17,p0214,Frankfurt Warehouse,PRT,,25,353.01
INV002218,2025-06-19,P0032,Dallas DC,chn,74.0,50,67.52
INV005338,28/09/2023,P0080,Sydney DC,IRL,32.0,20,$208.69
INV007834,2023-11-27,P0006,Sydney DC,PHL,159.0,50 units,NULL
INV004547,2023-08-29,P0308,Dallas Warehouse,tur,57.0,25,654.35
INV002409,2024-03-26,P0112,dallas dc,KOR,115.0,20,239.40
INV003657,2025-10-17,P0414,Dubai DC,USA,59.0,10,$313.48
INV003461,2024-12-21,P0171,MANILA DC,ESP,54.0,25,
INV002375,01-01-2023,P0079,Frankfurt DC,NGA,106.0,10,106.59
INV000476,2025-10-17,P0432,DALLAS DC,PHL,118.0,50 units,863.37
INV000773,22/09/2024,P0256, Dubai DC,IDN,111.0,50,266.93
INV005245,2023-11-27,P0065,sydney dc,GBR,48.0,10,275.70
INV002152,2023-09-28,P0176,Manila  DC,zaf,108.0,20,374.00
INV007407,19/07/2025,P0361,Dallas DC,VNM,17.0,25,$192.49
INV006797,2023-09-28,P0463,Dallas DC,IDN,17.0,20 ,1421.36
INV007495,2023-10-28,P0305,Sydney DC  ,HKG,67.0,50 units,465.44
INV006232,2025-09-17,P0244,  Manila DC ,JPN,113.0,25,1489.89
INV006786,2025-05-20,P0375,Dallas DC,TWN,42.0,50,$253.01
INV002554,2025-04-20,P0169,Dallas DC,SAU,34.0,25,888.63
INV001500,2023-06-30,P0122,Frankfurt DC,IND,38.0,,180.96
INV001260,2025-10-17,P0238,Manila DC,ISR,125.0,20,161.79
INV000100,2024-10-22,P0375,MANILA DC,AUS,81.0,50,253.01
INV005905,01-26-2024,P0391, Dallas DC,IND,40.0,20,334.44
INV004992,2024-07-24,P0305,Frankfurt DC,CHE,273.0,10,465.44
INV003567,2023-07-30,P0119,Frankfurt DC,ITA,36.0,50 units,799.93
INV005604,2024-11-21,P0453,dallas dc,ita,14.0,10,"$1,512.26"
INV003572,2024-07-24,P0301,Frankfurt DC,USA,91.0,50,327.68
INV000398,2024-09-22,P0469,Singapore DC,PHL,26.0,50,811.02
INV001995,2025-10-17, P0341 ,Singapore DC,CHN,14.0,20 ,159.67
INV003728,2025-05-20,P0363,Manila DC,CHN,11.0,50,620.30
INV005011,2024-07-24,P0209,Singapore DC,KOR,41.0,20,34.39
INV002502,2024-04-25,P0282,Dallas DC,GBR,129.0,50 units,363.15
INV005596,2025-01-20,P0270,Dubai DC,AUS,7.0,10,275.84
INV002578,06-30-2023,P0346, manila dc,IND,25.0,50,
INV007431,2024-10-22,P0250,Dallas DC,TWN,83.0,50 units,460.88
INV002793,2024-06-24,P0058,manila dc,kor,55.0,50,1363.40
INV003380,2023-01-31,P0283,Dallas DC,PHL,86.0,50 units,409.25
INV002290,2025-09-17,P0458,Dubai_DC,SGP,74.0,25,482.57
INV003956,"Nov 27, 2023",P0438,Singapore Warehouse,CHL,106.0,50 units,391.81
INV004873,2023-07-30,P0105,Singapore_DC,IND,142.0,50,333.17
INV005212,22/09/2024,P0227, Sydney DC,VNM,126.0,10,153.94
INV005070,2023-04-01,P0361,Singapore_DC,phl,12.0,20,192.49
INV002875,2023-05-31,P0152,  Sydney DC ,USA,107.0,10,373.91
INV002810,2023-03-02,P0411,Singapore_DC,DEU,24.0,10,112.44
INV006371,2023-05-01,P0027,SINGAPORE DC,PAK,141.0,50,46.93
INV000164,NULL,P0103,Singapore DC,USA,101.0,50,null
INV005817,2024-02-25,P0153,Dubai DC,GBR,73.0,20,377.27
INV001050,2024-10-22,P0261,Frankfurt DC,JPN,55.0,null,353.51
INV001846,2023-01-31,P0427,FRANKFURT DC,BRA,32.0,50,$169.17
INV001172,16/11/2025,P0308,Singapore DC,SAU,73.0,20,654.35
INV002568,30/06/2023,P0052,Frankfurt Warehouse,vnm,13.0,20,150.88
INV007067,2025-07-19,P0066,Manila DC  ,MYS,196.0,20 ,243.76
INV000351,2025-01-20,P0235,Frankfurt DC,CAN,104.0,,162.49
INV002298,21/12/2024,P9807,Frankfurt_DC,,46.0,50 units,52.60
INV005521,2024-05-25,P0398, DUBAI DC,CAN,28.0,50 units,378.76
INV006790,2025-02-19,P0251,manila dc,,63.0,20 ,1041.74
INV005325,01/04/2023,P0343,DALLAS DC,NULL,177.0,20,368.11
INV006993,"Feb 19, 2025",P0343,Manila DC,CHN,46.0,20,$368.11
INV005555,05-31-2023,P0095,DUBAI DC,CAN,52.0,20 ,1860.84
INV005599,25/02/2024,P0183,Manila_DC,CHN,20.0,20,248.45
INV006472,"Sep 28, 2023",P0081,Sydney DC,JPN,69.0,25,$962.72
INV000604,"Aug 29, 2023",P0427, Dubai DC,SGP,178.0,50 units,
INV003786,2024-08-23,P0405, MANILA DC,KEN,-1.0,25,979.25
INV007380,2024-02-25,P0209,Dallas DC,MYS,264.0,20,34.39
INV005303,2024-01-26,P0378,Dallas Warehouse,CAN,70.0,20,$119.14
INV001364,2023-05-01,P0057, Frankfurt DC,CHL,17.0,20,583.38
INV003315,25/04/2024,P0377,Singapore DC,USA,37.0,50 units,212.18
INV005956,2023-01-31,P0124,Dallas  Warehouse,VNM,135.0,50,867.56
INV002520,"Jul 19, 2025",p0180,Dubai DC,USA,,20 ,$216.26
INV006030,2025-02-19,P0288,Dallas DC  ,DEU,86.0,25,1385.69
INV005180,2023-06-30,P0419,Singapore_DC  ,CAN,28.0,20 ,1142.25
INV005481,2025-11-16,P0020,Frankfurt DC,SAU,143.0,50 units,264.27
INV002095,2025-02-19,P0373,Dubai Warehouse,USA,48.0,20 ,1196.41
INV006471,01-01-2023,P0131,Dubai DC, AUS,61.0,10,315.08
INV005255,2023-08-29,P0285,Singapore DC,ESP,28.0,10,93.53
INV007694,2023-09-28,p0375,MANILA DC,POL,127.0,50,253.01
INV003118,2023-06-30,P0442,Dallas Warehouse,CAN,207.0,25,186.37
INV001558,,P0455,Dubai DC,JPN,26.0,20 ,$491.96
INV006587,2023-03-02,P0083,Frankfurt_DC,BRA,31.0,50 units,439.01
INV005382,2025/06/19,P0433,singapore dc, IND,19.0,20,388.52
INV006024,2025-04-20,P0404,Dallas DC,AUS,23.0,20 ,"$1,036.52"
INV006001,2025-03-21,P0233,Sydney DC,HKG,115.0,20,305.52
INV004888,"Jan 31, 2023",P0177,dubai dc,PHL,166.0,20,"$1,340.72"
INV006757,2024-05-25,P0292,Singapore DC,ESP,151.0,10,249.83
INV002813,"Jan 01, 2023", P0246 , Dallas DC,IND,122.0,20,241.09
INV002904,"Jan 01, 2023",P0375,Dubai DC,GBR,98.0,20,253.01
INV000120,2024-06-24,P0408,DALLAS DC,mys,134.0,20,753.00
INV000294,2023-10-28,P0149,Dallas DC,JPN,79.0,50 units,235.24
INV003449,2024-10-22,P0422,Singapore DC,PHL,81.0,20,669.35
INV004709,21/12/2024,P0462,Dallas DC,MEX,47.0,50,$567.16
INV000077,2025-10-17,P0121,Singapore Warehouse,GBR,61.0,50 units,386.62
INV006770,2024-08-23,P0438,Sydney_DC,THA,45.0,50 units,N/A
INV002466,2023-09-28,P0138,  SYDNEY DC ,JPN,135.0,25,385.32
INV007782,2023-04-01,P0254,Frankfurt DC,VNM,57.0,25,302.07
INV003204,10-22-2024,P0433,Frankfurt DC,ITA,33.0,50 units,$388.52
INV000574,2025-11-16,P0190,Sydney DC,irl,-20.0,50,$492.51
INV002156,2023-10-28,P0118,Manila DC,USA,65.0,50,$169.30
INV003267,24/06/2024,P0109,Sydney DC,FRA,42.0,50 units,878.89
INV003031,2024-05-25,P0399,singapore dc,BRA,28.0,50,234.10
INV002618,2025-05-20,p0312,Frankfurt DC,TWN,142.0,50,1807.34
INV001118,2025-07-19,P0140,Dubai DC,bgd,7.0,20 ,249.94
INV001082,2025-07-19,P0173,Singapore DC,ZAF,67.0,NULL,147.36
INV000622,2024-10-22,P0335,Dallas DC,ITA,57.0,10,206.76
INV007471,2023-09-28,P0464,SYDNEY DC,bra,51.0,50 units,584.53
INV000971,2024-07-24,P0202,singapore dc,SGP,42.0,50 units,532.73
INV001470,"Jan 31, 2023",P0122,Dubai DC,ZAF,50.0,20 ,180.96
INV003770,29/08/2023,P0474,Frankfurt DC  ,IRL,29.0,50 units,184.38
INV001033,2024-06-24,P0356,frankfurt dc,NOR,37.0,50 units,$437.24
INV006243,"Jan 20, 2025",P0281,SINGAPORE DC,ZAF,52.0,20,421.79
INV005785,2023-06-30,P0327,Dallas DC,VNM,110.0,10,$124.47
INV006056,2023/07/30,P0143,Dallas DC,CAN,36.0,20,1273.62
INV002727,2024-10-22, P0125 ,Sydney DC,IDN,13.0,20,275.50
INV001941,2025-04-20,P0027,Dubai DC,MEX,52.0,25,46.93
INV007622,2023-11-27,P0396,Manila  Warehouse,GRC,71.0,20 ,65.57
INV003610,2024/11/21,P0066,Dallas DC,NOR,320.0,50,243.76
INV002131,2024/03/26,P0389,frankfurt dc  ,CHN,140.0,50 units,$80.58
INV004052,2023-07-30,P0256,DUBAI DC,IND,11.0,20 ,266.93
INV004698,07-19-2025,p0158,Frankfurt DC,FRA,32.0,50,NULL
INV006154,2023-03-02,P0055,Frankfurt DC,SAU,11.0,50 units,1169.71
INV003466,2023-11-27,p0152,Singapore DC,ITA,57.0,10,373.91
INV002162,07-30-2023,P0237,Dubai DC,IND,31.0,25,1085.44
INV007324,2024-04-25,P0340,Dallas DC,NULL,41.0,50,117.81
INV003233,2024-07-24,P0376,Frankfurt_DC,DEU,28.0,20,415.01
INV000583,2024-06-24,P0212,frankfurt dc,ITA,96.0,20 ,1044.35
INV000937,2024-06-24,P0188,Singapore DC,USA,37.0,20 ,640.49
INV002704,2024-06-24,P0391,Dubai DC,GRC,40.0,50 units,$334.44
INV006230,2024-08-23,P0012,Dubai DC,PAK,47.0,25,68.12
INV007125,04-01-2023,P0286,Manila DC,USA,131.0,10,$238.90
INV004237,2023-06-30,P0171,,ARE,19.0,20 ,683.25
INV002135,26/03/2024,P0430,Dallas DC,GBR,43.0,25,138.13
INV005156,2025-01-20,p0109,Dubai_DC,AUT,3.0,25,878.89
INV003090,19/06/2025,P0016,Singapore_DC,grc,72.0,25,"$1,431.29"
INV004554,2023-01-01,P0042,MANILA  DC, AUS,36.0,50,237.95
INV005774,"Jul 19, 2025",P0187,Manila  DC,THA,83.0,20,1292.73
INV000634,2024-09-22,P0085,Dallas DC,NLD,125.0,50,781.85
INV003981,2023/03/02,P0045,Dubai DC, GBR,26.0,20 ,499.98
INV001117,2023-01-01,P0163,Frankfurt_DC,PAK,18.0,20 ,539.88
INV000714,08-23-2024,P0269,Frankfurt DC,AUT,79.0,50,394.90
INV001726,2023/09/28,P0389,singapore dc,POL,47.0,50,80.58
INV002630,09-22-2024,P0055,Dallas DC,CHN,112.0,10,"$1,169.71"
INV004201,28/10/2023,P0462,null,JPN,49.0,10,567.16
INV004244,01/01/2023,p0124,Frankfurt DC,,38.0,25,867.56
INV007427,2023-04-01,P0110,Singapore DC,GRC,371.0,20 ,600.07
INV007335,2023-08-29,P0434,Frankfurt DC,DEU,76.0,50 units,508.81
INV000512,2025-01-20,P0309,Dallas DC,HKG,153.0,10,277.16
INV005291,2024-09-22,P0316,Frankfurt  DC,ESP,66.0,20,$348.67
INV001593,2023-10-28,P0238,manila dc,PHL,19.0,20,161.79
INV000192,2023-08-29,P0206,Manila DC,USA,58.0,20 ,281.59
INV001452,2025-05-20,P0133,Singapore DC  ,MYS,52.0,50,$23.07
INV005281,2023-12-27,P0148,SINGAPORE DC  ,BRA,139.0,20,N/A
INV007433,2024-03-26,P0463,DALLAS DC,ARG,186.0,20 ,1421.36
INV000924,2025-08-18,P0097,Frankfurt DC,ITA,166.0,25,546.06
INV001887,2023-01-01,P0339,Frankfurt DC,DEU,141.0,10,"$1,349.99"
INV000742,2024-12-21,P0474,Manila Warehouse,TWN,89.0,20,184.38
INV001356,2024-10-22,P0070,Manila_DC,,7.0,20 ,250.81
INV006418,2025-05-20,P0174,Dallas DC,NGA,10.0,10,215.95
INV003121,2025-01-20,P0273,Singapore DC,USA,11.0,N/A,1649.21
INV006359,2025-03-21,p0435,Dubai DC,HKG,190.0,20,780.15
INV006344,2025-04-20,P0015,Dubai DC,POL,57.0,25,299.01
INV001996,2023-09-28,P0362,null,ZAF,32.0,20 ,$469.11
INV001420,2024-01-26,P0454,Dubai DC,DEU,118.0,20 ,220.83
INV004539,01-26-2024,P0068,Manila DC,PHL,53.0,10,$362.47
INV003627,2024-11-21,P0443,Manila DC,SGP,35.0,50,$275.54
INV002606,01/04/2023,P0206,dallas dc,FRA,68.0,50 units,281.59
INV006647,2023-06-30,P0100,Sydney DC,ESP,44.0,50 units,1301.31
INV007734,2024-09-22,P0395,Dubai DC,,100.0,20 ,$282.19
INV000075,2023-05-31,P0294,Frankfurt DC,CHN,41.0,10,
INV007653,2024-12-21,P0320, Frankfurt DC,,131.0,20,355.65
INV007770,2025/04/20,P0304,Frankfurt DC,DNK,82.0,25,888.37
INV002611,05-01-2023,P0248,Frankfurt DC,GHA,89.0,10,75.05
INV000313,2023-06-30,P0335,Manila DC  , EGY,38.0,50,206.76
INV000390,2023-10-28,P0115, Singapore DC,GHA,12.0,20,1730.87
INV005719,2024-02-25,P0443,Frankfurt DC,zaf,120.0,20 ,275.54
INV006180,"Oct 17, 2025",P0292,Singapore Warehouse,BRA,29.0,50 units,249.83
INV007502,03-21-2025,P0023, Sydney DC,IRL,,10,806.82
INV003871,2023-05-01,P0358,Frankfurt DC,AUS,29.0,10,362.65
INV001311,2024-01-26,P0382,Sydney DC,CHN,41.0,20,435.79
INV004623,2025-03-21,P0166,Sydney DC,CHE,23.0,50,"$1,551.16"
INV001441,26/03/2024,P0258,Singapore DC,SAU,-22.0,25,945.16
INV002805,2025-06-19,P0017,Dallas DC,BRA,33.0,20,542.06
INV005633,2023-01-01,P0452, Dubai DC,dnk,112.0,25,162.81
INV006006,2024-08-23,P0315, Frankfurt DC, ESP,215.0,25,684.48
INV003403,2024-08-23,P0102,Manila DC,chn,7.0,10,2178.97
INV003722,2025-04-20,P0425,Dallas_DC,ARE,44.0,,385.09
INV006225,24/06/2024,P0468,Sydney DC,USA,110.0,50 units,$182.15
INV006987,2025-09-17,P0324, SYDNEY DC,PHL,116.0,20,$216.85
INV003831,2025-03-21,p0074,Sydney DC,FRA,60.0,20,393.85
INV004797,2024-03-26,P0224,sydney  dc,ESP,200.0,10,141.71
INV007079,"Jan 01, 2023",P0428,DUBAI  DC,chn,25.0,50 units,NULL
INV001866,04-20-2025,P0231,Singapore DC,IND,56.0,20 ,1464.89
INV001945,2023-06-30,P0453,Manila DC,IND,45.0,NULL,"$1,512.26"
INV006522,2024-10-22,P0005,Manila DC,AUS,30.0,10,206.85
INV003749,2023-09-28,P0382,sydney dc,PHL,16.0,NULL,435.79
INV005951,2025-10-17,P0276,Sydney DC  ,IDN,43.0,50,677.68
INV001638,2023/05/31,P0047,Dallas DC,USA,117.0,10,$453.19
INV002420,2023-09-28,P0162,Manila DC  ,TUR,97.0,10,1169.94
INV001406,2023-06-30,P0158, Singapore DC,NLD,116.0,10,$308.39
INV006913,2023-09-28,p0342,Dubai DC,GBR,10.0,20 ,$45.41
INV003909,2025-08-18,P0144,Sydney_DC  ,RUS,46.0,10,$823.61
INV002943,27/12/2023,P0017,Frankfurt DC,FRA,-9.0,50,N/A
INV007294,2025-04-20,P0325,Dallas DC,ITA,110.0,50,64.79
INV003128,2025-01-20,P0292,Singapore DC,CHN,141.0,50 units,$249.83
INV003737,2023-12-27,P0384,Frankfurt  DC,THA,45.0,25,N/A
INV007018,2023-11-27,P0471,Manila DC,GBR,17.0,50 units,124.22
INV003944,2023-08-29,P0308,Dubai DC,FRA,225.0,50,654.35
INV003329,2025-07-19,P0133,Singapore DC,USA,146.0,25,23.07
INV006771,2023-04-01,P0010,Manila DC,can,72.0,10,362.45
INV007374,2024-06-24,P0363,Dallas DC,GBR,51.0,20,620.30
INV006795,2024-02-25,P0130,Frankfurt Warehouse,IRL,87.0,20 ,833.76
INV007771,2023-01-31,P0464,DUBAI  DC,ITA,17.0,20 ,584.53
INV003020,2024-04-25,P0428,Dubai DC,CHN,27.0,20,830.75
INV006994,24/07/2024,P0076, Dubai DC,HKG,39.0,50 units,1500.98
INV002060,2024-05-25,P0198,Frankfurt DC,USA,37.0,20,672.93
INV001348,31/05/2023,P0091,Singapore Warehouse,ARE,163.0,50,85.53
INV001540,2024-06-24,P0300,Sydney_DC,USA,265.0,50,$242.73
INV001784,2025-04-20,P0101, Manila DC,NLD,56.0,50,$402.58
INV002127,2024-02-25,P0157,Manila Warehouse,TWN,45.0,20,428.62
INV001062,23/08/2024,P0170,Singapore DC, USA,90.0,10,333.68
INV007654,2025-01-20,P0386,Dallas  DC,usa,25.0,50 units,639.66
INV002190,"Mar 02, 2023",P0160,Singapore DC,IND,63.0,50 units,356.16
INV002257,2023-11-27,P0237,Dallas DC,JPN,39.0,20,1085.44
INV003664,2024-05-25,P0192,Manila DC,MYS,14.0,50,204.18
INV002784,2024-03-26,P0204,Manila  DC,USA,91.0,20,$690.23
INV001884,2024-11-21,P0147,Frankfurt Warehouse,CHN,127.0,10,N/A
INV002849,2023-07-30,P0346,sydney dc,aus,14.0,10,$243.91
INV000693,09-22-2024,P0334,Manila DC,JPN,16.0,20 ,577.38
INV000934,2024-02-25,P0264,Dubai DC,usa,132.0,20 ,1444.31
INV006747,2024-12-21,P0051,Frankfurt DC,CHN,91.0,25,154.89
INV000199,2024-05-25,P0024,Dallas Warehouse, JPN,80.0,10,NULL
INV000474,2023/01/31,P0465,MANILA DC  ,DEU,13.0,20,70.39
INV006120,"Mar 21, 2025",P0437,Dubai Warehouse,CAN,150.0,50,121.14
INV007251,2024-04-25,P0140,Sydney_DC,ZAF,44.0,20,249.94
INV000503,2025-03-21,P0474,Manila DC,CAN,25.0,20 ,184.38
INV001268,2025-02-19,P0393,FRANKFURT DC,AUS,30.0,50,822.49
INV002856,04-25-2024,P0437,Singapore DC,EGY,157.0,10,121.14
INV005730,2023-05-31,P0075,Dubai DC  ,CHE,82.0,20 ,182.37
INV007500,2024-02-25,P0218,Singapore  DC,DEU,131.0,20 ,"$1,050.16"
INV005279,03-21-2025,P0305,Frankfurt DC,USA,89.0,20 ,465.44
INV004750,16/11/2025,P0340,Dallas DC,ind,33.0,20,117.81
INV003250,02/03/2023,P0403,Sydney DC,USA,7.0,50 units,1444.81
INV002029,2023-05-01,p0342,Sydney DC,TWN,68.0,50 units,45.41
INV002777,2024-02-25,P0189,dubai dc,USA,131.0,20,$118.94
INV007737,2023-07-30,P0008,Manila DC,DEU,,50 units,998.45
INV005841,2023-10-28,P0330,Singapore DC,USA,106.0,50,203.65
INV006888,01/04/2023,P0035,Dallas DC,DEU,76.0,10,153.63
INV007607,"Nov 21, 2024",P0334,Dallas DC,CHN,22.0,20 ,577.38
INV000633,2025-02-19,P0196,Singapore DC,SGP,40.0,10,120.35
INV006942,2025-10-17,P0042,Manila DC,USA,225.0,20,237.95
INV002061,2023-04-01,P0165,Dallas DC,,34.0,10,1599.84
INV001063,2023-11-27,P0213,null,ind,67.0,50,667.20
INV004588,2025-08-18,P0289,Sydney  DC,USA,50.0,10,$241.69
INV003413,2023-06-30,p0198,Dubai DC,DEU,89.0,20 ,672.93
INV005112,2023-09-28,P0157,Sydney DC,NULL,54.0,50,428.62
INV005617,2023-05-31,P0350,dallas  dc,gha,96.0,50 units,153.70
INV004462,2023/05/31,P0149, Dallas Warehouse,BRA,24.0,50,235.24
INV002859,26/03/2024,P0381,Dallas DC,GBR,33.0,25,554.55
INV003983,06-30-2023,P0392,Singapore DC,KOR,6.0,50,788.36
INV000035,2024-12-21,P0192,Sydney DC,USA,53.0,25,204.18
INV000935,"Nov 16, 2025",P0071,MANILA DC,CHN,82.0,50 units,540.88
INV002845,2023-04-01,P0431,Dallas DC,THA,19.0,20,52.60
INV003740,2025-03-21,P0272,singapore dc,BRA,126.0,10,160.33
INV001602,2024-11-21,P0220,Dallas DC,AUS,,50,153.59
INV004778,2023-01-01, P0243 , Dubai DC,CHN,57.0,25,179.19
INV004409,2023/11/27,P0381,Singapore DC  ,MEX,33.0,25,554.55
INV002846,"May 25, 2024",P0055,Singapore DC,FRA,242.0,25,1169.71
INV000706,2025-07-19,P0336,  Frankfurt DC ,DEU,38.0,50,$180.18
INV003428,2024-12-21,P0369,dubai dc,DEU,14.0,50,$887.73
INV005311,2023-05-01,P0287,Manila DC,BRA,90.0,20 ,NULL
INV004716,2023-10-28,p0171,Dallas DC,CHN,109.0,50 units,683.25
INV005616,2023-09-28,P0176,Dubai DC,DNK,39.0,20 ,374.00
INV006012,29/08/2023,P0304,Manila DC,BRA,112.0,50 units,888.37
INV007735,2025-11-16,P0397,Sydney DC,MEX,118.0,null,314.52
INV004690,2025-05-20,P0002,Dubai DC,BGD,52.0,50,39.13
INV007317,2023-10-28,P0377,Singapore Warehouse  ,CAN,20.0,50 units,$212.18
INV007796,2024-10-22,P0343,manila dc,USA,121.0,50,$368.11
INV005041,2023-12-27,P0060,Sydney DC,CHE,11.0,25,720.76
INV007241,2024-09-22,P0399,,IND,39.0,25,$234.10
INV004610,2023-04-01,P0475,Sydney DC,ZAF,84.0,10,265.34
INV001888,2024-08-23,P0439,NULL,ITA,106.0,50,783.98
INV000405,2023-05-31,P0264,Singapore DC,BRA,42.0,50 units,1444.31
INV006386,24/07/2024,P0297,Sydney_DC,MYS,31.0,20 ,461.52
INV006361,2025-08-18,P0329,Singapore DC,ZAF,29.0,,$361.49
INV005990,2025-04-20,P0155,Singapore DC,CHE,91.0,50,352.91
INV003369,2023-05-01,P0392,Manila DC,FRA,70.0,20 ,$788.36
INV002987,12-27-2023,P0239,Singapore DC,AUS,134.0,20 ,1152.66
INV005115,2025-03-21,P0124,Dallas DC  ,ITA,79.0,10,867.56
INV007245,2024-02-25,P0204,Dallas DC,TUR,35.0,10,
INV006709,2024-01-26,P0477,SINGAPORE DC,PAK,107.0,20,703.10
INV003361,2024-07-24,P0066,Frankfurt DC,AUS,75.0,25,N/A
INV003352,2023-08-29,P0363,Dallas DC,CHL,87.0,20 ,620.30
INV001284,2023-11-27,P0070,Manila DC,DNK,54.0,25,250.81
INV006503,20/01/2025,P0294,Manila_DC, TUR,51.0,20 ,290.11
INV007754,2023-09-28,P0008,Singapore DC,THA,144.0,25,998.45
INV001059,03-02-2023,P0312,Dubai_DC,ARG,150.0,N/A,1807.34
INV000371,16/11/2025,P0398,Dallas DC,CAN,63.0,10,378.76
INV001548,2024-12-21,P0288, Singapore Warehouse,BGD,26.0,20 ,1385.69
INV001789,2024-12-21,P0147,null,sgp,52.0,,769.31
INV004894,2025-11-16, P0230 ,Sydney DC,CHE,74.0,25,537.83
INV005198,24/07/2024,P0235,Manila  DC,IND,34.0,50 units,162.49
INV005126,2023/11/27,P0337,Frankfurt Warehouse,FRA,44.0,50,$634.78
INV004704,2024-07-24,P0451,Dallas DC,AUS,23.0,10,271.84
INV000319,2023-01-01,P0442,Dallas DC,ZAF,190.0,50 units,186.37
INV000898,2024-05-25,P0243,Singapore DC,GBR,144.0,25,179.19
INV007466,2024-06-24, P0284 ,Sydney DC,MEX,141.0,50 units,1835.64
INV007496,2023-07-30,P0241,Dallas DC  ,NULL,103.0,,85.47
INV007553,2024-04-25,P0223, Frankfurt Warehouse,kor,39.0,20 ,$291.25
INV000664,2023-06-30, P0138 ,Singapore DC,DEU,,20,$385.32
INV000187,2023-07-30,P0026,singapore dc,IND,18.0,50,155.86
INV007457,2025-01-20,P0195,Dubai DC  ,BRA,140.0,25,616.31
INV006298,2025-06-19,P0157,Singapore DC,CHL,165.0,50,428.62
INV003571,2023-08-29,P0368,  Frankfurt_DC ,GBR,228.0,20 ,$523.59
INV005757,2023-05-31,P0010,Dubai DC,HKG,27.0,50 units,362.45
INV000563,2025-06-19,P0184,Manila DC,COL,52.0,25,1643.13
INV001860,2024-12-21,P0309,Sydney  DC,USA,63.0,20,277.16
INV000624,2023-06-30,P0019,Sydney DC,KEN,32.0,20 ,961.87
INV003665,2024-12-21,P0151,dallas dc,NULL,29.0,50,569.23
INV006513,19/07/2025,P0116,,EGY,61.0,25,170.55
INV001506,2023-12-27, P0150 , Dubai DC,NOR,,10,603.49
INV001812,2024-12-21,P0325,SINGAPORE DC,mar,17.0,20,64.79
INV000752,2023-05-01,P0072,Dubai DC  ,BRA,21.0,10,63.48
INV005612,03-26-2024,P0217,Singapore DC,PHL,120.0,20,1062.54
INV001546,2025-10-17,P0466,Sydney Warehouse,ARE,19.0,10,965.94
INV003966,2025-05-20,P0090,Frankfurt DC,JPN,113.0,50,81.60
INV006964,04-01-2023,P0014,Dubai DC,swe,126.0,25,331.38
INV004598,2024-05-25,P0467,Dallas DC,CHN,101.0,20 ,147.20
INV004005,2024-01-26,P0358,Frankfurt DC,USA,55.0,20 ,362.65
INV002696,2025-03-21,P0240,MANILA DC,THA,58.0,20,$337.12
INV000045,2023-04-01,P0374,Singapore DC,NULL,36.0,10,1275.24
INV005251,07-19-2025,P0445,Frankfurt DC,NLD,102.0,20 ,446.87
INV000105,2024-04-25, P0258 ,singapore dc,GBR,130.0,20 ,945.16
INV003108,2025-02-19,P0157,Sydney DC,PAK,26.0,50 units,$428.62
INV001324,2025-10-17,P0258,Manila Warehouse,USA,94.0,25,945.16
INV003747,"Mar 02, 2023",P0123,Dallas DC,IDN,156.0,50,617.89
INV006512,2025-05-20,P0373,Singapore_DC,MAR,92.0,10,1196.41
INV005949,2025-02-19,P0316,Frankfurt DC,GBR,7.0,20,348.67
INV004291,2024-01-26,P0461,Dubai DC,MEX,160.0,20 ,163.23
INV006470,2023-05-31,P0083,Manila DC,NOR,167.0,25,439.01
INV004858,"Jan 01, 2023",P0053,Dallas DC,CHN,49.0,25,$71.16
INV006744,2025-06-19,P0115,Singapore DC,FRA,67.0,20 ,1730.87
INV004267,2025/05/20,P0320,Frankfurt DC,CHN,,20 ,355.65
INV001434,20/01/2025,P0151,Frankfurt DC,GHA,260.0,20,569.23
INV003172,2024-04-25,P0087,Dubai DC,JPN,10.0,10,573.99
INV003812,2025-05-20,P0308,DALLAS DC,CHN,37.0,50,654.35
INV007546,2024/04/25,P0355,Sydney_DC,IRL,129.0,50 units,$245.67
INV005673,2023-06-30,P0310,  Singapore DC ,RUS,113.0,25,543.12
INV000881,20/05/2025,P0427,  Frankfurt DC ,GBR,76.0,50,$169.17
INV005735,01/04/2023,P0191,Sydney DC,KOR,39.0,10,54.17
INV001171,28/09/2023,P0450,Dallas DC,GRC,37.0,20 ,184.31
INV004072,2024-07-24,P0200,Singapore DC  ,gbr,22.0,25,508.90
INV007185,17/09/2025,P0298,Dubai DC,MEX,126.0,N/A,132.31
INV000527,"Jun 19, 2025",P0423,dallas dc, USA,19.0,NULL,235.59
INV001477,2025-02-19,p0174,Dubai DC,CHN,56.0,20 ,215.95
INV002369,2025-09-17,P0275,Dallas DC,ARE,24.0,10,$223.15
INV000097,2024-10-22,P0128,dubai dc,USA,41.0,20,1658.67
INV005537,2025-05-20,P0150,Singapore DC,bra,66.0,10,
INV001525,12-27-2023,P0139,null,ARE,50.0,10,383.11
INV003440,2024-08-23,P0310,Dallas DC,nor,197.0,50 units,543.12
INV005402,2023-01-01,P0422,Dallas DC,THA,73.0,50 units,669.35
INV004246,22/10/2024,P0082,Dubai DC,NGA,81.0,10,$80.04
INV005377,2023-08-29,P0156,Dubai DC,mex,4.0,10,$190.53
INV001823,2025-04-20, P0211 ,Dallas DC,usa,51.0,20,411.76
INV002330,2023-01-31,P0024,Sydney DC,USA,128.0,20,541.27
INV002146,2024-01-26,P0357,Dallas Warehouse,,11.0,25,252.01
INV004485,2024-03-26,P0078,Singapore DC,POL,57.0,20,338.99
INV000647,2024-10-22,P0195,DALLAS DC,FRA,76.0,50,616.31
INV004713,2024-06-24,P0041,Dubai Warehouse,DEU,157.0,20,384.99
INV002640,2024-03-26,P0147,Dallas DC,GRC,270.0,20 ,769.31
INV007140,2024-09-22,P0225,Dubai DC,ZAF,152.0,50,413.07
INV002395,2024-09-22,P0090, Frankfurt DC,ITA,130.0,10,81.60
INV003677,"May 31, 2023",P0240,Manila Warehouse,aus,-21.0,50,337.12
INV002866,01/04/2023,P0194,Frankfurt_DC,USA,3.0,50,292.89
INV007752,2025-06-19,P0063,Manila  DC,VNM,24.0,10,660.25
INV006162,22/09/2024, P0166 ,Dubai DC,USA,92.0,50,1551.16
INV006686,2025-03-21,P0040,Sydney DC,prt,44.0,25,1140.69
INV005140,2023-10-28,P0066,,KOR,53.0,50,243.76
INV000273,2023-01-31,P0439,Dallas DC, POL,74.0,50 units,783.98
INV002685,"May 20, 2025",P0242, Frankfurt DC,FRA,51.0,10,31.06
INV007407,19/07/2025,P0361,Dallas DC,VNM,17.0,25,$192.49
INV005387,2025-07-19,P0291,NULL,aus,11.0,20 ,42.01
INV007450,2023-04-01,P0016,Sydney DC,CAN,67.0,10,1431.29
INV000840,2023-09-28,P0368,Sydney  DC,NLD,78.0,50 units,523.59
INV002148,02-19-2025,P0297, Manila_DC,CHN,41.0,50,$461.52
INV005789,26/01/2024,P0006,Sydney DC,COL,,20 ,507.59
INV005945,2025-08-18,P0425,manila dc,ARG,137.0,50 units,385.09
INV007090,25/02/2024,P0457,Singapore DC,AUS,99.0,50 units,$80.12
INV005013,05-31-2023,P0257,Singapore DC,pol,55.0,10,30.10
INV005562,2023-03-02,P0148, Dallas DC,USA,38.0,50 units,1458.45
INV005445,"Jan 20, 2025",P0420,SINGAPORE DC,CHN,93.0,25,272.48
INV007009,05-25-2024,P0094,Dallas DC,BRA,122.0,50,321.40
INV003080,"Oct 28, 2023",P0034,Dallas DC,USA,30.0,50 units,$84.58
INV003051,2023/12/27,P0198,Dallas Warehouse,ITA,65.0,20 ,672.93
INV000800,2023-08-29,P0428,SYDNEY DC,PAK,33.0,50 units,$830.75
INV007019,2025-02-19,P0177,Singapore DC,ARE,60.0,10,1340.72
INV007152,2024-06-24,P0012,dallas dc,,119.0,50 units,68.12
INV006551,2024/11/21,P0194,Frankfurt DC  ,DEU,54.0,20 ,292.89
INV005798,2025-07-19,P0422,Frankfurt DC,COL,235.0,50,669.35
INV005958,2025-09-17,P0273,Manila_DC,USA,7.0,50,1649.21
INV007240,"Oct 22, 2024",P0356,Sydney DC,CHN,148.0,50,437.24
INV005275,03-21-2025, P0027 ,dallas dc,IND,47.0,20,46.93
INV005295,2023-07-30,P0139,Sydney DC,IDN,146.0,50 units,$383.11
INV007395,2023-12-27,P0107,Dallas_DC,MYS,113.0,50 units,353.21
INV007026,2023-01-01,P0414,Sydney DC,ZAF,48.0,20,N/A
INV004233,2023-01-01,P0036,Dallas DC,PHL,107.0,20,169.53
INV007127,2024-09-22,P0379,Dubai_DC,USA,79.0,50,1921.81
INV002004,2023-03-02,P0100,Dubai DC,PRT,125.0,50 units,"$1,301.31"
INV001683,05-25-2024,P0460,Manila DC,BRA,14.0,10,29.99
INV000976,2024-10-22,P0009,Manila DC,IND,45.0,,"$1,370.71"
INV002555,2025-03-21,P0437, Frankfurt DC,CHN,197.0,10,121.14
INV001178,2024-06-24,P0094,Sydney DC, CAN,30.0,25,$321.40
INV003608,2023-12-27,p0147,  Frankfurt DC ,ARE,97.0,25,769.31
INV006931,2025-11-16,P0457,Dubai_DC  ,GBR,34.0,25,80.12
INV003679,2023-01-31,P0363,Sydney DC, IND,69.0,10,620.30
INV002854,2025-01-20,P0127,Dubai DC  ,JPN,83.0,25,1057.48
INV007052,2025-01-20,P0424, Singapore_DC,ESP,29.0,20,$295.04
INV006364,2023-07-30,P0070,Dallas DC,IRL,55.0,20,250.81
INV002289,2023-03-02,P0062,Frankfurt DC,IND,49.0,20,$51.02
INV001360,2023-09-28,P0364,Dallas DC,CHN,104.0,50,$610.93
INV005207,2023-03-02,P0221,manila dc,MEX,,50,497.92
INV007801,2024-05-25,P0179,Frankfurt DC,jpn,73.0,25,$52.95
INV001277,2025-07-19,P0377,Sydney DC,GBR,17.0,10,
INV005065,2024-10-22,P0393,Dallas DC,DEU,38.0,20 ,822.49
INV002484,2023-08-29,P0032,Manila DC,KOR,150.0,20,67.52
INV004451,2024-10-22,P0478,Sydney DC,AUS,28.0,25,1422.93
INV001563,2024/09/22,P0049,Singapore DC,CHN,55.0,NULL,554.43
INV004571,2025-08-18,P0143,Frankfurt_DC,USA,79.0,20,1273.62
INV000043,31/01/2023,P0325,Sydney DC,PHL,71.0,25,64.79
INV000425,2023-01-31,P0403,Manila DC,CHN,31.0,25,1444.81
INV005017,2023-12-27,P0433,Manila DC,DEU,,10,$388.52
INV007077,2024-11-21,P0191,Dubai  DC,SGP,22.0,10,54.17
INV004359,19/06/2025,P0217,Dubai  DC,GBR,99.0,25,1062.54
INV001307,2025-08-18,P0239,Manila DC,aut,64.0,50 units,"$1,152.66"
INV002646,01/04/2023,P0312,dallas dc,IDN,32.0,50,null
INV003255,2023-03-02,P0210,Singapore DC,USA,,50,166.60
INV004335,2024-09-22,P0107,Dubai DC,THA,113.0,50,353.21
INV001880,,P0318,Singapore_DC,USA,138.0,50,1002.24
INV004997,25/02/2024,P0225,Singapore DC,DEU,45.0,10,$413.07
INV004586,"Oct 28, 2023", P0179 ,Dallas DC,SWE,113.0,50,52.95
INV006469,22/09/2024,P0292,DALLAS DC,AUS,74.0,20,249.83
INV002897,01/01/2023,P0112,Singapore DC,DEU,118.0,20 ,239.40
INV001569,01/01/2023,P0183,manila dc,PRT,62.0,20,248.45
INV000535,2023-11-27,P0220,Frankfurt DC,PHL,45.0,20 ,153.59
INV001733,2025-01-20,p0282, Dubai DC,DEU,21.0,50,363.15
INV004434,2023-06-30,P0044,Sydney DC,CAN,104.0,25,346.35
INV004214,2024-06-24,P0012,Sydney DC,ITA,125.0,50,68.12
INV005214,2025-10-17,P0215,Frankfurt DC,NLD,4.0,20,1135.32
INV001674,2023-09-28,P0345,Frankfurt DC,CHL,94.0,20 ,223.23
INV004458,2024-04-25,P0077,Dubai DC,USA,106.0,20,138.22
INV007554,2024-11-21,P0150,Dallas DC,PHL,26.0,25,603.49
INV000430,2024-11-21,P0170,Dubai DC,SAU,37.0,10,333.68
INV007632,22/09/2024,P0061,Dallas DC,PHL,52.0,50,860.02
INV002782,2024-07-24,P0228,Dallas DC,GBR,43.0,10,143.79
INV006515,2025-05-20,P0385,Manila_DC,DEU,18.0,50,310.64
INV001767,2023-12-27,P0280,sydney dc,ARG,47.0,50,336.14
INV003098,2024-01-26,p0419,sydney dc,BRA,40.0,20,1142.25
INV000442,27/12/2023,P0131,dubai dc  ,CHN,48.0,25,315.08
INV004512,2023-01-01,P0401,Dubai DC,THA,32.0,50 units,148.27
INV000865,17/10/2025,P0179,dallas dc,USA,5.0,10,52.95
INV004798,2024-01-26,P0381,Dallas DC,AUS,80.0,20,554.55
INV001581,"Dec 21, 2024",P0046,Singapore DC,USA,57.0,50,1078.86
INV004366,06-30-2023,P0459,Dallas Warehouse,TWN,72.0,50,232.90
INV001038,2024-10-22,P0008,Singapore  DC,CHN,31.0,50 units,998.45
INV004722,2023-12-27,P0030,Sydney DC,GBR,141.0,20,$155.94
INV004069,2025-06-19,P0017,Singapore_DC,NGA,154.0,20 ,542.06
INV006020,2025-02-19,P0083,NULL,KOR,41.0,10,439.01
INV007804,2024-12-21,P0166,Singapore_DC,ESP,21.0,50,1551.16
INV006378,2024-05-25,P0238,Manila DC,USA,51.0,10,161.79
INV003799,03-26-2024,P0053,Singapore DC,SAU,185.0,25,71.16
INV002748,"Jul 19, 2025",P0185,Manila DC,CAN,33.0,25,$159.37
INV002196,01-01-2023,P0446,Sydney DC,MEX,13.0,20 ,$106.11
INV004697,"Sep 22, 2024",P0102,Singapore DC,,165.0,20,2178.97
INV004067,2023-09-28,P0140,Dubai_DC,kor,124.0,NULL,249.94
INV005329,"Aug 23, 2024",P0171, Singapore DC,DEU,130.0,10,$683.25
INV002894,2024-06-24,P0355,Frankfurt DC,EGY,82.0,50 units,245.67
INV007728,2023-08-29,P0119,Singapore DC,PHL,70.0,25,$799.93
INV004167,2025-02-19,P0054,Manila DC,ESP,,25,$234.08
INV001712,2023-06-30,P0479,DALLAS DC,BGD,221.0,10,128.08
INV001397,2023-10-28,P0177,SYDNEY DC,NULL,166.0,25,1340.72
INV003633,2023-07-30,p0190,Manila DC  ,ESP,50.0,20,492.51
INV007385,2024-01-26,P0052,Dubai DC,GBR,115.0,50 units,150.88
INV005453,2024-05-25,P0381,sydney dc,IND,194.0,50,554.55
INV001189,2023-11-27,P0214,Sydney DC,DEU,68.0,NULL,353.01
INV003253,22/09/2024,P0100,Dallas DC,DNK,89.0,10,1301.31
INV005622,"Mar 26, 2024",P0045,Sydney_DC,HKG,74.0,20 ,N/A
INV007390,2023-06-30,P0397,Frankfurt DC,USA,126.0,20 ,$314.52
INV000981,2024-01-26,P0226,Dubai_DC,DEU,50.0,50,98.71
INV006514,2025-03-21,P0217,Sydney Warehouse,IND,100.0,50,1062.54
INV005897,07-30-2023,P0040,  Sydney DC ,KOR,59.0,50 units,1140.69
INV005986,2023-04-01,P0266,singapore dc,NULL,89.0,50 units,382.81
INV002963,2024-12-21,P0058,,MEX,104.0,50 units,1363.40
INV001722,2024-06-24,P0236,Dubai_DC,,131.0,10,510.62
INV000260,2023-11-27,P0330,Dallas DC  ,IND,43.0,10,203.65
INV000765,10-28-2023,P0387,Manila DC,IND,143.0,50 units,1508.16
INV001946,2024-02-25,P0251,Dallas DC,JPN,43.0,25,1041.74
INV003575,2023-08-29,P0270,DALLAS DC,MEX,110.0,10,275.84
INV003187,2024-08-23,P0281,Manila DC,ARG,40.0,NULL,$421.79
INV000598,2024-02-25,P0422,,ESP,104.0,25,669.35
INV001438,21/03/2025,P0468,  Frankfurt DC ,CHN,67.0,20 ,182.15
INV007106,2024-08-23,P0160,SYDNEY DC,AUS,116.0,20,356.16
INV002140,"Aug 18, 2025",P0317,SINGAPORE DC,VNM,95.0,null,"$1,558.47"
INV000133,2024-06-24,P0292,Dubai DC,PAK,39.0,20 ,249.83
INV004761,2023-05-01,P0467,Singapore DC,THA,80.0,20 ,147.20
INV005197,2023-10-28,P0183,Singapore DC,gbr,23.0,50 units,248.45
INV002647,"Jan 31, 2023",P0200, Sydney DC,hkg,31.0,50 units,508.90
INV006335,2023-05-01,P0002,Singapore DC,,35.0,50,$39.13
INV004183,2024-10-22,P0327,Sydney DC,IND,54.0,25,$124.47
INV006642,07-30-2023,P0305,Manila DC,ISR,146.0,25,465.44
INV000176,10-17-2025,P0440,Sydney DC,USA,92.0,25,382.33
INV003383,2025-05-20,P0397,Manila DC,POL,86.0,50,314.52
INV000686,17/09/2025,P0011,Sydney DC  ,ZAF,14.0,50 units,null
INV004085,2023-05-31,P0289, Manila DC,ESP,70.0,20,$241.69
INV005715,2024-05-25,P0025,dubai dc,EGY,35.0,50,369.52
INV001703,2023-01-01, P0455 ,Dubai DC, IND,11.0,20 ,491.96
INV001977,2025-01-20,P0435, Frankfurt DC,IDN,59.0,25,780.15
INV004129,"Nov 21, 2024",P0375,MANILA DC,USA,146.0,20 ,253.01
INV003309,2023-05-01,P0167,Sydney DC,ZAF,27.0,25,690.29
INV000393,2025-05-20,P0362,Dubai DC, CHN,156.0,20 ,469.11
INV005726,09-28-2023,P0331,SYDNEY DC,FRA,99.0,20 ,647.08
INV005498,2025-10-17,P0075,Dubai DC,ZAF,58.0,50 units,182.37
INV004461,2024-04-25,P0083,Frankfurt DC,ISR,-28.0,20,439.01
INV006129,21/03/2025,P0144,SINGAPORE DC,BRA,50.0,50 units,823.61
INV007522,2024-02-25,P0192,Singapore DC,CHN,39.0,50 units,204.18
INV002006,"Jan 20, 2025",P0454,SYDNEY DC,MEX,54.0,25,220.83
INV006761,2025-06-19,P0091,Manila DC,SAU,38.0,50 units,85.53
INV007633,2023-12-27,P0226,Frankfurt DC,SAU,64.0,10,$98.71
INV001961,"Apr 20, 2025",P0224,Frankfurt DC, AUS,45.0,50 units,141.71
INV000362,2023-08-29,P0150,FRANKFURT DC,GHA,76.0,20,603.49
INV007184,08-29-2023,P0422,Dubai DC,POL,18.0,50,$669.35
INV004339,2024-07-24,P0196,Sydney DC,,58.0,50,$120.35
INV005764,20/04/2025,P0073,Manila DC,PHL,207.0,25,1017.01
INV006911,2023-03-02,P0028,MANILA DC,UKR,51.0,50 units,1533.09
INV007671,2024-01-26,P0010,null,CAN,28.0,25,
INV006929,2024-03-26,P0315,Singapore DC,UKR,26.0,50,N/A
INV007497,08-29-2023,P0091,  Manila DC ,ZAF,66.0,50,85.53
INV001894,2023-06-30,P0374,Manila DC,MYS,161.0,25,1275.24
INV006780,2023-08-29,P0092,DALLAS  DC,JPN,100.0,10,234.17
INV003025,2024-04-25,P0331,Manila DC, AUS,42.0,25,647.08
INV000213,2024-05-25,P0467,Frankfurt DC,GBR,89.0,25,147.20
INV000771,2023-03-02,P0449,DUBAI DC,AUS,22.0,50 units,1342.38
INV003558,2023-01-01,P0377,Dallas DC,AUS,17.0,50,212.18
INV004023,04-25-2024,P0433,FRANKFURT DC  ,USA,47.0,20,388.52
INV006676,01-20-2025,P0410,singapore dc,DEU,18.0,50,$475.18
INV002602,2023-05-31,P0465,Dallas DC,HKG,88.0,20 ,70.39
INV005891,31/05/2023,P0393,Frankfurt DC,KOR,41.0,50,822.49
INV006448,2023-10-28,P0242,singapore dc,MYS,46.0,25,N/A
INV006532,"Mar 02, 2023",P0323, dubai dc,FRA,95.0,10,361.05
INV005006,2023-10-28,P0358,Dallas DC,USA,38.0,25,362.65
INV001479,2025-08-18,P0397,  Singapore DC ,USA,87.0,50 units,314.52
INV003632,2025-01-20,P0478,Frankfurt  DC,FRA,148.0,50,1422.93
INV005820,2025-11-16,P0215,Frankfurt DC,MYS,4.0,20,1135.32
INV000557,2025-05-20,P0011,null,CHL,19.0,50 units,90.19
INV004801,2023-03-02,P0338,Dallas DC,THA,18.0,10,1282.83
INV007800,2024-04-25,P0211,Singapore DC,MYS,60.0,50,411.76
INV006053,2025-09-17,P0216,FRANKFURT DC,NGA,38.0,50,$225.21
INV002025,2024-09-22,P0010,Sydney DC,,31.0,50,362.45
INV004596,20/05/2025,P0022,  Manila DC ,USA,47.0,25,282.63
INV002323,2023-12-27,P0049,Sydney DC,PHL,,10,554.43
INV005640,2025/06/19,P9902,frankfurt dc,BGD,70.0,50,N/A
INV000551,2023-01-01,P0469,,SGP,95.0,20,811.02
INV001838,2025-02-19,P0345,  Singapore DC ,CHN,71.0,10,223.23
INV007037,2023-03-02,P0330,Frankfurt DC,VNM,218.0,50 units,$203.65
INV005926,2025/10/17,P0037,Sydney DC, ESP,112.0,20,235.52
INV004762,2023-05-31,P0076,Dallas DC,AUS,96.0,20 ,1500.98
INV004523,25/02/2024,P0473,,PHL,44.0,25,846.99
INV005751,2023-05-01,P0457,SINGAPORE DC  ,VNM,128.0,50 units,80.12
INV004563,2024-06-24,p0415,sydney dc,NGA,167.0,50 units,1145.24
INV003642,2024-10-22,P0219,Frankfurt DC,THA,137.0,50 units,228.15
INV005228,2023-06-30,P0210,Singapore DC,ESP,87.0,50,
INV006398,2024-03-26,P0254,Manila DC,CHN,17.0,20,302.07
INV002572,01/01/2023,P0291, Dubai DC,POL,83.0,10,42.01
INV002575,2023-11-27,P0420,Dubai Warehouse,USA,174.0,25,$272.48
INV000137,21/11/2024,P0317, Sydney Warehouse,RUS,113.0,25,"$1,558.47"
INV004143,08-18-2025,P0425,Frankfurt DC,chn,47.0,50 units,385.09
INV000112,2023-07-30,P0026,Singapore DC,SAU,135.0,50,155.86
INV001489,2023-04-01,P0193,Sydney Warehouse,IND,56.0,20,442.33
INV000631,2025-03-21,P0054,Dallas DC,CAN,114.0,20 ,234.08
INV003423,2025-11-16, P0114 , Manila DC,ITA,104.0,50,1572.30
INV002684,2025-01-20,P0131,Dallas  DC,VNM,79.0,50 units,315.08
INV004188,2023-10-28,P0112,Dubai DC,BGD,69.0,10,239.40
INV004028,01/01/2023,P0247,Singapore DC,THA,77.0,10,$356.04
INV006183,2024-01-26,P0237, dubai dc,BGD,119.0,20,1085.44
INV000044,2023-09-28,P0134,,DNK,5.0,25,1526.45
INV000189,30/06/2023,P0157,  Manila DC ,BRA,15.0,50,428.62
INV006978,"Jan 20, 2025",P0166,Sydney_DC,VNM,21.0,50,1551.16
INV007747,"Jun 30, 2023",P0412,Dubai DC,THA,76.0,50 units,70.77
INV000967,2023-12-27,P0051, Singapore DC,gbr,135.0,20,154.89
INV001421,2024-10-22,P0408,Sydney DC,GBR,115.0,20,753.00
INV002424,2023-04-01,P0467,Dallas DC, GBR,107.0,NULL,147.20
INV004504,17/10/2025,P0451,Sydney DC,DEU,126.0,20,271.84
INV005323,2023-06-30,P0282,Sydney DC  ,BRA,132.0,20,363.15
INV000265,2024-11-21,P0149,Dubai DC,ARE,52.0,20 ,235.24
INV007215,2024-06-24,P0185,Dubai DC,RUS,103.0,10,159.37
INV001164,2025/03/21,P0073, Frankfurt_DC,NGA,64.0,50 units,
INV003453,2024-10-22,P0209,Manila DC,usa,41.0,20,$34.39
INV004564,2025-05-20,P0379,Sydney DC,IDN,107.0,20,1921.81
INV003245,2024-02-25,P0059,Singapore_DC,VNM,58.0,50,216.45
INV004101,08-29-2023,P0273,dallas dc,SGP,149.0,N/A,1649.21
INV000896,2023-12-27,P0431,Frankfurt DC,GBR,177.0,25,52.60
INV007458,2025-06-19,P0238,Manila DC,HKG,72.0,10,161.79
INV006169,2024-07-24,P0133,Manila Warehouse,JPN,93.0,20,23.07
INV005489,2025-02-19,P0173,Frankfurt DC,DNK,107.0,20 ,147.36
INV003861,"Mar 02, 2023",P0255,singapore dc,zaf,23.0,25,359.56
INV003271,2024-04-25,P0324,Manila_DC  ,CHN,-8.0,20 ,216.85
INV003308,2023-11-27,P0223,Dallas DC,NLD,101.0,20,291.25
INV005637,2024-01-26,P0281, Dubai_DC,BRA,27.0,10,421.79
INV005130,2024/01/26,P0256,Dallas Warehouse,PHL,30.0,20,266.93
INV003681,2025-05-20,P0165,Sydney DC,GRC,24.0,20,"$1,599.84"
INV005663,2023-09-28,P0047,Frankfurt Warehouse,VNM,46.0,50 units,453.19
INV000863,2025-03-21,P0450,SINGAPORE DC,bra,26.0,50 units,184.31
INV002068,2024-05-25,P0321,Singapore DC,CAN,226.0,20,207.69
INV003222,2024-07-24,P0473,manila dc,TWN,101.0,50,846.99
INV007288,2023/08/29,P0238,Dubai_DC,CHN,29.0,50,$161.79
INV007693,2023-01-31,P0228,Singapore DC,ITA,31.0,10,143.79
INV001909,2023-05-31, P0347 ,Manila DC,,67.0,50 units,$405.34
INV007630,10-17-2025,P0126,Frankfurt DC,IND,71.0,50,678.62
INV005511,2023-05-01,P0407,Manila DC,COL,165.0,50,500.30
INV006735,2025-06-19,P0187,DUBAI DC  ,FRA,112.0,20 ,1292.73
INV005038,"May 31, 2023",P0402,Dallas DC,THA,73.0,50,223.17
INV003201,04-01-2023,P0027, Singapore Warehouse,MYS,59.0,20 ,46.93
INV002345,01-01-2023,P0209,dubai dc,ARE,21.0,50 units,34.39
INV007259,09-22-2024,p0311,Manila Warehouse,ITA,63.0,10,556.63
INV000575,2024-07-24,P0358,Manila DC,PRT,,25,362.65
INV002823,2025-07-19,P0253,Frankfurt DC,KEN,18.0,50 units,$125.30
INV005242,2024-11-21,P0355,Manila DC,PHL,71.0,50 units,245.67
INV001618,2023-11-27,P0009,N/A,USA,,,1370.71
INV000754,2024-02-25,P0353, Manila_DC,CAN,51.0,10,$396.59
INV006832,2024-06-24,P0474,Dubai DC,USA,,25,184.38
INV000608,2025-07-19,P0474,Dubai DC,HKG,7.0,10,184.38
INV007422,01/01/2023,P0445,Manila DC,USA,57.0,50 units,$446.87
INV004389,2024-10-22,P9745,singapore dc,MYS,199.0,25,"$1,444.81"
INV003054,2023-10-28,P0062,frankfurt dc,IND,62.0,20,51.02
INV001804,2025-05-20,P0372,Frankfurt DC,BRA,36.0,20,187.16
INV005656,2023-05-31,P0220,Dubai DC,POL,34.0,20,$153.59
INV006360,2023-01-01,P0139,Manila DC,AUT,74.0,25,383.11
INV004148,2023-01-31,P0044,sydney dc,IND,77.0,20,346.35
INV003211,"Mar 26, 2024",P0406,Dallas DC,ARE,105.0,20 ,224.75
INV006389,2025-11-16,P0262,FRANKFURT DC,fra,5.0,10,181.62
INV004305,2025-10-17,P0284,Manila DC,GRC,49.0,50,1835.64
INV001287,2025-09-17,P0176,frankfurt dc,HKG,134.0,20 ,374.00
INV005723,2024/09/22,P0411,Dallas DC  ,KEN,58.0,25,112.44
INV000549,2023-09-28,P0340,Dubai Warehouse,USA,47.0,20,117.81
INV004354,2025-07-19,P9880,Manila DC,,44.0,20 ,245.67
INV005423,2025-11-16,P0294,Frankfurt DC,FRA,-23.0,20 ,$290.11
INV005449,2023-03-02,P0260,Dallas DC,HKG,57.0,50 units,135.64
INV007176,2024-04-25,P0143,sydney dc,BRA,166.0,50 units,1273.62
INV003614,2023-05-31,P0029,Sydney DC,POL,51.0,10,504.26
INV002667,2024-08-23,P0305, Manila_DC,JPN,82.0,10,$465.44
INV006966,2025-04-20,P0210,Singapore_DC,EGY,155.0,20,166.60
INV001723,2023-07-30,P0180,Dubai DC,DEU,45.0,10,$216.26
INV001373,2025-07-19,P0225,Manila DC,MAR,42.0,20,413.07
INV001522,2024-12-21,P0158,Sydney_DC,GBR,42.0,20 ,308.39
INV004719,2024-08-23,P0206,Singapore DC  ,NULL,278.0,20,281.59
INV006239,2024-04-25,P0379,Singapore DC,CHL,54.0,20,1921.81
INV000923,2024-01-26,P0306,Singapore DC,SAU,125.0,10,null
INV004196,2023-10-28,P0028,Singapore_DC, BRA,95.0,20 ,1533.09
INV006432,2024-11-21,P0137,Sydney DC,IND,111.0,50,1095.34
INV004518,31/01/2023,P0049,Singapore Warehouse,GHA,54.0,25,554.43
INV005692,"Mar 02, 2023",P0458,DUBAI DC  ,CAN,,25,482.57
INV004128,2024-04-25,P0454,Dallas DC,IDN,65.0,,220.83
INV001125,2024-12-21,P0392,Manila Warehouse  ,IRL,16.0,50,788.36
INV003435,2024-02-25,P0434,Dubai DC,GBR,103.0,50,$508.81
INV001378,2024-07-24,P0138,DUBAI DC,USA,45.0,20,385.32
INV001664,2024/05/25,P0249,singapore dc,AUT,191.0,10,58.66
INV005444,2024-11-21,P0268, Sydney Warehouse,PAK,115.0,50 units,$489.43
INV002643,2024-04-25,P0374,SINGAPORE DC  ,CHE,90.0,50 units,1275.24
INV004763,19/07/2025,P0334,Singapore DC  ,gbr,48.0,50,577.38
INV004533,2024-05-25,P0039,Singapore DC,HKG,130.0,50,$246.42
INV001321,2025-06-19,P0020,Dallas DC,SWE,89.0,25,264.27
INV003611,"Sep 28, 2023",P0079,Manila DC  ,CHN,40.0,10,$106.59
INV002221,2023-05-01,P0350,Sydney DC,SWE,88.0,10,$153.70
INV007701,2023-04-01,P0462,Frankfurt DC,NGA,41.0,10,567.16
INV001136,2024-07-24,P0205,Dubai_DC,,88.0,20,NULL
INV004688,11-16-2025,P0207,manila dc,POL,83.0,20,288.40
INV000229,2024-02-25,P0255,Manila DC,GBR,15.0,25,$359.56
INV005842,2023-07-30,P0105,Singapore  DC,VNM,53.0,null,333.17
INV007349,2025-07-19,P0245,FRANKFURT DC,SGP,31.0,50 units,520.27
INV003957,2025-06-19,P0392,Sydney DC,AUS,95.0,25,788.36
INV000286,2023-09-28,P0006,Sydney_DC,MYS,41.0,20,507.59
INV000169,2025-06-19,P0366,Singapore DC,BGD,73.0,20,305.37
INV000357,11-21-2024,P0189,Manila DC,usa,73.0,50,118.94
INV004581,2024/10/22,P0023,Singapore DC,CHN,57.0,50,806.82
INV002322,2023-09-28,P0439,Dallas DC,,78.0,10,783.98
INV003055,2023-06-30,P0429,Sydney DC,PAK,39.0,25,494.45
INV002208,2025-05-20,P0357,frankfurt dc,UKR,25.0,50 units,252.01
INV005781,2025-01-20,P0403,Singapore DC,GRC,-27.0,20,1444.81
INV000861,11-16-2025,P0143,Frankfurt DC  ,ZAF,57.0,20 ,1273.62
INV006960,12-21-2024,P0004,Dubai DC,IND,78.0,50,455.02
INV007336,2024-12-21,P0460,Frankfurt  DC,JPN,125.0,50 units,29.99
INV002372,2025-04-20,P0381, Sydney DC,BRA,19.0,50,null
INV007602,2023-03-02,P0343,Frankfurt DC,pak,227.0,50 units,368.11
INV005015,07-24-2024,P0213,MANILA DC,NLD,119.0,20,667.20
INV000227,2024-02-25,P0112,Sydney DC,NULL,47.0,20,$239.40
INV005393,12-21-2024,P0399,DALLAS DC,KEN,50.0,50,234.10
INV003152,2025-08-18,P0060,dubai dc,GBR,27.0,50,$720.76
INV004211,27/12/2023,P0352,Dubai DC,ITA,161.0,25,176.94
INV007753,2023-01-31,p0096,Dubai DC,TWN,45.0,50 units,70.56
INV002040,2023-11-27,P0129,Singapore DC,PHL,114.0,50,191.69
INV002641,2025-11-16,P0384,Sydney_DC  ,CHL,79.0,50 units,
INV005828,2025-01-20, P0382 ,Dubai DC,CHN,,10,435.79
INV000427,2024-01-26,P0341,Manila DC,SGP,99.0,10,159.67
INV000836,2023-11-27,P0036,Singapore DC,CAN,81.0,10,$169.53
INV001530,2025-03-21,P0409,Dallas DC, PAK,86.0,25,701.25
INV001536,2025-05-20,P0350,Frankfurt DC,TWN,122.0,,N/A
INV005659,04-20-2025,P0157,Dallas_DC,JPN,160.0,50,428.62
INV003405,23/08/2024,P0393, Frankfurt DC,TWN,31.0,20,822.49
INV005167,2024-04-25,P0040,dallas dc, JPN,101.0,50,1140.69
INV003170,2024-12-21,P0065,sydney dc,AUS,88.0,50,275.70
INV003940,2023-08-29,P0067,Dubai DC,phl,41.0,10,468.83
INV000919,2023-03-02,P0346,Sydney_DC,UKR,44.0,10,243.91
INV001498,2024-10-22,P0307,Dubai_DC,THA,23.0,20 ,754.66
INV006258,2024-03-26,P0026,Dallas DC,gbr,217.0,50,155.86
INV001123,2024-06-24,P0285,Frankfurt  DC,CHN,24.0,,93.53
INV005920,30/07/2023,P0019,  Dallas DC ,UKR,59.0,10,961.87
INV005655,2025-03-21,P0410,Manila Warehouse,NULL,17.0,20 ,475.18
INV000828,2024-10-22,P0198,Dubai DC,MYS,-27.0,20,672.93
INV001109,2023-01-31,P0048,Singapore DC,IDN,51.0,10,605.53
INV005938,2024-10-22,P0197,Sydney DC,GBR,76.0,50 units,488.47
INV003953,2024-02-25,P0186,  Sydney DC ,VNM,63.0,50 units,$346.78
INV003004,2024-10-22,P0415,DUBAI DC  ,chl,29.0,20 ,"$1,145.24"
INV007196,2023-05-31,P0038,Dubai DC,fra,70.0,20 ,805.43
INV001407,2025-03-21,P0144,Singapore DC,CAN,110.0,10,823.61
INV001285,2024-08-23,P0047,Dubai DC,GBR,23.0,25,453.19
INV004364,2024-08-23,P0292,  Dallas_DC ,POL,70.0,50,249.83
INV006104,NULL,P0105,Dubai_DC  ,SWE,6.0,50,333.17
INV003895,2025-04-20,P0264,Singapore DC,BRA,145.0,50,1444.31
INV002571,2023-04-01,P0276,Dubai Warehouse,POL,32.0,10,$677.68
INV006767,"Mar 21, 2025",P0091,Manila DC,FRA,59.0,25,85.53
INV005903,2025-04-20,P0397, Singapore DC,NLD,17.0,20,314.52
INV001432,2024-06-24, P0021 ,Frankfurt DC,VNM,66.0,50,286.52
INV006713,2024-06-24,P0084,Singapore DC,USA,51.0,20,1693.83
INV004676,2024-11-21, P0421 ,Sydney DC,CHN,69.0,20 ,$95.44
INV002180,2023-05-01,P0036,Singapore_DC,CHN,143.0,20,169.53
INV006700,27/11/2023,P0393,Manila DC,nor,48.0,20,N/A
INV005312,2024-05-25,P0464,Frankfurt DC,ZAF,25.0,50 units,584.53
INV001543,2025-08-18,P0230,Singapore_DC,CHN,70.0,20,537.83
INV007424,26/03/2024,P0109,Singapore  DC,USA,160.0,10,null
INV001454,2025-07-19,P0471,Singapore DC,USA,84.0,25,124.22
INV000232,2023-07-30,P0190,Dallas DC,,37.0,10,$492.51
INV005773,2023-01-31,P0230,Manila DC,NLD,33.0,50 units,null
INV004946,2025-08-18,P0411,Singapore DC,ZAF,145.0,25,112.44
INV006517,2024-09-22, P0343 ,Dubai DC,MEX,,50,$368.11
INV006186,2024-07-24,P0101,sydney dc,JPN,91.0,50,402.58
INV002147,08-23-2024,P0013,SYDNEY DC,HKG,62.0,50,403.24
INV004344,2023-09-28,P0195,Frankfurt DC,GBR,63.0,20,616.31
INV004724,2025-07-19,p0232,Sydney Warehouse,CHN,80.0,50,$109.54
INV004679,02-25-2024,P0114,DALLAS DC,USA,58.0,10,1572.30
INV004816,28/10/2023,P0145,Dubai DC,VNM,110.0,10,290.68
INV007611,2025/07/19,P0093,Singapore_DC,ITA,115.0,25,219.16
INV003443,2023-08-29,P0353,Sydney DC,UKR,188.0,50 units,$396.59
INV006524,25/04/2024,P0209,MANILA DC,USA,161.0,20 ,$34.39
INV006567,2024-01-26,P0060,Manila DC,USA,55.0,20,$720.76
INV003378,2023-01-01,P0294,Dallas DC,zaf,291.0,20,290.11
INV002814,21/03/2025,P0046,SINGAPORE DC,FRA,59.0,50 units,1078.86
INV006671,2023-10-28,P0464,Dubai DC,ITA,123.0,50 units,$584.53
INV007628,2023-07-30,p0109,Frankfurt DC,ARG,129.0,20,$878.89
INV004618,03-02-2023,P0159,Frankfurt Warehouse  ,DNK,149.0,50,$201.99
INV003613,2023-06-30,P0287,Dallas DC,ITA,27.0,25,77.25
INV006684,2025-11-16,P0276,Manila Warehouse  ,DEU,32.0,20 ,677.68
INV002543,2024-08-23,P0038,Singapore DC,ind,38.0,25,805.43
INV000906,2023/06/30,P0088,  Frankfurt DC ,esp,108.0,20,313.77
INV003545,"Jul 30, 2023",P0243,Manila Warehouse,CAN,111.0,50,179.19
INV001142,27/11/2023,P0462, sydney dc,UKR,117.0,20 ,$567.16
INV004963,2023-03-02,P0059,Singapore DC  ,IND,168.0,25,216.45
INV007478,2024-11-21,P0184,Dubai DC,GBR,80.0,50,1643.13
INV005792,2025-03-21,P0448,Dubai_DC,FRA,117.0,50 units,N/A
INV006074,2024-09-22,P0356,Manila DC,JPN,13.0,10,$437.24
INV001740,2024-10-22,P0017,Frankfurt DC,PHL,248.0,20 ,542.06
INV007064,2024-12-21,P0308,SINGAPORE DC,ITA,10.0,20 ,654.35
INV003714,2024-03-26,P0254,dubai dc  ,USA,95.0,20 ,302.07
INV007438,2023-03-02,P0050,Frankfurt DC,CAN,64.0,20 ,130.96
INV005679,01/04/2023,P0010,dubai dc,IDN,82.0,25,$362.45
INV002434,2025-01-20,P0002,Dubai DC,mar,84.0,20,39.13
INV004937,2023-11-27,P0141,DUBAI DC,ESP,55.0,50,70.64
INV000740,2025/07/19,P0297,Manila DC,USA,29.0,20 ,461.52
INV007108,2025/01/20,P0435,,AUS,9.0,20 ,780.15
INV005136,"Jan 31, 2023",P0427,Dallas DC,kor,14.0,20,169.17
INV004934,03-02-2023,P0083,dallas dc,DEU,133.0,10,439.01
INV004582,"Jan 26, 2024",P0198,Sydney DC,grc,29.0,25,672.93
INV002556,21/12/2024,P0123,Sydney  DC,NGA,26.0,25,617.89
INV001053,2023-10-28,P0457,DALLAS DC,HKG,103.0,10,80.12
INV003622,09-22-2024,p0176,singapore dc,TUR,99.0,10,374.00
INV000889,2025-11-16,P0147,Manila Warehouse,usa,132.0,25,$769.31
INV003049,07-24-2024,P0115,Singapore DC,AUS,69.0,20 ,1730.87
INV000758,01/01/2023,P0157,Singapore DC  ,twn,141.0,50 units,428.62
INV003603,2025-08-18,P0200,dubai dc,aus,13.0,50,508.90
INV007755,"Oct 28, 2023",P0300,Dubai DC,DEU,24.0,50 units,242.73
INV004924,2025/11/16,P0248,Singapore DC,CHN,36.0,20,75.05
INV004390,2024-01-26,P0064,Manila DC,bra,153.0,50,287.78
INV005759,2023-08-29,P0319,Singapore DC,CAN,43.0,50,$204.98
INV005609,2023-01-31,P0022,Dubai DC,PRT,42.0,50,$282.63
INV001004,2023-01-31,P0460,Sydney DC,GBR,44.0,10,29.99
INV004549,2025-04-20,P0144,Dallas DC,gbr,29.0,50,
INV001649,2023/04/01,P0397,Singapore DC,CAN,,50,$314.52
INV001967,11-27-2023,P0295,Dubai DC,MAR,232.0,25,946.64
INV004281,2024-08-23,P0282,Manila DC,THA,34.0,10,363.15
INV004731,2024-10-22,P0144,Sydney DC,IND,30.0,25,823.61
INV005844,2023/12/27,P0353,manila dc,PHL,76.0,50 units,396.59
INV003337,2025-06-19,P0383,Sydney Warehouse,KOR,74.0,50 units,1881.86
INV006530,2024-07-24,P0021,DALLAS DC,chn,63.0,50,286.52
INV004847,"Mar 21, 2025",P0112,  Dubai Warehouse ,PHL,159.0,20,239.40
INV005452,2024-03-26,P0031, Dubai DC,MEX,46.0,25,$366.93
INV001265,2023-08-29,P0035,dubai dc,pol,10.0,10,153.63
INV005425,07-19-2025,P0147,Singapore DC,NULL,120.0,25,
INV003976,2024-06-24, P0207 ,Singapore DC,FRA,70.0,25,288.40
INV002467,2025-09-17,P0066,Singapore DC,phl,31.0,50,243.76
INV007778,2023-01-01,P0086,Dallas DC,,27.0,25,$772.42
INV002580,2024-07-24,P0399, Sydney DC,sau,7.0,20 ,234.10
INV003496,2025-07-19,P0115,Dubai DC,AUS,77.0,10,null
INV004350,2025-04-20,P0322,Frankfurt DC,PAK,48.0,50 units,109.08
INV001124,2025/08/18,P0367,Dallas DC,SGP,25.0,50,160.24
INV004234,2024-06-24,P0456,dallas dc,CHE,29.0,20,302.99
INV004099,2025-02-19,P0255,Singapore DC,FRA,-14.0,20 ,359.56
INV005709,2024-09-22,P0428,Dallas Warehouse,NLD,184.0,25,830.75
INV000799,2023-01-01,P0382,frankfurt dc,CHN,77.0,20 ,435.79
INV005685,2023-10-28,p0303,Singapore DC,SAU,37.0,20 ,614.16
INV001128,07-19-2025,P0196,Manila DC,CHE,64.0,10,120.35
INV007765,"Oct 22, 2024",P0053,Sydney DC,NGA,161.0,50 units,71.16
INV003951,05-20-2025,P0175,Frankfurt DC,PAK,32.0,20 ,$297.28
INV005354,2023-01-01,P0382,Sydney DC,CHN,76.0,20 ,$435.79
INV002738,2024-11-21,P0196,Frankfurt Warehouse  ,DEU,53.0,20 ,120.35
INV005873,2024-12-21,P0434,DALLAS DC,THA,30.0,25,508.81
INV003388,2025-07-19,P0399,Frankfurt DC,BRA,72.0,25,234.10
INV003190,2023-03-02,P0068,Dubai DC,TWN,22.0,10,362.47
INV001916,2025-10-17,P0273,Dallas_DC,USA,62.0,20 ,1649.21
INV000070,2024/11/21,P0391,DALLAS DC,AUT,129.0,50 units,334.44
INV007542,2023-05-31,P0073,Singapore DC,ZAF,51.0,NULL,1017.01
INV005306,2024-09-22,P0019,Dubai DC,DEU,40.0,10,961.87
INV001690,2023-10-28,P0010,Manila Warehouse,,153.0,50,362.45
INV002426,2024-07-24,P0325,Frankfurt DC, CHN,39.0,50 units,64.79
INV005490,19/02/2025,P0162,SYDNEY DC  ,IRL,65.0,20 ,1169.94
INV005639,2023-11-27,P0376,Singapore DC,chn,72.0,50,415.01
INV004358,2025-07-19,P0253,,DEU,21.0,10,$125.30
INV007558,2024-09-22,P0258,Frankfurt DC,BRA,153.0,,945.16
INV004392,2024-09-22,P0008,Singapore DC,BRA,15.0,20,998.45
INV000061,2023-05-31,P0159,DALLAS DC,CAN,28.0,50,201.99
INV007605,2024-04-25,P0245,  Singapore DC , GBR,21.0,50,520.27
INV000195,2024-04-25,P0249,Singapore DC,FRA,28.0,20 ,58.66
INV004591,16/11/2025,P0192,Dubai DC,SAU,66.0,25,204.18
INV000095,2023-07-30,P0199,FRANKFURT DC,AUS,125.0,50,210.86
INV001510,2024-04-25,P0022,Singapore DC,MEX,58.0,10,282.63
INV001257,2023-01-31,P0383,Dallas DC,USA,144.0,50,N/A
INV000785,25/05/2024,P0099,Frankfurt DC,VNM,113.0,25,376.17
INV004970,2023-01-31,P0349,Dallas  DC,CHN,43.0,20,1417.16
INV003894,2023-04-01,P0094,SINGAPORE  DC,SGP,89.0,50,321.40
INV007275,2024-06-24,P0458,Manila DC,CHN,115.0,20 ,482.57
INV000343,2023-01-01,P0453,Frankfurt DC,MAR,38.0,20,1512.26
INV006643,22/09/2024,P0145,Dubai DC  ,CHN,128.0,20,290.68
INV002250,2025-11-16,P0093,Sydney_DC,IND,40.0,50 units,219.16
INV003882,2023-01-01,P0190,Sydney DC,AUS,32.0,50 units,492.51
INV002683,"Apr 25, 2024",P0211,Dubai DC,BRA,16.0,20 ,411.76
INV005461,2024-07-24, P0001 ,Singapore DC  ,AUS,170.0,20 ,198.33
INV005758,23/08/2024,P0260,Singapore DC,GBR,231.0,25,$135.64
INV002898,2025-07-19,P0328,Dubai DC,THA,83.0,25,$152.54
INV006274,"Sep 22, 2024",P0392,Frankfurt Warehouse,MYS,49.0,25,$788.36
INV001078,2024-08-23,P0329,Sydney_DC,SGP,158.0,10,361.49
INV002497,2024-03-26,P0256,Singapore DC,CAN,28.0,50,266.93
INV000126,02-25-2024,P0036, Frankfurt DC,SWE,130.0,NULL,169.53
INV000651,2023-01-01,P0455,dubai dc,FRA,102.0,25,491.96
INV000859,,P0041,Manila Warehouse,COL,43.0,20,
INV007672,2023-05-31,P0069, Sydney DC,IND,107.0,50,$166.99
INV007807,2023/01/31,p0168,Sydney DC  ,IDN,225.0,50 units,$616.44
INV006868,2024-12-21,P0366,  Sydney DC ,KOR,76.0,50,$305.37
INV003163,20/01/2025,P0396,Sydney DC,COL,89.0,10,65.57
INV005153,,P0432,,USA,100.0,20,863.37
INV002458,2025-10-17,P0385,Sydney DC,MEX,94.0,25,310.64
INV000519,"Jun 30, 2023",p0436,dallas dc,usa,105.0,20 ,$383.56
INV006829,12-27-2023,p0135,Dallas DC  ,ARG,42.0,20,20.57
INV004628,2023-10-28,P0071,Dubai DC,PRT,18.0,10,$540.88
INV003813,09-17-2025,P0440,Sydney DC,CHL,51.0,20,382.33
INV001716,17/09/2025,P0275,DUBAI DC,CAN,205.0,10,223.15
INV003733,2025-10-17,P0028,Sydney DC, JPN,218.0,50,1533.09
INV006476,2025-01-20,P0188,Sydney DC  ,IDN,38.0,20,$640.49
INV006184,2023-05-01,P0350,Singapore_DC,chl,87.0,20 ,153.70
INV007825,30/07/2023,P0110,Singapore DC, USA,48.0,20,null
INV007665,2025-05-20,P0473,Frankfurt DC,NLD,19.0,50,846.99
INV000394,01/04/2023,P0038,Dallas DC,phl,74.0,50 units,$805.43
INV006086,2023-03-02,P0158,frankfurt dc,DEU,99.0,50 units,308.39
INV004792,2023-12-27,P0039,Frankfurt DC,USA,28.0,10,246.42
INV001955,2023/10/28,P0468,Frankfurt DC,USA,6.0,10,182.15
INV001245,2023-09-28,P0032, Frankfurt_DC,idn,,10,67.52
INV004808,2023-07-30,P0049,Manila DC,IDN,39.0,20 ,$554.43
INV002239,2024-04-25,P0139,Frankfurt DC,ESP,35.0,20,383.11
INV005399,2023-03-02,P0042,Dubai DC,ARE,182.0,50,237.95
INV006203,2023-01-31,P0306,Dallas DC,ESP,114.0,25,282.77
INV000310,2023-05-01,P0255,Dubai_DC,DEU,121.0,25,359.56
INV002318,02/03/2023,P0291,Manila DC  ,ARE,26.0,50 units,42.01
INV005667,2023-06-30,P0257,Dubai DC,DEU,249.0,50,30.10
INV007758,2024-09-22,P0005,singapore dc  ,mar,75.0,50 units,$206.85
INV007634,25/04/2024,P0312,Dubai DC,NOR,37.0,50,"$1,807.34"
INV006193,03-26-2024,P0414,Frankfurt DC,CAN,73.0,20 ,313.48
INV001659,2025-05-20,P0320,Singapore DC,ITA,67.0,10,355.65
INV000301,2024-04-25,P0464,Singapore  DC,JPN,80.0,25,584.53
INV005725,2023-04-01, P0110 ,Sydney DC,THA,64.0,20 ,600.07
INV003411,2024-03-26,P0396,SINGAPORE DC,USA,6.0,20,65.57
INV000139,"Jul 24, 2024",P0165,Sydney Warehouse,mys,36.0,20,1599.84
INV006636,"Jun 19, 2025",P0190,Singapore DC,CHN,57.0,10,$492.51
INV004902,2023-01-31,P0406,  Frankfurt DC ,CHN,141.0,20,224.75
INV006576,2024-12-21,P0061,FRANKFURT DC,SAU,31.0,50,860.02
INV002356,2025-09-17,P0031,Dubai DC,TWN,61.0,10,366.93
INV006342,2025-03-21,P0414,Dubai DC,ZAF,87.0,25,313.48
INV002596,2023-04-01,P0125,Dallas DC,TUR,138.0,20 ,$275.50
INV000797,30/06/2023,P0348,,IND,107.0,20 ,$114.39
INV002225,2025-08-18,P0299,Sydney DC, PHL,232.0,20 ,358.99
INV006956,"Jul 19, 2025",P0169,Frankfurt DC  ,PHL,77.0,10,888.63
INV000222,2024-03-26,P0250,Dallas DC,CHN,22.0,20,460.88
INV005988,2025/08/18,P0003,Sydney DC, AUT,45.0,20 ,517.78
INV005989,2025-06-19,P0139,Dubai DC,CAN,145.0,25,$383.11
INV003216,19/07/2025,P0432,Singapore DC,GBR,115.0,50 units,863.37
INV001401,2023-10-28,P0186,Singapore DC,FRA,100.0,NULL,$346.78
INV000131,"May 20, 2025",P0111,Dubai Warehouse,VNM,40.0,10,393.07
INV001070,2025-01-20,P0132,Dubai DC,DEU,97.0,20 ,$239.74
INV002043,2025-08-18,P0185,Frankfurt DC,esp,46.0,50,159.37
INV003647,25/04/2024,P9143,frankfurt  dc,GHA,25.0,10,192.49
INV005607,2023-12-27, P0251 ,Frankfurt DC,ARE,68.0,50,1041.74
INV001677,2024-02-25,P0382,sydney dc,CHN,91.0,25,435.79
INV007145,2024-03-26,P0037,DALLAS DC,BGD,154.0,20 ,235.52
INV006660,2025-03-21,P0128,Singapore DC,KOR,88.0,20,1658.67
INV002367,2023-12-27,P0233,Sydney DC,THA,45.0,50 units,305.52
INV005530,28/09/2023,P0068,Singapore DC,IRL,52.0,10,362.47
INV005469,2025-01-20,P0074,Dubai DC,ZAF,75.0,,N/A
INV005470,2024-09-22,P0292,Dallas DC,USA,123.0,10,249.83
INV001708,2024-04-25,P0289,Dallas DC,MEX,23.0,50,241.69
INV002862,2023-01-01,P0347,Dallas Warehouse,CHN,78.0,50,405.34
INV007476,2024-05-25,P0066,Singapore DC  ,RUS,63.0,20,243.76
INV005427,2024-09-22,P0081,Singapore Warehouse, GBR,33.0,25,$962.72
INV006496,2023-10-28,P0363,Sydney DC  ,MEX,56.0,20 ,620.30
INV005678,2025-06-19,P0020, Singapore DC,can,132.0,10,264.27
INV002627,2024-03-26,P0176,Dubai DC,CHN,45.0,20,374.00
INV001700,24/06/2024,P0181,DUBAI DC,HKG,80.0,20,448.40
INV005365,2025-08-18,P0424,Frankfurt DC,ita,55.0,20,295.04
INV000231,2025-06-19,P0054,Sydney DC,PAK,30.0,50,234.08
INV003468,2025-06-19,P0308,Frankfurt_DC,ARE,58.0,50,654.35
INV003660,"Sep 28, 2023",P0450,SYDNEY DC,ZAF,119.0,20 ,$184.31
INV000942,2023-09-28,P0038,Dallas DC,USA,66.0,20 ,805.43
INV000725,2024-07-24,P0175,Dallas DC,USA,9.0,50 units,297.28
INV006442,2023-12-27,P0283,Dallas_DC,JPN,76.0,20,409.25
INV007524,2024-12-21,P0257,Singapore DC,NULL,15.0,20 ,30.10
INV002248,18/08/2025,P0122,Manila DC,ARE,37.0,50 units,180.96
INV001523,2023-09-28,P0473,Sydney DC,RUS,99.0,20 ,846.99
INV005436,2023-09-28,P0315,Manila DC, DEU,79.0,20,$684.48
INV004605,2024-09-22,P0135,Frankfurt DC, IND,61.0,50,20.57
INV003103,24/07/2024,P0410,Frankfurt DC,RUS,1.0,20,475.18
INV004866,01-31-2023,P0239, dallas dc,vnm,129.0,10,1152.66
INV007808,2024-06-24,P0332,Dallas DC,CAN,72.0,10,1529.57
INV005056,2023/05/01,P0299,Dallas DC,CHN,4.0,50 units,358.99
INV002376,2025-04-20,P0437,Singapore DC,USA,62.0,50 units,121.14
INV001518,2024-01-26,P0089,Dallas DC,POL,112.0,25,800.59
INV002284,19/02/2025,P0218, Frankfurt DC,CAN,84.0,N/A,"$1,050.16"
INV006873,2025-11-16,P0178,Dubai DC,AUS,36.0,10,940.91
INV001505,2025-10-17,P0225,Dubai DC,USA,84.0,50 units,413.07
INV004317,2024-08-23,P0013,Dubai DC,USA,122.0,50,$403.24
INV007557,2023-01-31,P0021,Dubai DC,PHL,38.0,20,286.52
INV001263,2025-06-19,P0112,Frankfurt DC,EGY,44.0,20 ,239.40
INV006689,2023-07-30,P0046,Frankfurt DC,AUT,,50 units,1078.86
INV002429,2025-06-19,P0035,Frankfurt DC,USA,140.0,10,153.63
INV000156,25/04/2024,P0352,Frankfurt DC  ,IND,42.0,20,null
INV004413,2023-08-29,p0424,Dubai DC,aut,70.0,10,$295.04
INV003381,2025-11-16,P0438,FRANKFURT DC,GBR,44.0,10,391.81
INV002153,2024-07-24,P0419,Manila DC,AUT,63.0,25,1142.25
INV006035,2025-04-20,P0409,Singapore DC,BRA,125.0,20 ,701.25
INV004870,2025-11-16,P0152,Singapore  Warehouse,JPN,82.0,,373.91
INV005310,2025-09-17,P0202,Dallas DC,gbr,94.0,20 ,532.73
INV001009,2024-08-23,P0410,Dallas Warehouse, ISR,51.0,25,$475.18
INV006766,2025-03-21,P0152,Sydney DC,HKG,28.0,20,373.91
INV000085,2025-01-20,P0445,FRANKFURT DC  ,KOR,-2.0,20 ,446.87
INV007781,19/06/2025,P0277,Manila DC,THA,48.0,null,1102.84
INV005545,2025-04-20,P0172,Dubai Warehouse,SWE,62.0,50 units,"$1,137.31"
INV001100,04-01-2023,P0125,Manila DC,POL,100.0,25,275.50
INV002798,2025-05-20,P0277,dubai dc,IND,136.0,25,1102.84
INV001840,2023-05-31,P0201,Singapore DC,GBR,110.0,20,805.03
INV003869,2025-11-16,P0345,Sydney DC,USA,25.0,20 ,$223.23
INV007013,2024-08-23,P0015, Sydney DC,SAU,84.0,25,299.01
INV005885,"May 01, 2023",P0293,Dubai DC,USA,144.0,20 ,N/A
INV007282,2024-10-22,P0347,Singapore Warehouse,ukr,210.0,20 ,405.34
INV006593,21/03/2025,P0110, MANILA DC,MEX,34.0,20 ,600.07
INV004093,"Oct 28, 2023",P0081,Frankfurt DC,TWN,37.0,20 ,962.72
INV004388,01/04/2023,P0113,Dubai DC,IDN,96.0,50,413.87
INV006158,2023-08-29,P0310,Manila DC,DEU,66.0,50 units,543.12
INV005420,"Oct 22, 2024",P0149,Frankfurt DC  ,DEU,75.0,20 ,235.24
INV007398,2025-10-17,P0013, frankfurt dc,ITA,52.0,25,403.24
INV007744,2025-04-20,P0212,Singapore DC,ARG,102.0,10,NULL
INV000119,2024-05-25,P0026,Singapore DC,CAN,55.0,20,155.86
INV001032,31/05/2023,P0173,Singapore DC,,66.0,50 units,147.36
INV007186,2023-01-01,P0419,Manila DC,RUS,19.0,50 units,"$1,142.25"
INV007073,09-22-2024,P0408,Manila DC,ESP,123.0,10,753.00
INV003982,2024-05-25,P0070,dallas dc,usa,158.0,25,250.81
INV006986,2023/10/28,P0446,Sydney Warehouse,CAN,25.0,50,106.11
INV001688,2024-08-23,P0394,Dubai DC,TWN,58.0,20,96.35
INV002720,2024/08/23,P0059,Sydney DC,ESP,64.0,10,216.45
INV005548,2024-04-25,P0009,Frankfurt Warehouse,NOR,55.0,25,"$1,370.71"
INV002995,2025-02-19,P0432,Sydney Warehouse,NZL,94.0,25,863.37
INV007659,2024-11-21,P0018,N/A,MAR,90.0,10,211.76
INV000697,2024-11-21,p0251,Dallas_DC,CHN,68.0,10,NULL
INV005442,2023-01-01,P0241,Dallas DC,PRT,49.0,25,85.47
INV000955,2024-10-22,P0281,Singapore DC,NLD,61.0,20 ,421.79
INV007604,27/12/2023,P0015,Sydney DC,TWN,9.0,20,299.01
INV002119,2023-03-02,P0351,Manila DC,CHN,21.0,50 units,343.53
INV006568,2025-02-19,P0451,null,JPN,62.0,10,271.84
INV000194,10-17-2025,P0195,SYDNEY DC,NLD,182.0,25,616.31
INV001077,2023-03-02,P0327,Dallas DC,UKR,59.0,20 ,$124.47
INV004311,2024-02-25,P0111,Manila DC  ,CAN,60.0,25,393.07
INV001447,2023-10-28,P0123,Manila DC  ,IND,47.0,50,617.89
INV003052,01-31-2023,P0156,DUBAI DC,CHN,11.0,50,190.53
INV002951,2025-02-19,P0199,Dubai DC,GRC,61.0,25,$210.86
INV001104,2025-03-21,P0157,Singapore Warehouse,IND,22.0,N/A,428.62
INV007709,2024-07-24,P0299,Sydney Warehouse,,56.0,50 units,358.99
INV002972,29/08/2023,P0148,Manila DC,bra,19.0,50,1458.45
INV005188,03-02-2023,P0348,Singapore DC,IND,51.0,10,114.39
INV004918,2023-01-01,P0391,Singapore DC,CAN,124.0,10,334.44
INV006276,07-24-2024,P0360,null,AUS,162.0,50,1572.12
INV002945,"Jan 31, 2023",P0378,Sydney DC  ,PAK,72.0,50 units,119.14
INV003824,2025-08-18,P0075,Singapore Warehouse,USA,275.0,20 ,182.37
INV006044,2024-11-21,P0346,Dallas DC, AUS,73.0,50,243.91
INV004681,2024-07-24,P0251,Manila Warehouse,USA,19.0,50,1041.74
INV005488,2023-08-29,P0374,manila dc,NULL,61.0,50,1275.24
INV005542,2024-12-21,P0358,Sydney DC,TUR,64.0,25,362.65
INV000761,05-31-2023,P0300,Frankfurt DC,FRA,90.0,50 units,242.73
INV007591,2024-11-21,P0388, Singapore DC,FRA,60.0,25,70.63
INV003262,2024-05-25,P0246,Dallas DC,DEU,126.0,50 units,241.09
INV007165,2024-11-21, P0203 ,Dallas DC,CHN,121.0,10,1175.51
INV001302,2023-05-31,P0263,Dallas DC,USA,41.0,25,367.49
INV003471,2024-03-26,P0108,Dubai DC,NOR,91.0,50 units,324.47
INV004919,2024-08-23,P0184,  Singapore DC ,VNM,32.0,25,"$1,643.13"
INV007036,2024-01-26,P0337,Dallas_DC,GBR,52.0,50 units,634.78
INV000822,2024-11-21,P0151,Singapore DC,BRA,106.0,25,$569.23
INV007068,2023-03-02,P0302,Manila DC,BRA,223.0,50 units,242.70
INV005422,2024-04-25,P0342,Manila DC,GBR,179.0,10,45.41
INV007289,24/06/2024,P0094,Dubai DC,AUS,34.0,50 units,321.40
INV004242,19/07/2025,P0130,Sydney_DC,TWN,27.0,25,833.76
INV007626,18/08/2025,P0046,Dallas DC,NLD,97.0,50,"$1,078.86"
INV006402,25/05/2024,P0265,Sydney DC,TUR,40.0,50,"$1,015.41"
INV000270,"Jun 30, 2023",P0277,Dubai DC,MYS,92.0,20,"$1,102.84"
INV003672,2023-04-01,P0135,MANILA DC,GBR,70.0,20 ,$20.57
INV004562,31/01/2023,P9253,Singapore_DC,CHE,22.0,50 units,324.47
INV004205,NULL,P0355,Singapore_DC,NULL,17.0,,NULL
INV006613,"Feb 19, 2025",P0288,Sydney_DC  ,CHN,31.0,50,1385.69
INV006406,2023-01-01,P0438,dallas dc  ,AUS,73.0,25,391.81
INV002676,2024-05-25,P0235,Singapore DC,twn,155.0,20 ,162.49
INV001878,2023-05-31,P0455,,fra,54.0,10,491.96
INV005793,08-23-2024,P0434,Frankfurt DC,DEU,36.0,10,508.81
INV002480,2024-03-26,P0243,Frankfurt DC,IDN,47.0,10,179.19
INV000669,2023-12-27,P0346,Frankfurt DC,usa,26.0,20 ,243.91
INV001630,2024-07-24,P0322,Manila DC,CAN,163.0,20 ,109.08
INV000308,2024-08-23,P9027,  Singapore_DC ,AUT,107.0,20,616.44
INV002557,2023-06-30,P0266,Frankfurt DC,ARG,148.0,50 units,382.81
INV001869,2025-10-17,P0462,Frankfurt Warehouse,CAN,10.0,50,567.16
INV001130,2023-03-02,P0236,Manila DC,CAN,44.0,10,510.62
INV004284,2024-04-25,p0172,dubai dc  ,ITA,23.0,,1137.31
INV001947,2023-01-01,P0138,Frankfurt_DC,AUS,60.0,25,$385.32
INV001706,"May 20, 2025",P0028,Manila DC,hkg,129.0,20 ,1533.09
INV000103,2023-04-01,P0180,Dubai DC  ,MEX,8.0,50,216.26
INV005158,2023/08/29,P0275,Dallas DC,JPN,85.0,20,$223.15
INV004266,2023-10-28,P0313,Dubai DC,IRL,17.0,20 ,1008.89
INV001807,2023-06-30,P0095,Singapore DC  ,IND,,20 ,
INV001237,2023-08-29,P0449,Singapore Warehouse,USA,141.0,25,1342.38
INV000011,2024-12-21,P0415,Frankfurt DC,CAN,84.0,25,1145.24
INV000957,30/06/2023,P0116,frankfurt dc  ,JPN,32.0,50,170.55
INV001160,22/10/2024,P0261,Manila DC,KOR,44.0,20 ,353.51
INV000683,2024-07-24,P0446,MANILA DC,ITA,117.0,20 ,106.11
INV007706,2024-08-23,P0417,FRANKFURT DC,TWN,142.0,25,1542.72
INV001282,2025-07-19,p0102,Dubai DC,ESP,47.0,50,"$2,178.97"
INV002450,2023-05-31,P0450,Manila DC,TWN,37.0,20,184.31
INV003017,2025-09-17,P0109,Frankfurt_DC,USA,39.0,10,878.89
INV006190,06-19-2025,P0346,Manila DC, MEX,42.0,50 units,243.91
INV006925,2024-11-21,P0451,Dallas DC,KOR,145.0,10,271.84
INV007186,2023-01-01,P0419,Manila DC,RUS,19.0,50 units,"$1,142.25"
INV005832,2025-11-16,P0012,Manila DC,POL,178.0,20 ,68.12
INV007518,2023-11-27,P0317,Frankfurt DC  ,COL,56.0,50,1558.47
INV006745,2025-05-20,P9834,MANILA DC,BRA,91.0,25,446.87
INV000190,2025-11-16,P0037,Frankfurt DC,USA,27.0,50,235.52
INV004556,2025-02-19,P0379,Dubai DC,CAN,51.0,50,1921.81
INV007040,2024-09-22,P0038,Sydney DC,AUS,57.0,25,$805.43
INV002226,2023-08-29,P0328,Dallas Warehouse,USA,3.0,50 units,$152.54
INV006680,2024-12-21,P0322,DUBAI DC  ,USA,25.0,50 units,$109.08
INV001169,2024-04-25,P0309,Sydney DC,DEU,64.0,50,277.16
INV006109,2023/05/31,P0388,Manila DC,AUT,19.0,10,70.63
INV002609,2024-10-22,P0397,Sydney DC,MEX,45.0,20,
INV004677,2025-06-19,P0315,Manila_DC,PHL,107.0,25,684.48
INV001821,2023-09-28, P0094 ,Manila DC,BRA,43.0,20,321.40
INV007569,2024-11-21,P0263,Singapore_DC,MEX,16.0,25,367.49
INV006671,2023-10-28,P0464,Dubai DC,ITA,123.0,50 units,$584.53
INV006028,2023-01-31,P0402,Singapore DC,CHN,43.0,50,null
INV004649,22/10/2024,P0312,Sydney Warehouse,CAN,113.0,50,1807.34
INV007063,2024-02-25,P0102,Sydney DC,IRL,42.0,50,2178.97
INV001519,2024-12-21,P0369,Manila DC,TUR,119.0,50,887.73
INV002832,2025-06-19,P0190,Frankfurt DC,FRA,48.0,20 ,492.51
INV004457,11-21-2024,P0123,Dallas DC  ,gbr,211.0,50,617.89
INV006455,31/01/2023,P0083,Dallas DC,NULL,75.0,25,439.01
INV006583,19/07/2025,P0433,Dubai Warehouse,CHN,312.0,25,388.52
INV003389,2024-09-22,P0074,Frankfurt_DC,mar,221.0,25,393.85
INV001493,2024-02-25,P0223,Frankfurt DC,GRC,50.0,20 ,NULL
INV007550,2023-07-30,P0416,Dallas DC,FRA,22.0,25,1613.05
INV004002,2023-04-01,P0467,Dallas DC,CHN,89.0,50,147.20
INV002515,2024-01-26,P0279,Frankfurt DC,ARG,119.0,50,1042.70
INV000183,2025-03-21,P0175,null,DEU,127.0,20 ,297.28
INV005026,2025-11-16,P0219,Manila DC,ESP,39.0,25,228.15
INV002563,01-26-2024,P0067,Singapore DC,chn,34.0,10,468.83
INV007699,2025-09-17,P0154,Frankfurt_DC,CHN,23.0,50,"$1,402.93"
INV001206,2023-04-01,P0278, Singapore DC,GHA,43.0,25,237.33
INV007000,2023-07-30,P0155,Manila DC,NULL,14.0,10,352.91
INV001752,2023-11-27,P0205,Frankfurt DC,ARG,32.0,25,1984.39
INV002362,2025-10-17,P0006,Sydney DC,USA,48.0,25,507.59
INV004927,2025-01-20,P0242,,THA,38.0,50,
INV004385,19/06/2025,P0462,Sydney DC,ITA,180.0,20,567.16
INV003757,2024-04-25,P0042,Dallas DC,GBR,142.0,25,237.95
INV005833,2024-06-24,P0462,Frankfurt DC,,81.0,50 units,567.16
INV006247,2023-09-28,P0457,Singapore DC,ZAF,14.0,10,80.12
INV005908,2023-01-31,P0225,sydney dc,ARG,15.0,50 units,NULL
INV002929,2024/05/25,p0051,Manila DC,GBR,177.0,50,154.89
INV001620,2025-04-20,p0024,Frankfurt DC,CHN,,25,541.27
INV004248,2023-09-28,P0207,Dallas DC,VNM,-16.0,20,288.40
INV004079,2023-08-29,P0461,Frankfurt DC,USA,55.0,10,163.23
INV006144,2025-08-18,P0374,Singapore DC,ESP,8.0,50 units,1275.24
INV004657,2025-01-20,P0206,Dubai DC,TWN,98.0,10,281.59
INV002116,2024-03-26,P0311,Dallas DC,PHL,55.0,10,556.63
INV005522,2023-01-01,P0203,Dubai DC,MAR,46.0,20,1175.51
INV000080,2023-05-31,P0363,Sydney_DC,ISR,74.0,50 units,620.30
INV005084,2023-03-02,P0268,Dubai_DC,CAN,25.0,25,489.43
INV003892,"Apr 01, 2023",P0480,Sydney DC  ,CAN,147.0,20,435.01
INV002459,2025-07-19,P0174,Singapore DC,JPN,55.0,25,215.95
INV005339,2023-12-27,P0001,Sydney DC,prt,398.0,25,198.33
INV004265,2025/11/16,P0171,Sydney_DC,THA,75.0,50,683.25
INV000332,2024-05-25,P0370,  Dallas Warehouse ,ISR,96.0,,286.28
INV003840,24/06/2024,P0072,Dubai_DC,GBR,1.0,20,$63.48
INV000838,2023/03/02,P0430, Sydney DC,CAN,83.0,25,138.13
INV000848,2025-10-17,P0200,Dubai DC,TWN,114.0,50,508.90
INV004053,2025-05-20,P0208,Dallas DC,ITA,128.0,50,$877.53
INV002893,2024-11-21,p0048,sydney  dc,CHN,105.0,20 ,$605.53
INV001318,2025-02-19,P0226,Singapore DC,VNM,91.0,20 ,98.71
INV003553,2024-08-23,P0005,Dallas DC,IND,160.0,50 units,206.85
INV003239,2024-02-25,P0048,Singapore_DC,aus,27.0,25,605.53
INV000770,2024-12-21,P0285,Frankfurt DC,IND,69.0,50,93.53
INV007351,2023/09/28,P0319,Frankfurt_DC  ,VNM,114.0,50,204.98
INV007211,2024-03-26, P0090 ,Singapore DC,BRA,24.0,10,$81.60
INV001274,2024-01-26,p0470,FRANKFURT DC,SWE,35.0,10,$104.73
INV006710,2023-05-31,P0471,  Singapore DC ,CHN,73.0,50,$124.22
INV004159,2025-09-17,P0049,Frankfurt_DC,NZL,73.0,,$554.43
INV005517,2023-06-30,P0309,Singapore DC,IDN,272.0,50 units,$277.16
INV001750,11-16-2025,P0279,Sydney DC,DEU,72.0,25,1042.70
INV001642,2024-03-26,P0053,Manila DC,DEU,14.0,50,71.16
INV003913,2024-04-25,P0270,Dubai DC,TUR,178.0,20,275.84
INV004241,2023-06-30,P0384,Manila DC,BGD,45.0,25,814.69
INV007066,2024-03-26,P0233,Frankfurt DC,NOR,52.0,25,$305.52
INV004584,2023-01-31,P0352,Dallas DC,MYS,57.0,10,176.94
INV004742,2023-06-30, P0201 ,FRANKFURT DC,PAK,57.0,50,$805.03
INV005482,2024-03-26,P0304, Manila DC,IDN,27.0,50 units,888.37
INV006980,2023/03/02,P0258,Manila DC,CHN,197.0,20,945.16
INV006738,2023-09-28, P0413 ,dubai dc,CHN,39.0,50 units,69.90
INV004104,2025-04-20,P0441,Frankfurt DC,PAK,26.0,50 units,717.68
INV007098,2025-07-19,P0261,Sydney DC,POL,247.0,25,353.51
INV000517,2025/06/19,P0193,DALLAS DC,USA,65.0,20,
INV002689,2025-11-16,P0237,Dubai DC,ESP,51.0,20 ,
INV005266,04-20-2025,P0428,Sydney DC,ZAF,63.0,25,$830.75
INV001472,2025-01-20, P0415 ,Frankfurt DC,vnm,129.0,50,1145.24
INV007511,04-20-2025,P0433,MANILA DC,ita,23.0,25,388.52
INV002287,2023-05-01,P0124, Dubai DC,KEN,28.0,20 ,867.56
INV001652,2023-01-01,P0011,Dubai DC,CHN,53.0,10,$90.19
INV006842,2025/05/20,P0336,Singapore DC,can,241.0,20,180.18
INV006447,2025-11-16,P0137,sydney dc,DNK,19.0,20,1095.34
INV002587,2023-08-29,P0386,Dallas DC,CHN,49.0,20,639.66
INV003954,01/05/2023,P0348,Sydney Warehouse,DEU,55.0,50 units,$114.39
INV007370,2024-07-24,P0122,Manila DC,ZAF,63.0,50,$180.96
INV000884,2025-09-17,P0218, Dubai DC,CAN,29.0,20,1050.16
INV003938,2023-06-30,P0465,Dallas DC,AUS,63.0,20,70.39
INV001689,2024-09-22,P0453,Dallas DC,DEU,82.0,20,1512.26
INV006351,10-22-2024,P0169,sydney  dc,UKR,73.0,10,$888.63
INV003599,"Oct 28, 2023",P0404,Sydney DC  ,BRA,-26.0,50 units,1036.52
INV001229,2024-10-22,P0016,Sydney_DC,CHN,83.0,50 units,"$1,431.29"
INV005268,2025-03-21,P0301,Manila DC,KEN,8.0,20,$327.68
INV003102,"Jul 24, 2024",P0293, Dallas DC,BRA,60.0,50 units,1874.55
INV002600,2025-07-19,P0113,Dubai  DC,NULL,155.0,50 units,413.87
INV004668,2024-11-21,P0068,Frankfurt DC,GBR,53.0,20,362.47
INV001139,2025-10-17,P0203,Manila DC  ,usa,30.0,50,1175.51
INV005661,2024-08-23,P0205,Singapore DC,NOR,88.0,20,1984.39
INV005097,02/03/2023,P0339,FRANKFURT DC,MEX,63.0,10,"$1,349.99"
INV004782,22/10/2024,P0244,Sydney DC,IND,49.0,10,"$1,489.89"
INV001304,2023-07-30,p0292,Manila DC,ITA,76.0,50,$249.83
INV007425,2025-10-17,P0197,,USA,65.0,25,$488.47
INV000402,2023-05-31,P0331,Sydney Warehouse,VNM,29.0,50 units,647.08
INV007101,2024-08-23,P0162,frankfurt dc,AUS,62.0,50,1169.94
INV003333,2023-04-01,P0148,Frankfurt DC,IND,77.0,20,"$1,458.45"
INV000640,25/04/2024,P0033,Dubai DC,bra,63.0,20,908.66
INV002924,12-27-2023,P0302,DALLAS DC, PAK,97.0,50,242.70
INV000144,"Mar 21, 2025",P0399,Sydney  Warehouse,PAK,46.0,50,234.10
INV003488,07-30-2023,P0159,Frankfurt DC, NOR,54.0,25,201.99
INV006957,2024-04-25,P0092,Dallas DC  ,CHN,35.0,25,$234.17
INV006426,2025/04/20,P0477,Singapore Warehouse,DEU,63.0,10,703.10
INV005334,2023-10-28,P0024,SYDNEY DC,FRA,146.0,25,541.27
INV001736,2024-08-23,P0043,Sydney Warehouse,chn,17.0,25,226.16
INV000008,2023-04-01,P0406,Dallas DC, USA,100.0,10,224.75
INV002070,2023-03-02,P0444,Frankfurt DC,bgd,74.0,50 units,$86.60
INV001425,2024-01-26,P0204,Singapore DC,CHN,92.0,20 ,690.23
INV007689,2025-04-20,P0291,Singapore DC,KOR,33.0,20 ,$42.01
INV003576,2023-04-01,P0186,Dubai Warehouse,SAU,32.0,10,346.78
INV007381,2025-01-20,P0053,Frankfurt DC,USA,117.0,25,
INV005782,"Apr 01, 2023",P0214,  Manila DC ,USA,24.0,25,353.01
INV003084,01/01/2023,P0252,SYDNEY DC,SAU,28.0,25,255.86
INV005318,09-17-2025,P0237,FRANKFURT DC,USA,102.0,20 ,1085.44
INV003273,"Jul 19, 2025",P0335,Dallas DC,IND,43.0,50,206.76
INV005403,27/11/2023,P0148,Dubai DC,ukr,-9.0,20,1458.45
INV005695,2025-03-21, P0323 ,DUBAI DC,NLD,34.0,20,361.05
INV003755,2023-06-30,P0436,Dubai DC  ,usa,35.0,10,383.56
INV004958,25/05/2024,P0185,N/A,HKG,112.0,10,159.37
INV004289,2023-10-28,P0244,Dallas DC,chl,46.0,20 ,1489.89
INV006429,"Jul 30, 2023",P0205,Manila_DC,MEX,19.0,50 units,1984.39
INV005968,2024-11-21,P0327,  Sydney DC ,chl,44.0,10,$124.47
INV004891,20/04/2025, P0381 ,manila dc,AUS,39.0,10,554.55
INV004875,2025-03-21,P0395,Sydney DC  ,USA,10.0,10,282.19
INV002329,2025-09-17,P0198,  Singapore DC ,mar,28.0,20,672.93
INV005878,"Dec 21, 2024", P0454 ,Dallas DC,ARE,43.0,20,220.83
INV005898,,P0097,Frankfurt DC,ESP,82.0,20,$546.06
INV002804,2023-08-29,P0380,Manila DC,MYS,143.0,25,"$1,242.94"
INV007420,2023-08-29, P0059 ,Frankfurt DC,CHN,48.0,50,216.45
INV005812,2023-07-30,P0271,,HKG,168.0,50,357.28
INV005227,2023-08-29,P0267,Manila DC,BRA,60.0,20,1423.61
INV005761,2024-07-24,P0158,Dubai DC,NZL,28.0,25,308.39
INV002695,2023-10-28,P0447,Frankfurt DC,POL,28.0,20,358.93
INV007158,2023-03-02,P0160,Dubai DC,ESP,60.0,20 ,356.16
INV004687,25/05/2024,P0053, Singapore DC,COL,64.0,25,71.16
INV005395,2023-08-29,P0112,  Dubai DC ,NLD,108.0,50 units,239.40
INV001221,2024-09-22,P0245,  manila dc ,POL,39.0,25,$520.27
INV006138,2023-10-28,P0388,Sydney DC,NZL,48.0,50 units,70.63
INV005326,2023-08-29,P0435,MANILA DC,GBR,93.0,20,780.15
INV003739,2023-06-30,P0069,Manila DC,usa,139.0,50,166.99
INV007616,2025-04-20,P0123,Dubai Warehouse, SWE,66.0,10,617.89
INV004678,2025-11-16,P0272,Frankfurt DC,RUS,89.0,50 units,160.33
INV002453,2025-02-19,P0325, Frankfurt DC, GBR,317.0,25,$64.79
INV006369,2025-11-16,P0396,Manila DC,DEU,54.0,25,65.57
INV002669,2025-01-20,P0444, Frankfurt DC,JPN,18.0,10,86.60
INV007838,2023-06-30,P0396,Dubai Warehouse,KOR,148.0,25,65.57
INV004578,"Jul 24, 2024",P0375,Frankfurt DC  ,CHE,30.0,50 units,253.01
INV000411,21/12/2024,P0286,Singapore_DC,BRA,53.0,10,238.90
INV001729,2023-01-31,P0044,Singapore DC, USA,53.0,25,$346.35
INV001595,21/03/2025,P0151,  Manila Warehouse ,MYS,26.0,25,569.23
INV004590,2024-06-24,P0445,Dubai DC,IND,68.0,10,$446.87
INV002864,2023-07-30,P0177,  Dubai DC ,GBR,15.0,25,1340.72
INV005446,2023-09-28,P0383,Dubai DC,MEX,67.0,50 units,1881.86
INV005930,2025-02-19,P0133,Dubai DC,BRA,56.0,50,23.07
INV003424,2023-05-31,P0066, Manila_DC,NULL,19.0,50,243.76
INV000367,31/01/2023,P0451,Manila DC,USA,-24.0,10,$271.84
INV001559,2024/10/22,P0169,  Manila DC ,CHN,17.0,20,N/A
INV001834,2025-08-18,P0324,  Singapore DC ,SWE,33.0,10,$216.85
INV003016,2024-11-21,P0204,Singapore DC,,33.0,50,690.23
INV005665,2024/03/26,P0156,Manila DC,FRA,33.0,N/A,190.53
INV003346,2025-07-19,P0150,Manila DC,CHN,64.0,20 ,603.49
INV004257,2024-09-22,P0431, Manila DC,USA,58.0,50 units,$52.60
INV001027,2024-10-22,P0144,Dubai DC,GBR,103.0,20,823.61
INV004401,2024-04-25,P0471,Dallas DC  ,HKG,66.0,20 ,124.22
INV004157,2024-02-25,P0454,Frankfurt DC,MEX,46.0,20,220.83
INV004389,2024-10-22,P9745,singapore dc,MYS,199.0,25,"$1,444.81"
INV001084,2024-07-24,P0335,frankfurt dc,ZAF,228.0,20,206.76
INV000703,2023-10-28,P0290,Manila DC,DEU,168.0,20 ,571.76
INV007674,2024-01-26,P0309,sydney dc,,68.0,null,277.16
INV005224,24/07/2024,P0057,Dallas DC,IRL,114.0,25,583.38
INV005528,2024-03-26,P0258,SYDNEY DC,THA,46.0,,945.16
INV006649,2025-07-19,P0010,Sydney DC  , MYS,-2.0,10,$362.45
INV006087,2023-03-02,P0052,SINGAPORE DC  ,KOR,45.0,25,150.88
INV004274,2024-09-22,P0294,Dallas DC,CHN,55.0,20 ,null
INV004419,2023-03-02,P0419,manila dc,CAN,27.0,20,1142.25
INV001336,2023-05-31,P0456, Frankfurt DC,NLD,30.0,50 units,$302.99
INV006926,2024-11-21,P0253,Manila DC,CAN,170.0,50 units,125.30
INV003542,27/11/2023,P0266,Manila_DC,CHN,111.0,10,382.81
INV002844,2023-10-28,P0470,Singapore DC  ,CHN,131.0,20,$104.73
INV000502,2025-02-19,P0219,Manila Warehouse, BRA,37.0,25,228.15
INV001051,"Jan 01, 2023",P0097,Manila DC,JPN,165.0,25,546.06
INV007223,2023-09-28,P0458,Dallas DC,USA,56.0,20 ,482.57
INV007078,2025-03-21,P0125, Singapore DC,USA,142.0,20,$275.50
INV004232,08-29-2023,P0020,Manila DC,USA,-27.0,10,264.27
INV006863,"Jul 19, 2025",P0326,frankfurt dc,bra,25.0,25,895.97
INV006023,2024-04-25,P0254,Manila_DC,USA,81.0,50 units,$302.07
INV007266,2023-06-30,P0256,Dubai Warehouse,CAN,160.0,50 units,266.93
INV006609,2023-11-27,P0203,DALLAS DC,CAN,167.0,20,1175.51
INV006264,26/01/2024,P0092,dallas dc,CHE,37.0,,$234.17
INV006723,24/07/2024,P0387,Frankfurt DC,ITA,65.0,10,1508.16
INV004175,2025-02-19,P0087,Singapore  Warehouse,RUS,179.0,50 units,573.99
INV005932,2023-06-30,P0463,Singapore DC,ESP,34.0,,1421.36
INV005106,, P0437 ,Dallas  DC,CHN,25.0,50 units,121.14
INV005280,2024-09-22,P0228,Sydney DC,THA,72.0,20 ,143.79
INV006320,2023/05/31,P0275,  Sydney DC ,KOR,42.0,25,223.15
INV003092,2025-08-18,P0016,Dubai DC,ESP,13.0,25,1431.29
INV006145,2024-04-25,P0073,Frankfurt DC,TUR,53.0,,1017.01
INV005073,2024-11-21,P0028,Dubai DC,BGD,145.0,25,"$1,533.09"
INV006951,2025-03-21,P0086, Manila DC,USA,18.0,,772.42
INV004001,"Aug 23, 2024",P0281,Dubai DC,AUS,66.0,50 units,421.79
INV001551,2024-03-26,P0343,Dallas DC  ,GHA,33.0,50 units,
INV007060,NULL,P0106,Frankfurt DC,RUS,121.0,10,140.18
INV005179,2024-10-22,P0254,Singapore DC,MEX,181.0,50 units,302.07
INV004160,2024-09-22,P0436,Singapore DC,,38.0,25,383.56
INV003523,2023-04-01,P0007,Sydney DC,IDN,111.0,50,102.94
INV002015,2023-06-30,P0178,Manila Warehouse,PHL,66.0,50,$940.91
INV003499,2023-12-27,P0169,Manila Warehouse,vnm,26.0,20 ,888.63
INV002280,2025-06-19,P0029,Singapore DC,,36.0,50 units,504.26
INV000804,01-26-2024,P0296,Singapore Warehouse,SAU,61.0,50,218.07
INV007430,"Sep 22, 2024",P0430, Sydney Warehouse,ESP,110.0,20,138.13
INV007467,2024-12-21,P0418,Dallas DC,AUS,121.0,25,59.53
INV000496,2024-12-21,P0017,Singapore Warehouse,USA,90.0,20 ,542.06
INV005494,08-18-2025,P0258,Dubai DC,bra,13.0,,945.16
INV006887,2025-05-20,P0302,Dubai DC,ITA,90.0,50 units,$242.70
INV006443,2023-08-29,P0442,Sydney DC,IND,37.0,50,$186.37
INV003794,2023/06/30,P0186,frankfurt dc,GRC,151.0,,346.78
INV007523,2024-06-24,P0303,Frankfurt DC,IND,25.0,10,614.16
INV003153,2024-09-22,P0195,Frankfurt DC,AUS,218.0,50 units,616.31
INV007201,2023-01-01,p0436,  dubai dc ,AUS,60.0,25,383.56
INV003566,2025-03-21,P0334, MANILA DC,BGD,76.0,,$577.38
INV006605,2023-03-02,P0030,Singapore DC,SGP,154.0,50,155.94
INV004756,01-31-2023,P0204,Singapore DC,KOR,,20 ,$690.23
INV001256,"Aug 23, 2024",P0328,Frankfurt DC,GHA,104.0,50 units,152.54
INV003481,2023-05-01,P0215,Manila DC,DEU,44.0,,"$1,135.32"
INV003715,2025-06-19,P0032,Sydney DC,CAN,32.0,,67.52
INV007514,2025-05-20,P0097,  Sydney DC ,USA,52.0,10,546.06
INV001698,2023-06-30,P0425,SINGAPORE DC,MEX,210.0,25,385.09
INV005980,10-28-2023,P0227,Dubai Warehouse,CHN,17.0,N/A,153.94
INV007408,2024-07-24,P0201,Singapore DC,RUS,8.0,10,805.03
INV000166,2023-09-28,P0413,Dubai DC,DEU,59.0,20,69.90
INV002599,2024/04/25,P0308,DUBAI DC,PHL,-12.0,10,654.35
INV007046,2023-08-29,P0202,Dubai DC,jpn,23.0,50,532.73
INV000925,23/08/2024,P0417,,TWN,56.0,50 units,1542.72
INV001362,2025-10-17,P0322,Frankfurt DC,KOR,31.0,50,109.08
INV001048,27/12/2023,P0096,Dubai_DC,ESP,61.0,20 ,$70.56
INV007379,2023-01-31,P0288,Dubai Warehouse,ZAF,21.0,20,1385.69
INV006997,2023-05-01,P0458,Frankfurt DC,MEX,-22.0,50,482.57
INV007760,2024-01-26,P0133,FRANKFURT DC,COL,38.0,50,
INV003298,2025-08-18,P0275,Manila DC,BRA,65.0,25,$223.15
INV007352,2023-01-01,P0380,Manila DC,JPN,74.0,50 units,1242.94
INV004660,2023-08-29,P0009,Singapore  DC,CAN,137.0,20 ,1370.71
INV007547,2025-10-17,P0257,Frankfurt DC  ,BRA,58.0,10,30.10
INV006833,2025-07-19,P0359,DUBAI DC,GBR,137.0,20 ,88.54
INV004348,2025-08-18,P0410,Singapore DC,can,40.0,20,$475.18
INV000561,2024-06-24,P0078,Manila DC,MEX,87.0,10,338.99
INV002157,25/02/2024,P0428, Dubai DC,nga,11.0,20 ,830.75
INV002710,2024-02-25,P0131,Dallas DC,GBR,76.0,20,315.08
INV005598,2023-08-29,P0213,Singapore DC,ind,71.0,20 ,667.20
INV003269,19/02/2025,P0199,Dallas DC,USA,104.0,50 units,210.86
INV000928,2025-02-19,P0391,Dallas DC,KEN,25.0,20,$334.44
INV007117,2023-08-29,P0342,Dubai_DC,CHE,43.0,50,45.41
INV002371,2023-09-28,P0429,Manila DC,jpn,223.0,null,
INV004428,2025-09-17,P0100,Dubai DC,CHN,42.0,25,"$1,301.31"
INV007713,2023-03-02,P0410,Frankfurt_DC,ZAF,104.0,50 units,475.18
INV005765,01/05/2023,P0290,Singapore DC,ESP,53.0,50,$571.76
INV000050,2025-11-16,P0079,Dallas DC,GHA,43.0,20,106.59
INV000134,2023-09-28,P0419,Frankfurt DC,SAU,63.0,,1142.25
INV002564,2025-11-16,P0186,Dubai  DC,ITA,121.0,20,346.78
INV007284,2024/11/21,P0184,Manila DC,usa,22.0,50 units,1643.13
INV006835,2024-12-21,p0406,Sydney DC,DEU,7.0,10,$224.75
INV001135,2025-04-20,P0290,Dallas DC,col,64.0,20 ,571.76
INV000063,21/11/2024,P0110,Dallas_DC,VNM,162.0,50 units,$600.07
INV002457,2024-06-24,P0319,Dallas DC,are,44.0,10,204.98
INV006451,2025-03-21,P0314,sydney dc, USA,59.0,25,183.07
INV000088,2024-07-24,P0288,singapore dc,vnm,97.0,25,1385.69
INV002701,2023-09-28,P0349,Dallas Warehouse,JPN,169.0,10,1417.16
INV002471,24/07/2024,P0432,SYDNEY DC,SWE,-14.0,20 ,863.37
INV003903,2024-11-21, P0195 ,Sydney_DC,BRA,25.0,20,616.31
INV004107,2023/01/31,P0385,Frankfurt DC,ITA,28.0,20 ,310.64
INV001335,2024-01-26,P0224,Singapore_DC,SGP,39.0,20 ,141.71
INV002741,2024-08-23,P0026,Sydney Warehouse,SAU,73.0,25,155.86
INV007087,29/08/2023,P0471,Singapore DC  , DEU,157.0,20,124.22
INV006025,2025-04-20,P0169,Dubai DC  ,EGY,43.0,50 units,888.63
INV005882,2025-11-16,P0204,Dubai DC,,83.0,NULL,$690.23
INV001090,12-27-2023,P0020,Manila DC,GHA,95.0,50 units,264.27
INV003059,2023-07-30,P0351,Sydney DC,DEU,104.0,20 ,343.53
INV001660,27/12/2023,P9666,Dubai DC,MYS,119.0,25,394.90
INV000391,2024-12-21,P0401,Sydney DC,BRA,32.0,20 ,148.27
INV004343,,P0322,Manila DC,BRA,180.0,50,109.08
INV002364,2024-05-25,P0459, Sydney DC,NGA,40.0,20,$232.90
INV005435,10-17-2025,P0029,Singapore DC,USA,120.0,50 units,504.26
INV005621,22/09/2024,P0449,frankfurt dc,TUR,,20 ,"$1,342.38"
INV005763,2024-03-26,P0274, Frankfurt DC,ITA,126.0,20 ,744.08
INV002601,2025-03-21,P0080,Sydney DC,USA,35.0,50,208.69
INV000712,2025-03-21,P0299,Dallas DC,GHA,99.0,50 units,358.99
INV006852,2025-09-17,P0386,Singapore DC,EGY,150.0,25,639.66
INV005374,2024-05-25,P0376,Dubai DC,JPN,76.0,10,415.01
INV002816,07-24-2024,P0186,Singapore DC,CHE,37.0,20 ,346.78
INV003505,12-21-2024,P0447,MANILA DC,CHE,38.0,25,358.93
INV002161,2024-01-26,P0268,MANILA DC,CHN,47.0,50,489.43
INV004247,2023-01-01,P0355,Dubai Warehouse,JPN,148.0,20,245.67
INV003110,2024-10-22,P0254,Sydney_DC,CHN,112.0,20 ,302.07
INV003838,2025-02-19,P0259,  Frankfurt DC ,CHN,101.0,50 units,230.93
INV004872,2024-03-26,P0331,Frankfurt Warehouse,CHN,26.0,50,647.08
INV004472,2024-10-22,P0254,Singapore DC,mex,,20 ,302.07
INV002368,2024-10-22, P0217 ,Sydney DC,DNK,73.0,20 ,1062.54
INV000983,2025-06-19,P0344,Frankfurt DC,FRA,24.0,10,$332.94
INV001453,2023-11-27,P0291,Dallas DC,ESP,89.0,50 units,42.01
INV002355,2024-08-23,P0054,Dallas DC,MEX,14.0,25,234.08
INV007805,2025/07/19,P0043,Dubai DC,ARE,117.0,50,$226.16
INV005610,"Oct 28, 2023",P0223,Sydney DC,KOR,100.0,20,null
INV003844,2025-10-17,P0193,Manila DC,NOR,72.0,20,NULL
INV007049,2025/11/16,P0362,Dallas DC,SGP,158.0,50,469.11
INV000648,09-22-2024,P0119,Dallas DC,HKG,40.0,20,null
INV005950,2025-02-19,P0407,Sydney DC,ISR,70.0,20 ,500.30
INV003764,2024-05-25,P0285,Dubai DC,CHN,134.0,50,93.53
INV005944,01-20-2025,P0106,Manila DC,NLD,12.0,20,140.18
INV002489,2023-10-28,P0224, Sydney DC,,82.0,20,141.71
INV002622,2023-11-27,P0391,Sydney DC,SWE,15.0,25,334.44
INV003074,2024-05-25,P0440,MANILA DC,IRL,77.0,,$382.33
INV005512,2024-10-22,P0237,manila dc,USA,148.0,50 units,1085.44
INV006653,2024-07-24,P0018,Singapore DC,POL,216.0,20,$211.76
INV005734,2023-01-01,P0010,Singapore DC,IDN,138.0,20 ,362.45
INV004096,2025-01-20,P0373,Manila DC,ita,50.0,null,"$1,196.41"
INV000057,06-24-2024,P0025,FRANKFURT DC,SWE,47.0,50,369.52
INV000540,2023-01-01,P0160,MANILA DC,JPN,281.0,50,356.16
INV002445,"Aug 29, 2023",P0464,Sydney DC,GBR,,50,$584.53
INV005119,2023-03-02,P0414,N/A,FRA,55.0,20,313.48
INV006444,2023-07-30,P0190,dallas dc,USA,48.0,50,492.51
INV001949,2024-03-26,p0307,Manila DC,USA,126.0,25,754.66
INV007214,19/07/2025,P0013,frankfurt dc,IDN,69.0,25,403.24
INV007120,2023-07-30,P0085,Frankfurt_DC,ita,67.0,50,781.85
INV001781,2025/07/19,P0305,Singapore DC,GBR,56.0,20 ,NULL
INV006061,2024-10-22,P0152,Singapore DC,CAN,42.0,N/A,373.91
INV000024,2023-01-01,P0444,,kor,28.0,50 units,86.60
INV001815,2025/07/19,P0109,Sydney DC, ARE,33.0,25,878.89
INV001094,2025-04-20,P0368,Sydney DC,IDN,70.0,25,
INV003238,2025-05-20,P0083,Manila DC,,71.0,50,
INV000148,2024-03-26,P0101,Manila DC,USA,37.0,25,null
INV002407,2023-03-02,P0284,Manila DC,CHN,39.0,10,"$1,835.64"
INV005840,2023-06-30,P0159,Manila DC,SWE,28.0,50,201.99
INV004099,2025-02-19,P0255,Singapore DC,FRA,-14.0,20 ,359.56
INV004469,2025-08-18,P0367,Sydney DC,ESP,124.0,10,160.24
INV001017,2023-06-30,P0417,Sydney DC,IND,157.0,50,1542.72
INV005994,2023-11-27,P0415,Manila DC,AUT,66.0,50,1145.24
INV006712,2025-05-20, P0052 , DALLAS DC,CAN,32.0,20,150.88
INV002905,02/03/2023,P0237,Singapore DC,NGA,35.0,50 units,1085.44
INV006178,2024-12-21,P0480,Frankfurt DC,chl,71.0,50 units,$435.01
INV005948,06-19-2025,P0256,Sydney DC,USA,40.0,50 units,266.93
INV003072,2025-10-17,P0321,sydney dc,NOR,118.0,20,207.69
INV003023,2024-05-25,P0229,Sydney DC,GBR,16.0,50 units,397.81
INV005509,2025-09-17,P0208,Sydney DC,IND,44.0,50 units,$877.53
INV002981,2025-04-20,P0138,Dallas DC,USA,106.0,50,385.32
INV000472,2023-06-30,P0265,DALLAS DC,BGD,39.0,20,NULL
INV002674,2023-12-27,P0070,Dallas DC,,74.0,50 units,250.81
INV004352,"Jun 24, 2024",P0144,Frankfurt DC,MEX,88.0,10,823.61
INV005415,2023-08-29,P0352,DUBAI DC,TWN,40.0,50 units,$176.94
INV000636,2023-06-30,P0437,Singapore DC,USA,22.0,25,$121.14
INV005247,2023-05-01,P0158, Frankfurt_DC,MEX,122.0,25,308.39
INV002660,07-19-2025,P0197,Dallas_DC,FRA,142.0,NULL,488.47
INV003355,"Mar 26, 2024",P0342,Frankfurt  DC,AUS,63.0,50,45.41
INV002278,2025-06-19,P0291,Manila DC,DEU,81.0,25,42.01
INV007662,2024-09-22,P0250, Manila DC,FRA,102.0,25,460.88
INV003678,2025-04-20,P0214,Singapore DC  ,CHN,101.0,10,353.01
INV007192,06-30-2023,P0154,Dallas  DC,gbr,35.0,25,1402.93
INV003305,2023-03-02,P0444,Sydney DC,BGD,49.0,10,$86.60
INV002091,2024-08-23,P0208,Dubai DC,USA,44.0,50 units,877.53
INV004204,2025-05-20,P0151,Singapore DC,MEX,117.0,20,569.23
INV001368,01/01/2023,P0144,dallas dc,CAN,91.0,10,823.61
INV003180,2024-04-25,P0398,Singapore DC,MYS,176.0,10,$378.76
INV003804,2025-11-16,P0149,Sydney DC,GBR,21.0,20,235.24
INV004529,2024-12-21,P0149,Sydney DC,VNM,11.0,20,235.24
INV004000,,P0087,dallas dc,IDN,39.0,20 ,573.99
INV007818,2025-10-17,P0387,Sydney DC,THA,64.0,10,1508.16
INV007202,2024-01-26,P0294,DUBAI DC,FRA,53.0,50 units,290.11
INV004795,2024-06-24,P0300,Dubai DC,ESP,97.0,50,$242.73
INV005731,"Jan 31, 2023",P0204,Dallas DC,AUS,30.0,50,690.23
INV003836,2024-06-24,P0389,Singapore DC,GBR,107.0,50,80.58
INV004414,2023/09/28,P0032,MANILA DC,MEX,141.0,50 units,67.52
INV006535,20/05/2025,P0252,Dallas DC,PRT,-20.0,50,255.86
INV000948,11-16-2025,P0071, Sydney DC,CAN,8.0,10,540.88
INV002103,"Dec 21, 2024",P0275,Singapore_DC, IND,83.0,25,223.15
INV007670,2025-10-17,P0462,Singapore Warehouse,CHN,21.0,20 ,567.16
INV006358,2025-05-20,P0251,FRANKFURT DC,GBR,91.0,20,1041.74
INV000365,28/09/2023,P0088,Frankfurt DC,MEX,33.0,10,$313.77
INV003319,2023-12-27,P0279,Sydney DC,BRA,,20,1042.70
INV007258,2025-05-20,P0163,Manila DC,TUR,39.0,,539.88
INV000921,2025-04-20,P0212,Frankfurt_DC,AUS,151.0,50,1044.35
INV003854,2025-06-19,P0246,singapore dc,KOR,36.0,50,241.09
INV004796,01/05/2023,P0423,Manila DC,FRA,39.0,25,235.59
INV001535,2024-05-25,P0025,Dubai DC,CAN,107.0,10,369.52
INV003519,2024-05-25,P0373,Dallas DC,CHN,59.0,25,"$1,196.41"
INV007437,"Nov 27, 2023",P0334,Dubai Warehouse,CHN,80.0,50 units,577.38
INV000798,25/05/2024,P0052,Manila DC,PRT,75.0,10,150.88
INV000960,2024-03-26,P0032, Dallas DC,JPN,78.0,10,67.52
INV001864,2023-12-27,P0252,FRANKFURT DC,ESP,29.0,20,255.86
INV006478,2025-06-19,P0284,Singapore DC,CHN,31.0,10,1835.64
INV002604,2023-05-31,P0143,Dallas_DC,IND,265.0,10,1273.62
INV000436,2025-08-18,P0007,Dubai DC,USA,72.0,20,102.94
INV002567,2025-06-19,P0004,Sydney Warehouse,ukr,116.0,20 ,455.02
INV004299,2025-11-16, P0092 ,Singapore DC  ,NULL,7.0,50,
INV002150,2023-01-31,P0429,Manila DC,DNK,-12.0,10,494.45
INV001210,2024-11-21,P0304,Frankfurt DC,GBR,75.0,50 units,888.37
INV003825,2023-10-28,P0390,Dubai DC,GBR,,10,722.59
INV000318,2024-05-25,P0100,Singapore DC,POL,74.0,20,N/A
INV001673,07-30-2023,P0201,Singapore DC,,-9.0,20,805.03
INV000506,09-28-2023,P0262, dubai dc,MEX,-12.0,50 units,181.62
INV003008,01/01/2023,P0478,Singapore DC,CAN,77.0,20,"$1,422.93"
INV005305,2025-02-19,P0207, sydney dc,SAU,143.0,25,288.40
INV004783,2025-02-19,P0392,Frankfurt DC,GBR,30.0,50 units,788.36
INV006516,2024-06-24,P0431,Manila DC,CHN,178.0,20,52.60
INV002358,2025-05-20,P0432,Dubai DC,SWE,-24.0,10,NULL
INV001513,21/11/2024,P0043,Dallas_DC,KOR,130.0,50 units,$226.16
INV000439,17/10/2025,P0027,Frankfurt DC  ,deu,134.0,50 units,$46.93
INV002639,2025-02-19,P0362,dallas dc, NLD,52.0,50,null
INV004112,22/10/2024,P0046,Dallas DC,NULL,25.0,10,1078.86
INV007541,2023-12-27,P0255,Singapore DC,GBR,114.0,,$359.56
INV002591,2025-07-19,P0155,Dallas Warehouse, MYS,21.0,20,352.91
INV003434,24/07/2024,P0114,Sydney DC,NOR,30.0,25,"$1,572.30"
INV003924,18/08/2025,P0300, Frankfurt DC,JPN,117.0,25,242.73
INV003718,2023-05-31, P0037 ,MANILA DC,CHN,82.0,20 ,235.52
INV004996,2023-10-28,P0421,Frankfurt DC  ,bra,80.0,10,95.44
INV006346,2025-10-17,P0116,Dallas_DC,gbr,39.0,10,170.55
INV001780,2024-05-25,P0195,Dubai DC,CHE,93.0,20 ,616.31
INV006698,2025-01-20,P0183,Dallas DC,zaf,52.0,,248.45
INV005146,2023-09-28,P0170,Frankfurt DC, PHL,96.0,,333.68
INV004459,25/02/2024,P0324,Dallas Warehouse,ITA,19.0,50,216.85
INV002882,2023-11-27,P0408,Manila DC,ARE,18.0,50 units,753.00
INV005088,2024-01-26,P0171,Frankfurt DC,SGP,154.0,20 ,683.25
INV005090,06-24-2024,P0333,Manila DC,CAN,351.0,10,$588.69
INV005392,11-27-2023,P0407,Manila DC, GBR,61.0,25,500.30
INV000335,01/04/2023,P0282, Sydney DC,NZL,72.0,20,363.15
INV002971,2025-03-21,P0321,  Manila DC ,ESP,120.0,10,207.69
INV007677,09-22-2024,P0235,dallas dc,ESP,44.0,50,162.49
INV004139,18/08/2025,P0260,Sydney DC,ZAF,,10,135.64
INV001089,2023-05-01,P0405,Dubai  DC,POL,-16.0,20,
INV003865,2023-12-27,P0462, DUBAI DC,NLD,105.0,25,567.16
INV005111,2023-03-02,P0009,Sydney_DC,DEU,63.0,50,1370.71
INV005043,2024-03-26,P0394, DALLAS DC,GBR,20.0,20 ,$96.35
INV000529,27/12/2023,P0294,Sydney DC,HKG,14.0,25,290.11
INV003684,27/11/2023,P0185,Sydney Warehouse,FRA,239.0,50 units,159.37
INV001291,2025-09-17,P0275,Dubai Warehouse,sgp,36.0,50,223.15
INV001744,2025-01-20, P0426 ,Frankfurt DC,BRA,58.0,25,"$1,094.68"
INV002659,2024-04-25,P0196,Manila DC,GBR,159.0,25,120.35
INV004508,2024-09-22,P0082,SINGAPORE DC,CHN,122.0,20 ,80.04
INV001192,2024-10-22,P0458,FRANKFURT DC,DNK,195.0,10,$482.57
INV006198,2025-04-20,P0440,Singapore DC,KOR,46.0,50 units,382.33
INV000264,2023-09-28,P0029,Sydney DC  ,NOR,50.0,10,null
INV006345,19/02/2025,P0250,Manila Warehouse,DEU,120.0,20 ,N/A
INV002892,27/11/2023,P9754,sydney dc,JPN,44.0,10,577.38
INV004983,2023-08-29,P0096,Dubai DC,nga,33.0,50 units,70.56
INV001174,2024-04-25,P0106,Manila DC,ITA,133.0,25,140.18
INV002265,2023-05-31,P0379,Dubai DC,HKG,183.0,50,1921.81
INV003437,03-21-2025,P0394, SYDNEY DC,ARE,219.0,50,96.35
INV002822,2024-07-24,P0365,Sydney DC,IDN,53.0,50 units,98.50
INV004644,2023-08-29,P0290,Singapore DC,bra,205.0,20 ,571.76
INV000547,2023-03-02,P0271,Dallas Warehouse,FRA,28.0,50,357.28
INV004367,30/07/2023,P0191,Dubai DC,BRA,74.0,20 ,54.17
INV004603,2025-02-19,P0337,Singapore DC,DEU,206.0,25,634.78
INV007257,2024-04-25,P0224,Dubai DC,USA,-18.0,20,$141.71
INV000709,2024-02-25,P0151,Frankfurt DC,MEX,69.0,10,569.23
INV005985,2023-06-30,P0315,Dallas DC,TWN,58.0,10,684.48
INV006611,NULL,P0454,Frankfurt Warehouse,CAN,51.0,10,220.83
INV000303,17/10/2025,P0434, Singapore_DC,VNM,37.0,20 ,508.81
INV001835,2025-08-18,P0471,Manila DC,IND,176.0,20 ,$124.22
INV000021,19/06/2025,P0332, Singapore DC, MEX,49.0,50 units,1529.57
INV002775,2024-08-23,P0324,Sydney DC,MYS,77.0,50,216.85
INV004622,2024/08/23,P0442,Sydney Warehouse,EGY,141.0,20,$186.37
INV007402,2023-06-30,P0257,  Frankfurt DC ,IND,56.0,10,30.10
INV004793,2024-10-22,P0346,Singapore Warehouse,IRL,63.0,20,243.91
INV001342,2024-09-22,P0301,Singapore DC,KOR,58.0,50 units,327.68
INV006148,2023-08-29,P0213,Frankfurt_DC,,90.0,50,$667.20
INV007675,2023-05-31,P0302,manila dc,EGY,16.0,50 units,242.70
INV000650,26/03/2024,P0337,Dubai DC,TUR,115.0,NULL,$634.78
INV005219,2025-06-19,P0296,Singapore DC,vnm,23.0,20,218.07
INV007740,"Jun 24, 2024",P0113,Manila DC,TUR,57.0,25,413.87
INV005896,24/07/2024,P0265,manila dc, CAN,234.0,20,"$1,015.41"
INV000930,2025-03-21,P0002,Dubai DC,CHL,100.0,25,39.13
INV005718,NULL,P0055, Singapore DC,NULL,96.0,25,1169.71
INV006830,2024-05-25,P0441,Dallas DC,DEU,259.0,20,717.68
INV006546,2024-06-24,p0195,FRANKFURT DC,ZAF,212.0,10,616.31
INV007178,2023/01/31,P0285, Manila DC,ARG,81.0,20 ,93.53
INV005092,2023-01-31,P0420,Manila_DC, GBR,145.0,50,$272.48
INV005234,2024-11-21,P0242,NULL,DEU,84.0,50 units,31.06
INV003397,25/05/2024,P0316,Dallas DC,NZL,115.0,20,348.67
INV005081,2023-11-27,P0231,Singapore DC,mex,34.0,25,1464.89
INV005455,2025-09-17,P0372,sydney dc,CHE,111.0,20 ,187.16
INV004087,2025/07/19,P0290,dubai dc  ,KOR,100.0,50,571.76
INV000459,2025-01-20,P0419,Frankfurt_DC,BGD,45.0,20,NULL
INV000178,2024-02-25,P9711,Manila DC,THA,45.0,25,888.37
INV000831,2025-11-16,P0036,Dallas DC,NLD,59.0,50,169.53
INV000825,2024-01-26,P0220,Manila Warehouse  ,COL,85.0,20,153.59
INV007279,21/12/2024,P0227,Dubai Warehouse,AUS,38.0,25,153.94
INV003582,2025-02-19,P0069,Sydney DC  ,DEU,29.0,25,166.99
INV004775,2023/05/31, P0427 ,Singapore Warehouse,DEU,101.0,null,169.17
INV005460,2025-03-21,P0040,Manila  Warehouse,SGP,60.0,10,"$1,140.69"
INV004251,2024-02-25,P0321,Dallas DC,USA,77.0,50 units,207.69
INV003398,2023-04-01,P0388,Dubai DC,HKG,32.0,20,70.63
INV003419,2023-04-01,P0296,Manila DC,VNM,18.0,20 ,N/A
INV005766,2024-05-25,P0443,frankfurt dc,TUR,14.0,20 ,$275.54
INV000201,01-01-2023,P0444,Sydney DC,CAN,,50 units,86.60
INV006875,11-16-2025,P0387,Dallas_DC,FRA,316.0,50 units,1508.16
INV004915,18/08/2025,P0431,Dallas DC,EGY,70.0,50 units,52.60
INV000217,2023-05-31,P0130,SYDNEY DC,UKR,35.0,50,833.76
INV006438,2023-05-01,P0461,SYDNEY DC,ITA,116.0,20,163.23
INV004063,"May 01, 2023",P0202,Manila DC,VNM,29.0,50,532.73
INV004680,2024-01-26,P0229,Sydney DC,USA,-17.0,20,$397.81
INV001346,2024-03-26,P0276,Sydney_DC,USA,129.0,25,677.68
INV000542,2025-07-19,P0305, Dubai DC,ARE,32.0,25,465.44
INV007179,2025-10-17,P0297,Singapore DC,KEN,155.0,10,461.52
INV005893,2023-10-28,P0130,Sydney DC,DEU,64.0,50 units,833.76
INV003131,2023-01-01,P0446,dubai dc,GHA,16.0,20,$106.11
INV001562,2023-08-29,P0241,SINGAPORE DC,SAU,50.0,25,85.47
INV003826,2023-05-31,P0306,Manila DC,BRA,14.0,50 units,282.77
INV004940,26/03/2024,P0120,Singapore Warehouse,TWN,81.0,20,344.85
INV006807,04-25-2024,P0450,Frankfurt DC,mys,,20 ,184.31
INV007514,2025-05-20,P0097,  Sydney DC ,USA,52.0,10,546.06
INV005746,2023-09-28,P0280,Dallas DC,USA,70.0,20 ,336.14
INV006614,"Oct 28, 2023",P0046, Dallas Warehouse,TWN,,25,"$1,078.86"
INV003560,2023-09-28,P0164,null,RUS,67.0,50 units,433.13
INV001809,2024-02-25,P0050,null,NZL,90.0,20,130.96
INV003942,2023-11-27,P0440,Dubai Warehouse,SAU,127.0,25,382.33
INV004811,2025-11-16,P0321,Sydney DC,USA,45.0,50,207.69
INV003716,2023-12-27, P0455 ,Dubai DC,rus,153.0,50 units,491.96
INV002538,05-20-2025,P0269,Dubai Warehouse,USA,51.0,25,$394.90
INV007593,2024-03-26,P0165,DUBAI DC,KOR,104.0,25,N/A
INV001541,2024-06-24,P0149,null,AUS,28.0,50 units,235.24
INV000421,2025-11-16,P0393,Sydney  DC,CAN,42.0,20,822.49
INV006840,2024-03-26,P0299,Sydney DC,PHL,52.0,25,358.99
INV001354,06-19-2025,P0446,Dallas DC,ita,53.0,50,106.11
INV001416,"Jan 01, 2023",P0372,Manila  DC,NGA,33.0,25,187.16
INV004769,2025-02-19,P0170,Dubai DC,USA,81.0,25,333.68
INV007839,2025-07-19,P0199,Singapore Warehouse,UKR,100.0,25,210.86
INV002590,2023-08-29,P0333,  Singapore DC ,COL,50.0,50 units,588.69
INV006332,29/08/2023,P0181,Singapore DC,FRA,18.0,25,448.40
INV007504,"Mar 26, 2024",P0427,Dubai DC,CHN,19.0,50 units,169.17
INV007704,2025-09-17,P0472,SINGAPORE DC  ,EGY,97.0,20,$205.84
INV002531,2024-01-26,P0290,Manila DC,VNM,20.0,50 units,571.76
INV002952,2024-04-25,P0008,Sydney DC,USA,77.0,50,998.45
INV006459,31/01/2023,P0233,MANILA DC,AUS,90.0,25,305.52
INV007042,2023-05-01,p0183, Frankfurt DC,DEU,80.0,20,248.45
INV002927,2024-12-21,P0136,MANILA DC,HKG,27.0,10,$124.40
INV001382,2024-01-26,P0451,dubai dc,ITA,31.0,10,271.84
INV004145,2023-09-28,p0154,Singapore DC,USA,79.0,10,1402.93
INV003785,17/10/2025,P0265,Frankfurt  DC,USA,37.0,50,1015.41
INV004402,2025-08-18,P0362,,ARG,-4.0,NULL,469.11
INV000716,10-22-2024,P0241,Singapore DC,ITA,58.0,50,85.47
INV006066,2025/05/20,P0093,Manila DC,USA,47.0,50,$219.16
INV007647,2024-01-26,P0021,Dubai DC,GBR,,50,286.52
INV003321,2023-11-27,P0257,Dallas DC,CHN,57.0,50,30.10
INV004169,2023-01-31,P0338,Singapore DC,JPN,56.0,50 units,1282.83
INV000074,2023-05-01,P0425,Frankfurt DC,DEU,69.0,50 units,385.09
INV003185,"Aug 23, 2024",P0274,Sydney DC,MEX,46.0,50,
INV005030,30/07/2023,P0254,Dallas DC,POL,65.0,20 ,302.07
INV002332,2025-07-19,P0291,frankfurt dc,MEX,98.0,20,42.01
INV007757,2023-05-31,P0270, Singapore Warehouse,aus,8.0,50,275.84
INV006901,2023-12-27,P0064,Manila DC,DEU,43.0,25,287.78
INV005066,2023-12-27,P0184, manila dc,ESP,90.0,50,1643.13
INV002166,2024-05-25,P0429,Dubai_DC,CHL,105.0,25,494.45
INV000435,"Sep 22, 2024",P0088,Singapore Warehouse  ,MYS,85.0,50 units,$313.77
INV006656,2025-11-16,P0160,Frankfurt DC,JPN,107.0,20,356.16
INV007295,2025-07-19,P0208,Frankfurt Warehouse,IND,59.0,50,877.53
INV007608,2023-12-27,P0247,Sydney DC,KOR,99.0,10,356.04
INV005225,2023-08-29,P0103,Frankfurt DC,USA,72.0,50 units,192.46
INV006827,2024-11-21,P0209,Dallas DC,ZAF,56.0,25,34.39
INV003192,2025-05-20,P0130,Sydney DC,DEU,58.0,20,$833.76
INV006046,2023-05-31,P0174,Dubai DC,NULL,112.0,20,215.95
INV001637,2024-05-25,P0413,manila dc,DEU,144.0,20 ,$69.90
INV004565,2025-07-19,P0198,Dubai Warehouse,NGA,101.0,50 units,672.93
INV006063,2024-12-21,P0108,Dubai DC,NLD,21.0,10,324.47
INV005918,23/08/2024,P0433,  Sydney DC ,NLD,137.0,50,$388.52
INV002564,2025-11-16,P0186,Dubai  DC,ITA,121.0,20,346.78
INV005721,2023-06-30,P0268,Sydney DC,JPN,126.0,50,489.43
INV006362,2025-02-19,P0072,Sydney DC,USA,2.0,50,$63.48
INV000338,2023-01-01,P0173,Dubai_DC,USA,132.0,25,147.36
INV003524,11-16-2025,P0316,Frankfurt DC,ZAF,,20 ,348.67
INV006301,2025-11-16,P0283,Dubai DC, CHN,15.0,50 units,409.25
INV004763,19/07/2025,P0334,Singapore DC  ,gbr,48.0,50,577.38
INV006804,2025-02-19,P0291,Frankfurt DC,KOR,6.0,25,42.01
INV000738,"Apr 25, 2024",P0451,Dubai DC,FRA,32.0,20,$271.84
INV000369,2023-10-28,P0289,,CHN,26.0,20 ,241.69
INV000893,2025-03-21,P0050,Sydney DC,FRA,141.0,25,130.96
INV000601,2024-10-22,P0426,Sydney DC,MYS,169.0,20,"$1,094.68"
INV001868,2025-03-21,P0069,Sydney DC,sgp,81.0,10,166.99
INV000012,22/09/2024,P0094,Frankfurt  DC,BRA,24.0,50 units,321.40
INV002841,2024-10-22,P0167,Dubai Warehouse,SAU,,50 units,690.29
INV002723,2023-07-30,P0351,FRANKFURT DC,FRA,53.0,20 ,343.53
INV003283,2024-04-25,P0466,Manila DC,CHN,100.0,20 ,965.94
INV003303,2025-04-20,P0456,sydney dc,DNK,231.0,50,302.99
INV004441,20/01/2025,P0326,Manila_DC,MYS,76.0,25,$895.97
INV001545,2024-06-24,P0101,Manila Warehouse,ARE,58.0,50 units,402.58
INV001556,02-25-2024,P0419,Frankfurt DC,USA,163.0,50,1142.25
INV003974,06-19-2025,P0045,Dallas DC  ,GBR,46.0,20,499.98
INV005869,2024-08-23,P0377,Dubai DC,phl,27.0,10,212.18
INV002634,2023-01-31,P9024,Frankfurt DC  ,CHN,54.0,50,805.43
INV002373,2023-07-30,p0446,Dubai DC  ,GBR,132.0,50 units,$106.11
INV006554,2024-02-25,P0116,Frankfurt DC,CHN,74.0,50 units,170.55
INV006667,20/05/2025,P0424,Sydney DC,bgd,47.0,20,295.04
INV000779,"Jan 26, 2024", P0455 ,Frankfurt DC,AUS,189.0,25,$491.96
INV004060,2024-03-26,P0203,Dubai DC,GBR,46.0,20 ,NULL
INV000355,17/09/2025,P0235,Singapore DC,DEU,17.0,25,$162.49
INV007286,03-26-2024,P0039,Singapore DC,SGP,,25,246.42
INV002423,25/04/2024,P0170,Dubai DC,DEU,118.0,50 units,333.68
INV007544,2024-05-25,P0009,N/A,USA,66.0,20 ,1370.71
INV003140,2023-01-01,P0318,Frankfurt DC,CHN,45.0,10,1002.24
INV001521,2023-01-01,P0422,Frankfurt_DC,KOR,,50 units,$669.35
INV007788,2023-01-31,P0150,frankfurt dc,PAK,57.0,20 ,603.49
INV003387,2025-03-21,P0433,Dubai_DC,FRA,-22.0,20,388.52
INV007181,2024-02-25,P0404,Manila DC,COL,16.0,50 units,1036.52
INV005959,2025-08-18,P0441,Singapore DC,IND,69.0,10,717.68
INV005748,2024-12-21,P0321,FRANKFURT DC,BRA,67.0,10,207.69
INV000949,2025-08-18,P0367,Frankfurt DC,NULL,193.0,50,160.24
INV007072,2025-01-20,P0353,Frankfurt DC,CHN,161.0,N/A,N/A
INV006784,2024-12-21,P0070,Dubai DC,ZAF,44.0,20,250.81
INV003469,2024-09-22,P0175,singapore dc,USA,64.0,20 ,297.28
INV000456,2024-07-24,P0271,Dallas DC,ZAF,62.0,10,357.28
INV003344,2024-06-24,P0164,Dallas DC,NOR,28.0,20,433.13
INV002123,2023-05-31,P0130,Manila DC,THA,29.0,20,833.76
INV002771,2023-09-28,P0180,Dubai DC  ,BRA,123.0,50 units,$216.26
INV007218,2024-06-24,P0147,Dubai DC,ESP,120.0,20 ,$769.31
INV001679,2023-09-28,P0267,SINGAPORE DC,ITA,26.0,20,"$1,423.61"
INV000864,2025-09-17,P0247,Manila_DC,phl,41.0,10,356.04
INV000383,2024-09-22,P0413,  Manila DC ,PHL,32.0,10,69.90
INV004616,10-17-2025,P0408,Manila_DC,TWN,73.0,50,753.00
INV005516,2023-05-01,P0360,sydney dc,SGP,76.0,10,1572.12
INV003550,2025-09-17,P0324,FRANKFURT DC,DEU,48.0,20 ,$216.85
INV006065,2023-03-02,P0439, Sydney DC,FRA,49.0,20,$783.98
INV005808,2024-03-26,P0234,Singapore Warehouse,VNM,110.0,50,819.95
INV004120,2025-11-16,P0291,Dubai DC,TUR,157.0,50,42.01
INV002928,2023-01-31,P0410,,IDN,106.0,50 units,475.18
INV002044,2024-01-26,p0271, Manila DC,USA,116.0,20 ,357.28
INV006725,2023-08-29,P0423,Manila DC,FRA,65.0,50 units,235.59
INV007283,2025-09-17,P0323,manila dc,THA,11.0,20,361.05
INV002206,2023-10-28,P0306,Singapore DC,COL,7.0,50,282.77
INV001797,2023-04-01,P0322,Sydney DC,AUS,61.0,10,109.08
INV004191,2025-08-18,P0163,Sydney_DC,BRA,-5.0,25,539.88
INV001839,2023/11/27, P0470 ,Dallas DC,USA,265.0,20 ,104.73
INV004935,2023-09-28,P0012,Dallas DC,BRA,75.0,25,68.12
INV004982,2023/03/02,P0284,Singapore DC,JPN,26.0,20,"$1,835.64"
INV006862,2025-02-19,P9773,DUBAI DC,USA,36.0,20,275.50
INV001629,24/06/2024,P0066,frankfurt dc  , CAN,33.0,10,243.76
INV000623,22/09/2024,P0302,dallas dc,esp,15.0,20,242.70
INV004551,2024-05-25,P0446,dallas dc,,111.0,50,106.11
INV003325,2025-06-19,P0389,Frankfurt DC,phl,24.0,20,80.58
INV000205,2025-08-18,P0403,Frankfurt_DC,POL,57.0,50 units,1444.81
INV003978,2024/04/25,P0450,Frankfurt DC,DNK,35.0,50 units,184.31
INV003210,2024-10-22,P0395,Singapore DC,jpn,54.0,50,$282.19
INV005388,2023-11-27,P0016,Frankfurt DC,DEU,114.0,50 units,1431.29
INV006431,2025-10-17,P0358,Dallas DC,CHN,130.0,25,$362.65
INV004226,2025-11-16,P9191,Frankfurt DC,SGP,39.0,null,520.27
INV003471,2024-03-26,P0108,Dubai DC,NOR,91.0,50 units,324.47
INV003721,2025-09-17,P0239,Singapore DC,SAU,37.0,20 ,1152.66
INV001228,2023-07-30,P0232,Frankfurt DC,IDN,88.0,20,109.54
INV002312,2023-05-31,P0180,Dubai_DC,MAR,224.0,25,216.26
INV007309,2023-05-31,P0052,Manila DC,gbr,24.0,20 ,150.88
INV006464,2024-12-21,P0398,Sydney DC,PRT,240.0,50 units,$378.76
INV003105,21/11/2024,P0014,,GBR,27.0,50,331.38
INV000250,2023-03-02, P0457 ,FRANKFURT DC,ISR,75.0,20,80.12
INV006729,05-01-2023,P0051,Dallas DC,USA,34.0,10,$154.89
INV001055,,p0371,Sydney_DC,CHN,39.0,20 ,239.13
INV005720,21/12/2024,P0137,Sydney DC,IND,19.0,10,1095.34
INV004132,2024-08-23,P0095,Manila DC,BRA,58.0,50,1860.84
INV005924,21/03/2025,P0443,Sydney DC  , THA,104.0,20,275.54
INV006197,2025-06-19,P0054,Singapore_DC, COL,20.0,25,$234.08
INV005906,01/01/2023,P0075,frankfurt dc,ARG,122.0,25,$182.37
INV002878,2023-10-28,P0001,Dallas DC,JPN,53.0,10,198.33
INV007584,2023-05-01,P0293,Dallas  DC,DEU,47.0,50 units,1874.55
INV002099,2025-02-19,P0095,DUBAI DC,AUS,64.0,20,1860.84
INV006082,2023-12-27,P0203,Singapore DC,SAU,111.0,20 ,1175.51
INV002726,2024-02-25,P0379,Dallas DC,ITA,44.0,50 units,"$1,921.81"
INV004341,2023-01-01,P0314,Frankfurt_DC,PHL,54.0,20,183.07
INV000530,2023-05-31,P0172,Sydney DC,can,7.0,10,1137.31
INV007828,2025-03-21,P0383,Singapore DC  ,BRA,31.0,10,1881.86
INV006934,2024-11-21,P0408,Sydney DC,GRC,,50 units,753.00
INV001865,21/11/2024,P0316,DUBAI DC,ZAF,8.0,20 ,348.67
INV006899,2024-06-24,P0172,Manila_DC,CHE,210.0,50,1137.31
INV004380,2023-01-31,P0314,Manila_DC,CHN,25.0,50 units,183.07
INV003912,2023-04-01,P0075,Singapore DC,ARE,55.0,50,182.37
INV006242,2023-06-30,P0047,Dubai DC,ARE,77.0,25,453.19
INV004741,2023-08-29, P0235 ,  Manila_DC , BRA,29.0,25,162.49
INV003000,2024-04-25,P0101,Sydney DC,SAU,109.0,20,402.58
INV002101,2024-12-21,P0096,Dallas_DC,HKG,104.0,25,70.56
INV006984,2025-08-18,P0445,Sydney DC,IND,117.0,50 units,446.87
INV003853,2024/07/24,P0407, Sydney DC,SAU,68.0,10,500.30
INV003240,30/06/2023,P0266,Sydney DC,NZL,43.0,50,382.81
INV007159,2024-02-25,P0010,Sydney DC,USA,94.0,50 units,362.45
INV005888,2025-05-20,P0157,frankfurt dc,DEU,30.0,20 ,428.62
INV000107,"Oct 22, 2024",P0424,Singapore DC,GBR,51.0,20 ,295.04
INV001959,2024-07-24,P0162,Manila DC,fra,81.0,,1169.94
INV003316,2024-12-21,P0117,manila dc,IDN,23.0,20 ,460.72
INV003124,"Jun 24, 2024",P0262,Dallas Warehouse,KOR,172.0,50,181.62
INV005867,2023-08-29,p0476,Dallas DC,AUS,124.0,50 units,1318.12
INV006285,2024-11-21,P0011,Sydney Warehouse,usa,21.0,50,$90.19
INV003030,2025-04-20,P0266,Singapore DC,AUS,170.0,50 units,382.81
INV000753,2025-03-21, P0223 ,frankfurt dc,NULL,7.0,null,291.25
INV000555,10-17-2025,P0303,  Sydney DC ,IND,141.0,25,614.16
INV007595,21/03/2025,P0372,Frankfurt DC,ARG,181.0,50 units,187.16
INV001415,2025-07-19,P0335,Dallas DC,DEU,,50,206.76
INV007050,01/01/2023,P0256,Manila DC,ZAF,44.0,50,266.93
INV007695,2024-08-23,P0045,DALLAS DC  ,twn,23.0,10,499.98
INV001316,"May 25, 2024",p0443,singapore dc,MYS,92.0,20 ,275.54
INV002053,2024-05-25,P0143,Singapore DC,AUS,256.0,NULL,1273.62
INV007730,2024-03-26,P0113,Singapore DC,hkg,69.0,20,413.87
INV005578,2023-09-28,P0327,Singapore DC,AUS,68.0,25,124.47
INV005093,2023-01-31,P0123,null,CAN,75.0,50,617.89
INV007095,2025-05-20,P0299,singapore dc,IND,63.0,25,358.99
INV006365,2025-07-19,P0009,Frankfurt DC,GBR,95.0,20 ,1370.71
INV002536,2025-02-19, P0227 ,Manila DC,JPN,116.0,20,153.94
INV006808,2023-10-28,P0450,Dallas Warehouse,CAN,59.0,20,$184.31
INV004349,2025-04-20,P0010,  Frankfurt DC ,USA,79.0,20,362.45
INV006226,2025-08-18,P0113,Dallas Warehouse, POL,48.0,50 units,413.87
INV000460,2024-02-25,P0056,Dubai  DC,NGA,132.0,50,529.55
INV000545,2023-11-27,P0030,Manila DC, EGY,72.0,10,155.94
INV003508,2023-08-29, P0249 ,Dallas_DC,NGA,347.0,50 units,58.66
INV002389,2025-09-17,P0095,Frankfurt DC,RUS,130.0,50,1860.84
INV000497,"Mar 26, 2024",P0217,Dallas DC,USA,,20,"$1,062.54"
INV000348,2024-01-26, P0311 ,Dallas DC,JPN,58.0,50 units,556.63
INV001728,2023-07-30,P0247,Manila DC,IND,111.0,50 units,356.04
INV003708,2023-11-27,P9705,Frankfurt DC,AUS,,10,634.78
INV002132,2023-06-30,P0415,Singapore DC,FRA,71.0,25,"$1,145.24"
INV002960,2025-10-17,P0435,Dubai DC,MEX,34.0,,780.15
INV007650,28/09/2023,P0184,Dubai DC,ITA,47.0,20,1643.13
INV005235,2023-07-30,P0081,Dallas Warehouse,IDN,54.0,10,962.72
INV003832,"Oct 28, 2023",P0269,Dubai Warehouse  , CHN,136.0,50,394.90
INV004059,2024-03-26,P0006,Dubai DC,CAN,73.0,20 ,507.59
INV005799,2024-12-21,P0203,Sydney DC,ISR,44.0,50,"$1,175.51"
INV005588,2025-03-21,P0082,Frankfurt DC,USA,150.0,20 ,80.04
INV000340,2025/04/20,P0080,Frankfurt Warehouse  ,IND,20.0,25,208.69
INV004838,2025-09-17,P0205,Singapore Warehouse,JPN,54.0,10,1984.39
INV004749,23/08/2024,P0367,DALLAS DC,DEU,66.0,25,160.24
INV005373,2025-04-20,P0464,Singapore_DC,DEU,183.0,50 units,584.53
INV002488,2024-08-23,P0231,Frankfurt DC,MEX,51.0,50,
INV007775,25/02/2024,P0342,  dallas dc ,ESP,122.0,20 ,45.41
INV003771,2025-07-19,P0008,SINGAPORE DC,TWN,32.0,25,$998.45
INV001120,2023/08/29,P0206, Dallas_DC,BRA,102.0,20,281.59
INV007301,17/09/2025,P0119,Frankfurt DC,MYS,94.0,10,$799.93
INV003065,2024-04-25,p0333,SYDNEY DC,USA,142.0,50,$588.69
INV000518,21/12/2024,P0066,Singapore Warehouse, HKG,207.0,50,243.76
INV001476,2024-03-26,P0061,Manila DC  ,GHA,57.0,25,860.02
INV003442,2024-09-22,P0144,Singapore DC,ARE,56.0,50 units,$823.61
INV005190,"Jul 30, 2023",P0412,,MYS,73.0,10,70.77
INV000996,"Mar 21, 2025",P0060,Sydney DC,USA,38.0,25,720.76
INV003018,2023-09-28,P0064,Dubai_DC  ,GBR,52.0,50 units,287.78
INV005538,2024-12-21,P0401,Frankfurt DC,CHN,83.0,25,148.27
INV007238,"Feb 25, 2024",P0152,sydney dc,BGD,48.0,null,373.91
INV006598,2024-11-21,P0206,Singapore DC,THA,157.0,10,281.59
INV003593,01-20-2025,P0059,dallas dc,USA,-20.0,10,216.45
INV007444,2025-04-20,P0407,Sydney DC,POL,63.0,50,
INV004133,28/10/2023,P0212,singapore dc,ARE,34.0,20 ,1044.35
INV005351,18/08/2025,P0468,dallas dc,CAN,80.0,10,null
INV003846,2023-08-29,P0333,Sydney DC  ,JPN,,50 units,588.69
INV005282,2024-09-22,P0469,Dubai DC,GBR,158.0,25,811.02
INV000950,11-27-2023,P0059, Singapore DC,CHE,37.0,50 units,216.45
INV000605,2025-08-18,P0462,dallas dc,AUS,74.0,50,567.16
INV002672,"Aug 23, 2024",P0401,sydney dc,vnm,46.0,50,$148.27
INV004478,2025-01-20,P0036,dallas dc  ,IDN,71.0,25,169.53
INV000830,05-01-2023,P0222,Dubai DC,HKG,28.0,10,1100.83
INV003916,2023-04-01,P0271,Frankfurt DC,CHL,53.0,20 ,$357.28
INV005253,"May 20, 2025",P0097,Dallas DC,,22.0,25,$546.06
INV006791,"May 01, 2023",P0410,Singapore DC,USA,47.0,20 ,475.18
INV006631,2023-06-30,P0364,FRANKFURT DC,DEU,37.0,10,610.93
INV002014,2023-10-28,P0016,Dallas DC, CAN,46.0,20 ,"$1,431.29"
INV004550,2024-11-21, P0030 ,Singapore DC,SAU,82.0,25,155.94
INV005231,2023-03-02,P0415,Singapore DC,POL,97.0,50 units,1145.24
INV001782,"Jun 24, 2024",P0006,SINGAPORE DC,USA,162.0,10,507.59
INV000254,2025-02-19,P0070,NULL,CAN,39.0,50,250.81
INV006948,06-19-2025,P0041, Singapore Warehouse,SWE,70.0,20 ,$384.99
INV000385,2024-07-24,P0244,Singapore_DC,USA,94.0,50,1489.89
INV002134,2023-10-28,P0045,Dubai DC,can,45.0,20,499.98
INV001951,29/08/2023,P0291,FRANKFURT DC,JPN,44.0,20,42.01
INV003489,2023-05-01,P0124,Sydney DC,USA,86.0,10,867.56
INV000827,2025-04-20,p0248,Singapore DC,DNK,14.0,50 units,75.05
INV002326,2025-03-21,P0229,Singapore DC,HKG,114.0,25,$397.81
INV004669,2025-11-16,P0271,Sydney DC  ,MEX,161.0,50,357.28
INV007358,"Jul 19, 2025",P0186,Dallas DC  ,FRA,55.0,,346.78
INV004552,23/08/2024,P0079,Frankfurt DC,TWN,,50 units,106.59
INV003465,2024-09-22,P0008,DUBAI DC,VNM,106.0,25,998.45
INV004147,12-21-2024, P0200 ,MANILA DC,KEN,30.0,20 ,508.90
INV002998,19/06/2025,P0174,MANILA DC,MEX,144.0,50 units,215.95
INV002254,2023-09-28,P0432,Manila DC,ARG,35.0,50,863.37
INV003385,01/01/2023,P0072,FRANKFURT DC,USA,41.0,20 ,63.48
INV002679,2025-10-17,P0160,Singapore DC,CHN,57.0,20 ,356.16
INV002514,2023/05/31,P0373,Dallas DC,CAN,88.0,20 ,"$1,196.41"
INV005807,2024-09-22,P0366,Dubai DC,AUS,93.0,10,$305.37
INV003275,"Nov 21, 2024",P0472,Sydney DC,TWN,18.0,N/A,205.84
INV005580,2024-11-21,P0047,Singapore DC,USA,92.0,10,453.19
INV005981,"May 25, 2024",P0137,Manila DC,GBR,30.0,25,1095.34
INV001837,20/05/2025,P0161,Frankfurt DC,MEX,205.0,50,651.95
INV007534,2025-05-20,P0169,Dallas DC,USA,132.0,10,888.63
INV005461,2024-07-24, P0001 ,Singapore DC  ,AUS,170.0,20 ,198.33
INV004747,"Oct 28, 2023",P0105, Frankfurt DC, ARE,22.0,50 units,$333.17
INV004140,2025-07-19,P0178,Dallas DC,BRA,-30.0,N/A,940.91
INV002340,2023-09-28,P0174,Dubai  DC,CHN,104.0,50,215.95
INV002931,2023-01-01,P0192,sydney dc,VNM,155.0,25,204.18
INV005349,2024-07-24,P0209,Manila DC,TWN,128.0,50 units,34.39
INV007464,2023-09-28,P0219,Dubai_DC,NULL,147.0,50,228.15
INV000633,2025-02-19,P0196,Singapore DC,SGP,40.0,10,120.35
INV003252,2023-01-01,P0248,Sydney_DC,are,49.0,20,75.05
INV001724,05-31-2023,P0244,Sydney DC,DEU,-24.0,50 units,1489.89
INV005648,2024-11-21,P0427,MANILA DC,USA,216.0,50 units,169.17
INV005456,2024-12-21,P0416,Frankfurt DC,ZAF,27.0,20 ,1613.05
INV002808,2023-03-02,P0177,Manila DC,HKG,77.0,50,"$1,340.72"
INV005046,2024-12-21,P0236,Singapore DC,IND,22.0,20 ,510.62
INV001184,2024-02-25,P0227,Manila_DC  ,ARG,78.0,10,153.94
INV006519,2023/01/31,P0283,Frankfurt DC,CAN,15.0,25,409.25
INV003595,"Jan 31, 2023",P0430,Singapore DC,CHE,56.0,20 ,138.13
INV004393,"Aug 29, 2023",P0093,dallas dc,HKG,37.0,20,219.16
INV001108,"Jan 01, 2023",P0248,Sydney  DC,USA,96.0,50 units,75.05
INV001437,2023-05-01,P0101,Dallas DC,ESP,27.0,20 ,402.58
INV001857,2025-09-17,P0176,Sydney DC,nld,60.0,10,$374.00
INV003706,2023-05-01,P0200,DALLAS DC,,71.0,50 units,$508.90
INV006876,2024-04-25,P0361,Frankfurt DC,CAN,89.0,20 ,$192.49
INV003585,2025-04-20,P0447,singapore dc,nzl,24.0,20 ,358.93
INV006113,01/01/2023,P0119,Dallas_DC,RUS,169.0,20 ,$799.93
INV003673,2023-01-01,P0303,Dubai DC,NGA,6.0,20,614.16
INV003036,2023-01-01,P0424,Dallas DC,POL,41.0,50 units,295.04
INV004138,2024/03/26,P0047,Dallas DC,IND,153.0,25,453.19
INV000031,2023/04/01,P0477,singapore dc  ,SAU,30.0,50 units,703.10
INV006333,2023-05-31,P0323,Manila DC,IND,135.0,25,361.05
INV006252,2025-01-20,P0055,Singapore DC,sgp,121.0,50 units,1169.71
INV007322,2024-04-25,P0202,Sydney DC,,75.0,20 ,532.73
INV007242,"May 25, 2024",P0042,Dubai_DC,BRA,182.0,20,$237.95
INV000939,26/01/2024,P0368,Manila DC,SAU,10.0,10,523.59
INV003773,20/04/2025,P0107,Manila DC,CAN,54.0,10,$353.21
INV002192,04-01-2023,P0449,null,DEU,28.0,10,1342.38
INV000916,2023-11-27,P0263,Dallas Warehouse,IND,88.0,25,367.49
INV004142,20/05/2025,P0377,Sydney Warehouse,IND,9.0,25,212.18
INV000316,2024-11-21,P0332,Singapore  DC,ESP,79.0,10,1529.57
INV003075,"Mar 21, 2025",P0287,Singapore_DC,CAN,38.0,20,77.25
INV003452,2024-07-24, P0231 ,Dallas_DC,GBR,42.0,50,1464.89
INV004755,2023-04-01,P0130,Dubai DC,ESP,18.0,25,833.76
INV002955,2024-04-25,P0106, Dallas_DC,aus,67.0,20 ,140.18
INV006732,2024-09-22,P0317,Dubai DC,NZL,132.0,10,1558.47
INV004250,04-25-2024,P0468,Singapore DC,DEU,63.0,N/A,$182.15
INV002181,2025-11-16,P0366,Singapore DC,ITA,126.0,10,305.37
INV004301,2024-07-24,P0427,SYDNEY DC,USA,50.0,20,169.17
INV000969,2024-11-21,P0334,Dallas Warehouse,NZL,58.0,20 ,577.38
INV006463,2024-12-21,P0225,Frankfurt Warehouse,PHL,13.0,20 ,413.07
INV002416,2024-05-25,P0310, Manila DC,USA,41.0,20 ,543.12
INV005713,2024-11-21, P0052 ,Frankfurt DC,CHE,21.0,50 units,150.88
INV002125,2023/01/31,P0473,Frankfurt DC,THA,39.0,20 ,$846.99
INV002365,2024-11-21,P0101,Frankfurt DC,JPN,,20,$402.58
INV006171,2024-09-22,P0053,Singapore DC,KOR,118.0,20 ,$71.16
INV001332,31/01/2023,P0122,DUBAI DC,RUS,156.0,50,180.96
INV007691,2023-07-30,P0350,Singapore DC,CAN,194.0,20,153.70
INV006838,2024-04-25,P0121,Sydney DC,ITA,53.0,50,386.62
INV004322,2025-04-20,P0062,Sydney DC,,92.0,10,51.02
INV003136,2025-01-20,P0021,Sydney DC,NULL,86.0,20,286.52
INV004153,2023-01-31,P0322,frankfurt dc,NGA,36.0,50 units,109.08
INV002915,2025-07-19,P0478,frankfurt dc,AUS,23.0,50,1422.93
INV006395,2024-02-25,P0122,Singapore  DC, CHN,227.0,50 units,180.96
INV007649,30/06/2023,P0155,Singapore DC,mex,64.0,50 units,352.91
INV005608,2023-05-01,P0228,Manila DC,CHN,115.0,20 ,143.79
INV004206,2023-11-27,P0277,Dallas DC,SWE,61.0,20 ,1102.84
INV001799,2024-08-23,P0088,Manila DC,IND,117.0,50 units,313.77
INV005316,23/08/2024,P0115,Dallas DC,JPN,143.0,10,
INV003967,31/05/2023,P0071,SINGAPORE DC,POL,143.0,50,540.88
INV002755,2023-07-30,P0458,Singapore DC  ,GBR,46.0,20 ,482.57
INV001457,2023-12-27,P0362,Singapore DC,CHL,94.0,10,469.11
INV007715,2024-02-25,P0400,Dallas DC,SAU,118.0,50,476.94
INV004845,"Jan 20, 2025",P0244,Manila DC,PHL,50.0,20 ,1489.89
INV006133,2025-09-17,P0042,Singapore DC,CHL,11.0,10,237.95
INV003104,2024-11-21,P0014,Manila Warehouse,NOR,51.0,20 ,331.38
INV000810,27/12/2023,P0206,NULL,POL,44.0,25,281.59
INV002035,21/11/2024,P0351,Dubai DC,NGA,38.0,10,$343.53
INV007166,16/11/2025,P0130,Manila DC,ITA,29.0,50 units,$833.76
INV004355,2024-06-24,P0178,Singapore  DC,PRT,146.0,20 ,940.91
INV007819,2023-10-28,P0440,Dubai DC,USA,153.0,50,382.33
INV000721,2023-03-02,P0124,dubai dc,CAN,92.0,20,867.56
INV001179,2023-03-02,P0107,Frankfurt DC,PHL,,10,353.21
INV003006,2024-05-25,P0294,Frankfurt DC,USA,62.0,25,290.11
INV003132,2024-04-25,P0190,Frankfurt Warehouse,bra,38.0,10,492.51
INV003683,2025-11-16,P0377,Sydney DC,CAN,81.0,20,212.18
INV003248,01/05/2023,P0387,  Dallas_DC ,BRA,77.0,10,1508.16
INV007614,01-26-2024,P0124,  Singapore DC ,gbr,247.0,10,867.56
INV002019,2023-03-02,P0397,DUBAI DC,USA,169.0,10,null
INV001137,2025-11-16,P0050,Manila_DC  ,nga,90.0,50,$130.96
INV004766,2024-03-26,P0069,Sydney DC,DNK,25.0,25,166.99
INV005625,2023-03-02,P0365,Frankfurt DC,can,21.0,20 ,98.50
INV004822,05-01-2023,P0091,Singapore Warehouse,chl,42.0,25,85.53
INV006235,"Aug 23, 2024",P0313,Frankfurt DC,BRA,17.0,50,1008.89
INV007712,2024-09-22,P0187,Dallas DC,gbr,119.0,50,1292.73
INV003955,2025-09-17,P0179,Singapore DC, IDN,81.0,50,52.95
INV004369,09-28-2023,P0398,sydney dc,AUS,61.0,20,378.76
INV002241,28/10/2023,P0358,Dallas DC,UKR,18.0,50 units,362.65
INV002231,2023-05-01,P0071,Frankfurt_DC,BRA,47.0,50,540.88
INV002686,04-20-2025,P0379,Singapore DC,CHN,3.0,25,1921.81
INV004901,2025-07-19,P0350,Singapore DC,PHL,49.0,20 ,153.70
INV007636,08-29-2023,P0125,Sydney DC,sgp,75.0,20 ,275.50
INV006682,2024-06-24,P0212,Dallas DC,FRA,81.0,null,1044.35
INV007280,2025-11-16,P0012,Singapore DC,PAK,38.0,20 ,68.12
INV007739,2025-05-20,P0271,Dubai DC  ,CHN,50.0,20,357.28
INV007242,"May 25, 2024",P0042,Dubai_DC,BRA,182.0,20,$237.95
INV001940,2023-08-29,P0472,  Singapore DC ,GBR,85.0,20,205.84
INV002765,2023-05-31,p0361,Dubai DC,GBR,37.0,25,192.49
INV001668,2025-04-20,P0466,DALLAS DC,AUT,130.0,10,965.94
INV000694,2025-06-19,P0011,dallas dc  ,USA,134.0,20,90.19
INV004666,"May 31, 2023",P0364,Manila_DC,THA,44.0,25,610.93
INV001099,2025-08-18,P0116,Dallas DC,GBR,36.0,10,170.55
INV001665,2024-01-26,P0133,Singapore DC  ,THA,66.0,25,23.07
INV000839,2024-05-25,P0196,  MANILA DC ,KEN,,20,120.35
INV004771,2023-12-27,P0297,Frankfurt DC,AUT,223.0,25,461.52
INV006763,2025-09-17,p0360,Singapore DC,PHL,51.0,25,"$1,572.12"
INV003554,"Dec 27, 2023",P0464,Dallas DC,NOR,86.0,50,
INV002159,2025-05-20,P0180,Frankfurt DC,USA,48.0,50,216.26
INV002465,2024-02-25,P0080,Manila DC,CHN,100.0,25,208.69
INV007543,2023-08-29,P0446,Frankfurt DC,gbr,147.0,20 ,106.11
INV000404,2024-04-25,P9179,Manila DC,RUS,63.0,20 ,1512.26
INV000482,2025-09-17,P0217,Sydney DC  ,phl,40.0,20,1062.54
INV001881,2023-03-02,P0475,DUBAI DC,ZAF,88.0,50 units,265.34
INV006553,2025-11-16,P0452,Dallas DC,ESP,115.0,20,162.81
INV005883,2024-06-24,P0344,Dubai DC,CHN,124.0,25,332.94
INV004765,2023-06-30,P0322,Dubai DC,PHL,78.0,20,109.08
INV005033,2025-03-21,P0424,Dubai DC,GBR,15.0,10,295.04
INV007761,2024-10-22,P0049,Sydney DC,PHL,65.0,20 ,554.43
INV005739,2024-09-22,P0427,NULL,CAN,123.0,20 ,$169.17
INV001702,2023-07-30,P0083,Dubai DC,NZL,160.0,50,$439.01
INV003893,2024-03-26,P0257,Dallas DC,DEU,81.0,50,30.10
INV007376,2024-06-24,P0400,Dubai DC,SAU,156.0,20 ,476.94
INV000584,2025-05-20,P0398,SINGAPORE DC,DNK,77.0,50,378.76
INV002072,2024-12-21,P0230,Sydney DC,ITA,85.0,50 units,537.83
INV003178,2025-09-17,P0063,Manila DC,DNK,47.0,25,$660.25
INV002384,2023-09-28,P0316,Frankfurt_DC,BRA,85.0,25,348.67
INV007530,2024-06-24,P0031,Singapore_DC,THA,51.0,50,$366.93
INV007277,2024-08-23,P0463,sydney dc,ESP,62.0,20 ,1421.36
INV001222,09-28-2023,P0009,Singapore Warehouse,SAU,132.0,50 units,"$1,370.71"
INV000002,2023-12-27,P0471,Dubai DC,nga,28.0,20,
INV000399,"Oct 22, 2024",P0336,Dallas_DC,USA,15.0,N/A,$180.18
INV000618,22/10/2024,P0071,Singapore DC,dnk,37.0,50 units,540.88
INV006962,2023-09-28,P0392,Frankfurt DC,SAU,45.0,25,788.36
INV000034,2024-04-25, P0135 ,Dubai DC,KOR,9.0,50 units,20.57
INV002721,2023-04-01,P0165,Dallas Warehouse,GBR,36.0,25,1599.84
INV003972,10-28-2023,P0245,Sydney DC,AUS,29.0,20 ,$520.27
INV002478,2024-01-26,P0123,Frankfurt Warehouse,TWN,29.0,25,617.89
INV007114,2024-12-21,P0346,Singapore DC,JPN,69.0,50,243.91
INV000139,"Jul 24, 2024",P0165,Sydney Warehouse,mys,36.0,20,1599.84
INV003752,2024-04-25,P0472,Dallas Warehouse,BRA,74.0,20 ,205.84
INV005571,2023-04-01,P0055, Dubai DC,gha,235.0,10,1169.71
INV005270,2023-01-01,P0423,singapore dc,nor,160.0,null,235.59
INV005796,2024-07-24,P0258,Sydney DC,,16.0,25,945.16
INV006157,2025-05-20,P0405,Dubai DC,MYS,48.0,50 units,979.25
INV006390,05-31-2023,P0399,Sydney DC,ken,67.0,N/A,234.10
INV005134,2024-01-26,P0349,Sydney_DC,GBR,36.0,50 units,1417.16
INV003590,2023-01-01,P0024,Manila DC,JPN,88.0,20 ,541.27
INV004438,,P0366,Dubai DC,chn,-5.0,25,305.37
INV001958,2023-09-28,P0209,Singapore_DC,DEU,48.0,20,34.39
INV006843,2023-03-02,P0087,Singapore DC,AUS,119.0,50,$573.99
INV005597,18/08/2025,P0421, manila dc,COL,62.0,50,95.44
INV007264,2025-02-19,P0054,Manila DC,ESP,48.0,50,234.08
INV005657,30/06/2023,P0234,Singapore DC,COL,30.0,50 units,819.95
INV004592,"Feb 19, 2025",P0434,Singapore Warehouse,kor,147.0,10,508.81
INV002958,2024-02-25,P0293,Frankfurt DC,ITA,125.0,20 ,1874.55
INV007764,2025-06-19,P0479,Dubai DC  ,ZAF,70.0,25,128.08
INV006140,2024-12-21,P0418,Dubai DC,POL,19.0,20,59.53
INV002038,25/05/2024,P0078,Manila Warehouse,IND,20.0,50,$338.99
INV007727,"Apr 01, 2023",P0192,Manila DC,GHA,64.0,20,204.18
INV002976,2025-01-20,P0079,Frankfurt DC,AUS,42.0,20,106.59
INV005229,2023-03-02,P0096,manila dc,JPN,15.0,25,$70.56
INV005731,"Jan 31, 2023",P0204,Dallas DC,AUS,30.0,50,690.23
INV001655,07-30-2023, P0019 ,Singapore DC,SGP,90.0,20 ,961.87
INV007065,2024-04-25,P0278, Dubai DC,HKG,-16.0,20 ,237.33
INV006619,2025-07-19,P0008,Singapore DC,AUS,33.0,10,998.45
INV000437,12-27-2023,P0339,Dubai DC,GBR,86.0,20,"$1,349.99"
INV007477,2023/04/01,P0300,Singapore DC,PRT,24.0,50,242.73
INV003212,2023-09-28,P0361,Sydney DC,SAU,6.0,10,192.49
INV005787,12-21-2024,p0253,dallas dc,USA,10.0,50,125.30
INV003042,22/09/2024,P0480,Frankfurt Warehouse,USA,100.0,50 units,435.01
INV007217,2024-10-22,P0163,singapore dc,CAN,87.0,50 units,$539.88
INV003709,2023-03-02,P0377,Dallas DC,ESP,117.0,25,
INV002446,2025-05-20,P0404,Frankfurt_DC,GBR,149.0,25,"$1,036.52"
INV006303,2025-04-20,P0370,Manila Warehouse,TWN,61.0,50 units,286.28
INV002033,2023-06-30,P0336,Frankfurt DC,AUS,,50,180.18
INV006869,2025-01-20,P0023,Singapore DC,MAR,167.0,50,806.82
INV001083,2023-08-29,P0243,Singapore DC,USA,170.0,50,$179.19
INV003646,2024-06-24,P0312,Frankfurt DC,FRA,155.0,25,1807.34
INV007343,19/02/2025,P0207,Singapore DC,SWE,165.0,20,$288.40
INV005966,09-28-2023,P0202,Singapore DC,NULL,127.0,25,532.73
INV003479,"Feb 19, 2025",P0315,Dallas DC,CHN,21.0,25,$684.48
INV000237,2025-10-17,P0165,MANILA DC  , IND,36.0,20,1599.84
INV001234,05-01-2023,P0255,Dubai Warehouse,KOR,86.0,20,$359.56
INV002959,2025-04-20,P0109,Dubai DC,CHN,43.0,50 units,878.89
INV003399,2025-07-19,P0257, Dubai DC,IND,90.0,50 units,30.10
INV004098,19/02/2025,P0146,Sydney DC,GBR,106.0,20,321.68
INV002966,2024-02-25,P0029, Frankfurt DC,GRC,209.0,50,504.26
INV005174,01-20-2025,P0332, dallas dc,BRA,37.0,20 ,1529.57
INV000609,2023-06-30,P0335,dallas dc,GBR,30.0,10,206.76
INV004494,12-27-2023, P0150 ,Dubai DC,USA,31.0,10,603.49
INV006339,2024-02-25,P0142,Frankfurt DC,,87.0,20 ,178.82
INV005440,2024-07-24,P0036,Dubai DC,EGY,112.0,10,NULL
INV004375,2023/05/31,P0108,Singapore DC,ISR,178.0,10,324.47
INV007615,2023-07-30,P0216,Manila DC,IND,124.0,25,225.21
INV002294,2023/07/30,P0199,Sydney DC,USA,29.0,20,210.86
INV003279,31/01/2023,P0193,Singapore Warehouse,KOR,55.0,20,
INV001657,2025-11-16,P0036,Frankfurt DC,usa,73.0,25,169.53
INV001079,2023-11-27,P0372,,NZL,30.0,N/A,187.16
INV000689,17/09/2025,P0355,Manila_DC,TWN,67.0,20 ,null
INV006502,11-16-2025,P0077,Sydney DC,AUS,18.0,20 ,138.22
INV007329,05-20-2025,P0261,singapore dc, CHE,29.0,25,353.51
INV003557,2023-07-30,P0408,Sydney DC,CHN,7.0,20,753.00
INV001469,2023-05-01,P0273,singapore dc, CHN,19.0,50,1649.21
INV003422,2024-12-21,P0239,Dallas DC,POL,212.0,50 units,"$1,152.66"
INV000293,2024-02-25, P0315 , Dubai Warehouse,NULL,32.0,50,684.48
INV006037,05-01-2023,P0054,Frankfurt DC,IDN,79.0,20,$234.08
INV005859,"Feb 19, 2025",P0161,singapore dc,KOR,63.0,50 units,
INV003518,2024-04-25,P0328,Manila DC,PHL,33.0,25,152.54
INV005942,2023-09-28,P0307,Dubai DC,GRC,30.0,20 ,754.66
INV000200,2024-02-25,P0122,Manila DC,SGP,61.0,50,180.96
INV001624,2023-05-01,P0119,Frankfurt DC,IND,40.0,25,799.93
INV002283,2023-11-27,P0120,dallas  dc,DEU,139.0,20 ,344.85
INV004331,2023-01-31,P0303,Frankfurt DC,USA,45.0,10,614.16
INV006748,2023-07-30,P0322,DALLAS DC,SAU,36.0,50 units,$109.08
INV001264,2024-04-25,P0221,Manila DC,ITA,80.0,20,497.92
INV005417,2023/05/31,P0357,manila dc,BRA,0.0,20,$252.01
INV005570,,P0468,Sydney DC,CAN,69.0,10,$182.15
INV005712,2025-09-17,P0165,Singapore DC,MAR,104.0,25,1599.84
INV007594,2025-04-20,P0373,manila dc,ESP,21.0,20,
INV001743,07-24-2024,p0130, SYDNEY DC,JPN,122.0,10,$833.76
INV003993,2025-05-20,P0183,Singapore DC,CHN,27.0,50,
INV003617,2025-11-16,P0377,Dallas DC,COL,62.0,50,$212.18
INV006880,2024-04-25,P0465,Frankfurt DC,deu,44.0,10,70.39
INV004930,2025-10-17,P0143,Frankfurt DC,chn,44.0,50 units,1273.62
INV000562,2024-08-23,p0111,Singapore DC, USA,77.0,20 ,393.07
INV004952,2024-09-22,P0220,  Manila_DC ,ARE,34.0,20,$153.59
INV001918,04-20-2025,P0296, Dubai DC,JPN,,10,N/A
INV003845,2025-02-19,P0319,Sydney DC,sgp,,10,204.98
INV006989,2025-06-19,P0244,Dubai DC,USA,132.0,50 units,1489.89
INV006518,06-30-2023,P0037,Dallas DC,JPN,66.0,50 units,$235.52
INV000684,07-24-2024,P0171,SYDNEY DC,gha,72.0,N/A,683.25
INV005395,2023-08-29,P0112,  Dubai DC ,NLD,108.0,50 units,239.40
INV001598,2023-11-27,P0246,Sydney DC,prt,85.0,25,$241.09
INV001963,2023-05-01,P0008, Singapore DC,ITA,49.0,25,$998.45
INV005080,01-20-2025,P0109,null, FRA,42.0,10,null
INV006000,2024-01-26,P0386,Dubai DC,USA,49.0,50,639.66
INV003323,2025-08-18,P0004,Manila DC,IRL,10.0,20,455.02
INV007682,"Mar 21, 2025",P0276,Dallas_DC,FRA,185.0,20,677.68
INV003717,08-23-2024,P0081, Dubai DC,USA,3.0,20,962.72
INV005645,2024/08/23,P0316,Manila DC,USA,72.0,50,348.67
INV003908,2023-04-01,P0035,Dubai DC  ,AUT,85.0,20 ,153.63
INV006439,2025-08-18,P0186,Singapore DC,BRA,80.0,20,346.78
INV002760,2024-08-23,P0224,Dubai DC,PHL,22.0,20,$141.71
INV007539,2023-07-30,P0142,Singapore_DC,PHL,87.0,20 ,$178.82
INV005736,2023-12-27,P0164,Manila DC,chn,23.0,50 units,433.13
INV007173,2025-10-17,P0306,MANILA DC,USA,93.0,20,282.77
INV000903,2023-04-01,P0224,NULL,MEX,37.0,50 units,$141.71
INV004229,10-22-2024,P0250,Sydney DC,NULL,19.0,25,460.88
INV005972,2023-10-28,P0422, Sydney DC,COL,57.0,20 ,669.35
INV006555,2023-06-30,P0002,Dallas DC,,60.0,25,N/A
INV005127,2025-10-17,P0452,Manila_DC,USA,17.0,20,162.81
INV005133,2023-01-01,P0091,Sydney DC,EGY,,10,85.53
INV002651,01/05/2023,P0021,Sydney DC,CHN,115.0,20,286.52
INV003638,2025-08-18,P0338,Sydney DC,CHL,112.0,20,1282.83
INV007833,05-31-2023,P0134,Manila_DC, TUR,118.0,50,1526.45
INV003089,05-20-2025,P0456,FRANKFURT DC,DEU,81.0,25,$302.99
INV001358,23/08/2024,P0032,Dubai Warehouse,FRA,-7.0,20 ,67.52
INV002325,20/01/2025,P0418, SYDNEY DC,NULL,18.0,10,59.53
INV000041,2023-03-02,P0269,Singapore_DC,KOR,51.0,20 ,394.90
INV000417,01-26-2024,P0366, Dallas DC,USA,107.0,20 ,305.37
INV003833,2023-01-31,P0090,Singapore DC, TUR,70.0,50,81.60
INV006255,2024-09-22,P0115,Dallas DC,ESP,4.0,20 ,1730.87
INV004734,2025-08-18,P0014,frankfurt dc,CAN,26.0,20 ,331.38
INV005141,2024-10-22,P0322,Manila DC,pol,73.0,50 units,
INV001253,22/09/2024,P0009, Dubai Warehouse,ESP,62.0,20 ,1370.71
INV003543,2024-11-21,P0062,Sydney DC,usa,150.0,20,51.02
INV003364,2025-08-18, P0064 ,Singapore DC,MAR,162.0,25,null
INV000299,2024-04-25,P0307,N/A,NGA,16.0,50 units,754.66
INV001376,2023-12-27,P0046,DUBAI DC,IND,112.0,20 ,1078.86
INV006222,2025-03-21,P0157,Manila DC,FRA,100.0,50,428.62
INV000652,2023/01/31,P0207,Dallas_DC  ,IND,27.0,20,288.40
INV000412,2025-02-19,P0302,Singapore DC,NOR,127.0,25,242.70
INV006755,2024-12-21,P0260,Dubai DC,POL,114.0,10,135.64
INV004517,20/01/2025,P0105,Dubai DC,USA,45.0,50,$333.17
INV001966,2025-11-16,P0323,Dubai DC,HKG,55.0,25,361.05
INV006812,"Nov 27, 2023",P0054,Singapore DC,USA,121.0,25,234.08
INV005544,2024-01-26,P0455,  manila dc ,PHL,82.0,50 units,491.96
INV001801,2023-03-02,P0335,Singapore DC,GBR,-15.0,10,206.76
INV005233,2025-11-16,P0343,Sydney Warehouse,USA,12.0,20,368.11
INV005871,2023-01-31,P0093,dallas dc,NULL,185.0,50 units,
INV005054,2023-11-27,P0279,dubai dc,USA,-7.0,50 units,1042.70
INV006407,2023-07-30,P0271,Dubai DC,IRL,152.0,20,357.28
INV006542,2024-03-26,P0367,SYDNEY DC  ,JPN,37.0,50 units,160.24
INV006624,2025-07-19,P0435,sydney dc  ,DNK,28.0,50 units,780.15
INV007821,2025-08-18,P0106,Dallas DC,EGY,67.0,50 units,$140.18
INV004614,2025-10-17,P0122,Frankfurt DC,PHL,101.0,50,$180.96
INV006076,19/07/2025,P0116,,JPN,95.0,50,170.55
INV006775,"Jun 19, 2025",P0427,MANILA DC,ESP,111.0,50 units,$169.17
INV006558,2023-09-28,P0349,SYDNEY DC, MAR,35.0,50,"$1,417.16"
INV001746,2023-05-01,P0273,SINGAPORE DC,JPN,106.0,25,1649.21
INV005075,2024-02-25,P0448,Sydney DC, PAK,80.0,10,196.16
INV002787,2025-04-20,P0022,Manila DC,BRA,-3.0,20 ,282.63
INV006458,2024-12-21,P0079,Frankfurt DC  ,USA,,50,106.59
INV000732,2023-03-02,p0256,Manila_DC,ARE,112.0,10,266.93
INV003725,2025-10-17,P0422,Manila DC,PAK,38.0,25,669.35
INV003700,2023-01-31,P0307,Manila DC,SAU,52.0,N/A,754.66
INV004831,04-20-2025,P0364,SYDNEY DC,CHN,18.0,20 ,610.93
INV002730,2024-06-24,P0449,Sydney DC,CHN,128.0,50,1342.38
INV002391,2024-02-25,P0077,Dubai DC,ZAF,48.0,10,
INV006968,2024-12-21,P0063,Dubai DC,SWE,60.0,null,$660.25
INV002715,2025-02-19,P0332,Sydney Warehouse,PHL,42.0,50 units,"$1,529.57"
INV000344,2024-03-26,p0009,Frankfurt DC,deu,57.0,50 units,"$1,370.71"
INV007473,20/05/2025,P0122,Manila DC,CHN,,50,180.96
INV001872,2024-09-22,P0443,DUBAI DC,DEU,83.0,10,275.54
INV003077,31/01/2023,P0280,Dallas DC,JPN,162.0,50 units,$336.14
INV006084,2023-10-28,P0245,Dubai DC,CHN,5.0,20,520.27
INV002086,2023-10-28,P0102,Dallas DC,NLD,48.0,20,2178.97
INV003533,2025-09-17,P0248,Singapore DC,CHN,,20,75.05
INV001756,2024/04/25,P0289,Manila DC,GBR,87.0,10,241.69
INV006910,2024-02-25, P0379 ,singapore dc,kor,50.0,20,1921.81
INV002607,2024-07-24,P0402,  Sydney_DC ,BGD,41.0,50,223.17
INV004407,2023-08-29,P0216,Manila DC,DEU,51.0,50,225.21
INV003501,2025/04/20,P0272,dubai dc  , NLD,73.0,20,160.33
INV004483,10-22-2024,P0004,Sydney DC,IDN,26.0,20,455.02
INV003258,01/04/2023,P0369,DALLAS DC,PHL,128.0,20,887.73
INV006592,2023-05-01,P0418,DUBAI DC,CHE,19.0,50,59.53
INV005447,2023-05-01,P0220,Manila_DC,aus,98.0,10,$153.59
INV005937,2023/03/02,P0281,singapore dc,MEX,59.0,10,421.79
INV005813,"Jul 24, 2024",P0059,Singapore Warehouse,PHL,49.0,50,$216.45
INV002657,"Jun 19, 2025",P0295,Manila DC,USA,35.0,20 ,
INV002861,2024-06-24,P0404,Dallas DC,USA,2.0,10,"$1,036.52"
INV004955,2023-05-01,P0027, Singapore DC,IND,39.0,25,$46.93
INV005278,2023-05-31,P0048,Singapore DC,SAU,12.0,50,$605.53
INV006200,20/05/2025,P0439,Frankfurt Warehouse,BRA,18.0,50,783.98
INV007519,2024-06-24,P0472,  Dubai DC ,NULL,21.0,50 units,NULL
INV005478,2024-03-26,P0262,Singapore DC,GBR,125.0,10,181.62
INV007814,2023-09-28,P0312,SINGAPORE DC,BRA,96.0,10,1807.34
INV007058,NULL,P0349,Frankfurt DC,can,45.0,25,1417.16
INV006051,02/03/2023,P0299,Dallas DC,IDN,51.0,10,$358.99
INV007624,2024-09-22,P0051,Frankfurt Warehouse,THA,168.0,10,154.89
INV002671,07-24-2024,P0132,Sydney DC,CAN,70.0,20,239.74
INV006374,2023-08-29,P0363,Dubai_DC,POL,192.0,20 ,620.30
INV000678,2025-07-19,P0409, Manila DC,PHL,40.0,50 units,$701.25
INV006727,2024-05-25,P0073,Manila DC,USA,37.0,10,"$1,017.01"
INV004181,19/02/2025,P0041,Sydney DC, AUS,24.0,10,null
INV002871,01-01-2023,P0335,Dubai DC,JPN,110.0,20 ,206.76
INV001928,2025-04-20,P0424,  Dubai DC ,IRL,67.0,20 ,295.04
INV006635,2024-05-25,P0117,Dubai DC,CAN,182.0,25,460.72
INV002496,2024-10-22,P0104,Dubai_DC,PHL,115.0,20 ,"$1,095.97"
INV004700,11-16-2025,P0480,Frankfurt Warehouse,MYS,15.0,20 ,435.01
INV005259,2024-08-23,P0100,Sydney DC,USA,43.0,10,"$1,301.31"
INV005404,2024-10-22,P0031,  SYDNEY DC ,GBR,12.0,50,366.93
INV001713,"Nov 27, 2023",P0325,Sydney DC,ARE,120.0,10,$64.79
INV006828,2025/07/19,P0296,DUBAI DC,USA,123.0,50 units,218.07
INV005044,2024-05-25,P0227,Dubai Warehouse,AUT,-2.0,10,$153.94
INV007681,01-01-2023,P0109,  Sydney DC ,bgd,46.0,50,878.89
INV006137,2023-01-01,P0328,N/A,NLD,141.0,50,$152.54
INV005770,2023-05-31,P0363,Manila DC,KOR,82.0,20,620.30
INV001922,2025-02-19,P0351, dallas dc,SAU,66.0,null,$343.53
INV003651,24/06/2024,P0045,dallas dc,KOR,181.0,10,$499.98
INV005314,2024-01-26,P0043,Singapore DC,MYS,148.0,25,$226.16
INV001919,2023-01-01,P0211, Singapore DC,GBR,112.0,20,411.76
INV006404,2023-05-01,P0126,Frankfurt_DC,IND,64.0,50 units,678.62
INV007745,10-28-2023,P0303,Sydney DC  ,,53.0,50,614.16
INV006750,2023-04-01,P0302,Dallas DC,USA,73.0,50 units,242.70
INV006156,"Apr 20, 2025", P0065 ,Singapore  DC,ZAF,68.0,20 ,$275.70
INV007832,2024-02-25,P0364,Frankfurt DC,GBR,63.0,20,610.93
INV006170,2023-05-01,P0425,Sydney DC,USA,,20,385.09
INV004897,25/02/2024, P0166 ,dallas dc,USA,71.0,20 ,1551.16
INV001096,22/10/2024,P0107,  Manila DC ,nzl,220.0,50 units,353.21
INV006305,06-30-2023,P0381,Frankfurt DC,CHN,135.0,20,554.55
INV003125,2024-11-21,P0335,Singapore DC,CAN,30.0,10,206.76
INV000312,2023-01-01,P0202,Manila Warehouse,MAR,82.0,50,532.73
INV002279,2024-04-25,P0208,Sydney Warehouse,ind,135.0,25,877.53
INV000876,20/01/2025,P0188,Singapore DC,TWN,110.0,50 units,640.49
INV003511,2023-01-31,P9354,Dubai DC,GBR,17.0,10,153.70
INV002052,2025-06-19,P0231, Frankfurt DC,JPN,35.0,,"$1,464.89"
INV003525,2025-05-20,P0019,Singapore DC  ,AUS,57.0,50,961.87
INV000860,2025-06-19,P0419,  Singapore DC ,KOR,115.0,50,1142.25
INV003448,2023-12-27,P0195,Dallas_DC,USA,68.0,25,$616.31
INV004779,2025-07-19,P0332,Manila DC,ARG,40.0,10,1529.57
INV000504,2024-11-21,P0258,Dallas DC,PHL,102.0,10,945.16
INV005246,19/06/2025, P0127 ,Singapore DC,USA,66.0,20,1057.48
INV001748,2024/09/22,P0115,Singapore DC,KEN,41.0,20 ,1730.87
INV003377,01/05/2023,P0466,Manila DC,TUR,11.0,20 ,$965.94
INV001578,2024-01-26,P0131,SYDNEY DC,ARG,73.0,50 units,315.08
INV004829,22/10/2024,P0268,MANILA DC  ,UKR,56.0,10,$489.43
INV001146,2023-07-30,P0012,Dubai DC,TUR,138.0,20,68.12
INV002425,"Sep 28, 2023",P0435,Singapore DC,CAN,52.0,50,780.15
INV005441,21/03/2025,P0153,Frankfurt Warehouse,GBR,167.0,25,377.27
INV003965,2024-02-25,P0289,Sydney Warehouse,GBR,47.0,50 units,241.69
INV000226,2023-12-27,P0274, Manila_DC,USA,32.0,20,744.08
INV006341,2024-07-24,P0156,Dallas DC,CHN,64.0,50,190.53
INV005331,2025-04-20,P0415,Singapore DC,EGY,76.0,20 ,1145.24
INV004764,2023-04-01,P0296,Dubai_DC,DEU,51.0,10,218.07
INV006851,2024-03-26,P0241,Dubai DC,USA,18.0,20 ,85.47
INV000150,2024-09-22,P0324,Sydney DC,FRA,10.0,25,
INV001718,2025-03-21,P0438,Dubai_DC,ARE,76.0,20 ,null
INV003115,2024-10-22,P0046,Sydney DC,KEN,52.0,25,1078.86
INV006235,"Aug 23, 2024",P0313,Frankfurt DC,BRA,17.0,50,1008.89
INV006433,2023-01-31,P0472, Singapore Warehouse,DEU,15.0,50 units,205.84
INV000550,2024-01-26,P0309,Frankfurt_DC,KOR,40.0,10,277.16
INV002677,2025-01-20,P0031,Singapore DC,USA,29.0,25,$366.93
INV007516,"Aug 29, 2023",P0133,Manila DC,CHL,22.0,20,23.07
INV000875,2025-04-20,P0164,N/A,ESP,17.0,10,433.13
INV000823,2023-05-01,P0153,Manila DC,ESP,98.0,10,$377.27
INV006440,2023-05-31,P0147, Manila_DC,JPN,53.0,50,769.31
INV001957,2024-04-25, P0274 ,Sydney DC,FRA,87.0,50 units,744.08
INV007034,2023-12-27,P0182,Singapore DC  ,AUT,137.0,10,$148.98
INV001384,01-26-2024,P0137,Sydney_DC,VNM,43.0,20,1095.34
INV005818,2024-07-24,P0436, Frankfurt DC,BRA,,20,383.56
INV004880,10-22-2024,P0267,Manila DC,GBR,21.0,,1423.61
INV002857,2024-10-22,P0308,Dallas DC,USA,37.0,,$654.35
INV003019,,P0413,Manila DC,USA,29.0,20,69.90
INV005858,2025-03-21,P0456,Dallas_DC,hkg,91.0,25,302.99
INV006946,"Aug 18, 2025",P0331,Dallas DC,PHL,2.0,20 ,647.08
INV006440,2023-05-31,P0147, Manila_DC,JPN,53.0,50,769.31
INV000724,2025-05-20,p0424,Sydney DC,GBR,23.0,NULL,295.04
INV004408,2025-04-20,P0182,FRANKFURT DC,NULL,160.0,50,148.98
INV006909,2023-11-27,P0412,SINGAPORE DC,POL,39.0,20 ,70.77
INV007817,2024-10-22,P0461,Manila DC,mex,80.0,20 ,163.23
INV002475,2024-05-25,P0444,Dallas DC,EGY,-25.0,20 ,86.60
INV000113,2023-01-01,P0271,Singapore DC,JPN,104.0,10,357.28
INV005910,2025-10-17,P0411,Dallas DC,ZAF,88.0,20 ,112.44
INV001445,11-27-2023,P0305,Dallas DC,POL,71.0,50 units,465.44
INV003412,2025-02-19,P0232,Dallas DC,JPN,32.0,10,$109.54
INV006149,2025-02-19,P0189,Dallas DC,CHN,30.0,50,N/A
INV004439,2025-06-19,P0240,Frankfurt DC,deu,101.0,25,$337.12
INV002137,"Mar 21, 2025",P0177,Sydney_DC,ESP,91.0,50,1340.72
INV005943,2025-07-19,P0400,NULL,CHN,21.0,25,476.94
INV001905,24/07/2024,P0138,Dallas DC,NULL,23.0,20 ,385.32
INV003510,27/11/2023,P0060,Singapore_DC,MEX,62.0,20,720.76
INV002983,,P0278,Frankfurt_DC,KEN,256.0,20,N/A
INV001669,03-02-2023,P0219,singapore dc,MAR,49.0,20 ,228.15
INV001502,2025-01-20,P0448,Singapore DC,USA,146.0,25,196.16
INV005223,2025-02-19,P0467, SINGAPORE DC,AUS,62.0,50 units,147.20
INV001168,2024-07-24,P0189,  Frankfurt DC ,NGA,86.0,25,118.94
INV004296,2025-06-19,P0195,Sydney DC,IRL,96.0,20 ,616.31
INV007061,2023-06-30,P0039,Singapore Warehouse,POL,67.0,10,$246.42
INV005936,"Feb 25, 2024",P0226,Sydney  DC,ARE,,50,98.71
INV006555,2023-06-30,P0002,Dallas DC,,60.0,25,N/A
INV004643,2024-08-23,P0341,Manila DC,DEU,42.0,20,159.67
INV007363,2023-08-29,P0306,Dubai DC,phl,148.0,20 ,282.77
INV000602,2023-05-31,P0057,Dallas DC,DNK,143.0,20 ,583.38
INV004746,2025-10-17,P0225,Manila DC  ,FRA,54.0,50,413.07
INV005643,"Feb 25, 2024",P0191,Manila DC,idn,92.0,50,54.17
INV002461,2023-07-30,P0421,MANILA DC,KEN,51.0,20 ,NULL
INV005475,2023-11-27,P0214,Sydney DC  ,MEX,33.0,20,353.01
INV005055,"Jan 01, 2023",P0181,Singapore DC,CHE,-2.0,10,448.40
INV006537,"Jan 31, 2023",P0401,Sydney DC,GBR,30.0,20,148.27
INV002681,19/07/2025,P0387,Dubai DC,COL,58.0,N/A,1508.16
INV000920,2024-04-25,P0024,Dallas DC,DEU,93.0,10,541.27
INV005464,2023/07/30,P9400,Sydney_DC  ,FRA,40.0,20,230.93
INV004830,12-27-2023,P0280,Frankfurt DC,USA,120.0,50 units,336.14
INV004638,"Jun 19, 2025",P0042,Manila DC,NOR,36.0,20 ,237.95
INV004135,06-24-2024,P0038,Dubai DC,SAU,101.0,25,$805.43
INV001374,2023-08-29,P0387,Dallas DC,CHE,49.0,20,1508.16
INV001349,2024-09-22,P0235,Frankfurt DC,DEU,58.0,25,162.49
INV002791,2025-10-17,P0149,Dallas DC,JPN,123.0,20 ,235.24
INV007237,26/01/2024,P0030,manila dc,SGP,96.0,25,155.94
INV001029,23/08/2024,P0173,Sydney_DC,ESP,113.0,10,$147.36
INV000443,2025-01-20,P0409,Dallas DC,NZL,46.0,20 ,701.25
INV003698,2025-09-17,P0251,Dallas DC,SAU,21.0,10,1041.74
INV007205,2024-08-23,P0084,,BRA,6.0,10,null
INV000552,2024-06-24,P0151,N/A,VNM,,25,569.23
INV003081,2023-10-28,P0329,Singapore Warehouse,CAN,19.0,25,361.49
INV006699,2023-12-27,P0341,Dubai DC,BRA,61.0,50 units,159.67
INV004878,2024-11-21,P0247,Manila DC,gbr,17.0,50,356.04
INV000892,2023-10-28,P0215,Frankfurt DC,SGP,58.0,50 units,1135.32
INV004424,2023-01-31,P0345,SYDNEY DC,USA,89.0,20,$223.23
INV000768,2023-10-28,P0420,Frankfurt DC,BRA,64.0,25,272.48
INV003486,22/09/2024,P0225,Singapore DC,ZAF,97.0,50 units,$413.07
INV003085,2025-01-20,P0231,Sydney DC,AUS,50.0,25,1464.89
INV001303,2023-03-02,P0101,Dallas DC  ,NGA,44.0,20 ,402.58
INV004156,2024-11-21,P0077,Frankfurt DC,ISR,106.0,10,$138.22
INV003160,2024/12/21,P0373,FRANKFURT DC,TUR,318.0,null,1196.41
INV004981,2023-08-29,P0057,Sydney DC  ,NULL,55.0,20 ,$583.38
INV003408,2025-09-17,P0167,Frankfurt DC,USA,45.0,50 units,690.29
INV007806,2023-01-01,P0021,Singapore DC  ,MEX,116.0,10,286.52
INV007529,25/02/2024,P0289,Sydney DC,IND,67.0,10,241.69
INV000941,2023-09-28, P0214 ,Singapore DC,POL,137.0,20 ,353.01
INV006160,2023-12-27, P0339 ,Manila DC,NULL,19.0,20 ,1349.99
INV001198,"Jan 26, 2024",P0148, Frankfurt DC,TWN,258.0,10,1458.45
INV005961,2023-08-29,P0136,Singapore DC,IND,57.0,20,124.40
INV006499,2023-01-01,P0135,FRANKFURT DC,COL,5.0,20 ,20.57
INV002577,2023-09-28,P0077,Dubai DC,usa,15.0,50,$138.22
INV004722,2023-12-27,P0030,Sydney DC,GBR,141.0,20,$155.94
INV003528,2024-12-21,P0035,Dubai DC,IND,54.0,25,153.63
INV006739,2025-02-19,P0312,Singapore DC,FRA,59.0,50,1807.34
INV002664,20/01/2025,P0124,frankfurt dc,AUT,45.0,50 units,$867.56
INV005583,2024-01-26,P0305, Frankfurt DC,BGD,30.0,50 units,465.44
INV002993,2023-07-30,P0194,Manila DC,MYS,118.0,50 units,292.89
INV006626,2025-04-20,P0080,Sydney_DC,AUT,37.0,25,$208.69
INV003001,06-24-2024,P0070,Sydney DC,ZAF,54.0,10,$250.81
INV005892,2023-08-29,P0060,Dallas DC,ZAF,144.0,20,720.76
INV003436,26/03/2024,P0347,Dallas DC,MYS,54.0,50,$405.34
INV006136,24/06/2024,P0192,Sydney DC, VNM,135.0,20,204.18
INV003751,2025-06-19,P0237,Dallas Warehouse,MYS,147.0,20 ,1085.44
INV007247,17/10/2025,P0196,Sydney_DC, USA,66.0,25,120.35
INV000067,2024-09-22,P0095,Sydney DC,AUT,74.0,20 ,1860.84
INV000396,04-25-2024,P0093,Singapore DC,IND,30.0,50,219.16
INV007797,2023-12-27,P0087,Singapore DC,deu,52.0,20 ,$573.99
INV004708,2024-06-24,P0191, Frankfurt DC,GBR,116.0,50,$54.17
INV007180,"Jul 24, 2024",P0281,NULL,PAK,64.0,10,421.79
INV000027,2023-08-29,P0237,Frankfurt Warehouse,CAN,-17.0,50 units,1085.44
INV003559,02/03/2023,P0255,Dallas DC,BGD,73.0,20,$359.56
INV002752,2025-03-21,P0447,Sydney Warehouse,USA,94.0,20,$358.93
INV007086,21/11/2024,P0392,Dubai DC,MAR,,,788.36
INV005001,2024-07-24,P0467,SINGAPORE DC  ,ISR,55.0,25,147.20
INV003960,25/04/2024,P0091,Singapore DC,BRA,58.0,50,85.53
INV000208,2023-01-31,P0061,Dallas Warehouse,USA,41.0,25,860.02
INV003033,2023-05-31,P0457,Singapore DC,PAK,-28.0,10,80.12
INV007001,2025-11-16,P0118,Dubai DC,NLD,129.0,25,169.30
INV002521,"May 01, 2023",P0371,MANILA DC,JPN,28.0,50 units,null
INV004320,2023-05-01,P0330,Dallas DC,MYS,78.0,10,203.65
INV001975,2025-01-20,P0101,Sydney_DC,BRA,71.0,10,402.58
INV000910,2024-09-22,P0037,DUBAI DC,SGP,39.0,25,235.52
INV000671,"Jun 30, 2023",P0309,Dubai DC,KOR,17.0,50 units,277.16
INV000741,2024-07-24,P0296,singapore dc,PAK,214.0,25,218.07
INV000870,22/09/2024,P0347,Dubai_DC,JPN,102.0,50,405.34
INV003308,2023-11-27,P0223,Dallas DC,NLD,101.0,20,291.25
INV006296,2023-12-27,P0251,DUBAI DC,hkg,181.0,20,1041.74
INV000336,2025-03-21,P0173,Dubai DC,USA,82.0,20 ,147.36
INV000767,2025-03-21,P0395,N/A,NOR,75.0,50,282.19
INV001725,2024-10-22,P0366,Frankfurt DC,ind,119.0,20,305.37
INV007348,2024-12-21,P0184,DALLAS DC,CHN,92.0,50 units,1643.13
INV005239,2025/10/17,P0321,Dubai DC,RUS,62.0,10,207.69
INV006340,2025-09-17,P0385,Sydney DC,FRA,85.0,10,310.64
INV006789,06-24-2024,P0365,null,CHN,29.0,20,98.50
INV005819,2024-07-24,P0111,Sydney DC,CHN,77.0,20,393.07
INV002058,30/06/2023,P0084,Dallas DC,MYS,91.0,25,1693.83
INV006920,2024-02-25,P0353,null,CAN,30.0,20 ,396.59
INV001370,2023-12-27,P0106,Singapore DC,DNK,127.0,50 units,140.18
INV002725,2024-04-25,P0093,Dallas DC,GRC,109.0,20,219.16
INV005823,20/01/2025,P0282,Singapore DC,IDN,110.0,50 units,363.15
INV002631,11-16-2025,P0438,DUBAI DC,USA,75.0,10,391.81
INV004431,2024-01-26,P0421,Dubai DC,ARE,40.0,10,95.44
INV000445,2023-05-31,P0343,Manila DC,CHN,81.0,10,368.11
INV004685,2023-08-29,P0073,  Dallas DC ,EGY,33.0,25,1017.01
INV005352,2023-08-29,P0331,Manila DC,UKR,22.0,50 units,
INV002324,2023-10-28,p0346,sydney dc,SAU,46.0,10,243.91
INV004236,2025-04-20,P0288,Frankfurt Warehouse  ,MYS,146.0,50,"$1,385.69"
INV007565,21/03/2025,P0394,  SINGAPORE DC ,IND,75.0,10,$96.35
INV004111,2024-12-21,P0112,singapore dc,AUS,123.0,25,239.40
INV002662,11-27-2023,P0435,Frankfurt DC,,23.0,50,780.15
INV006509,2024-08-23,P0393,Sydney_DC  ,PHL,48.0,50 units,822.49
INV000352,26/01/2024,P0071,DUBAI DC,RUS,18.0,,540.88
INV007203,"Oct 17, 2025",P0212,Manila DC,GBR,160.0,10,1044.35
INV007051,21/12/2024,P0290,Dubai DC,gha,74.0,10,571.76
INV002275,2024-04-25,P0062,Sydney DC,ITA,121.0,20,51.02
INV003648,2025-05-20,P0007,Sydney DC,MEX,21.0,50 units,NULL
INV001921,06-19-2025,p0307, Manila DC,EGY,43.0,20 ,754.66
INV001575,25/04/2024,P0157,Manila DC,MEX,47.0,10,428.62
INV003635,08-29-2023,P0232, Dubai DC,EGY,19.0,20 ,109.54
INV000854,2023-10-28,P0192,Dubai DC,NGA,6.0,10,204.18
INV003057,2023-11-27,P0473,Frankfurt DC,FRA,23.0,20 ,$846.99
INV002965,2025-07-19,P0339,frankfurt dc,IND,20.0,N/A,1349.99
INV002075,25/05/2024,P0274,DALLAS DC,AUT,90.0,20 ,744.08
INV006772,27/11/2023,P0312,Singapore DC,BRA,20.0,10,1807.34
INV007581,2023-06-30,P0372,Frankfurt DC,CHN,45.0,25,187.16
INV000238,2025-08-18,P0088,Dallas Warehouse,IND,11.0,10,313.77
INV005838,"Jan 26, 2024",P0454,Dubai DC  ,CAN,88.0,50,220.83
INV000811,2023-11-27,P9205,Dallas DC,THA,43.0,10,437.24
INV001262,2023-10-28,P0463,Dallas DC,GRC,57.0,20 ,1421.36
INV007080,2023-12-27,P0041,Singapore Warehouse,HKG,48.0,25,384.99
INV004785,,P0449,Frankfurt DC,ARE,14.0,20 ,"$1,342.38"
INV003467,"Oct 28, 2023",P0242,Dubai DC,CAN,81.0,50 units,31.06
INV005801,,p0105,,MYS,67.0,50,333.17
INV005215,2023-08-29,P0005,manila dc,THA,61.0,25,206.85
INV000568,2025-07-19, P0278 ,manila dc,deu,,25,237.33
INV000824,2023-12-27,P0089,Manila Warehouse, CAN,58.0,50 units,800.59
INV007082,06-30-2023,P0155,Singapore DC,phl,61.0,50,352.91
INV007226,19/07/2025,P9487,Frankfurt_DC,AUS,117.0,25,507.59
INV005909,"May 31, 2023",P0045,Manila DC,,37.0,50 units,499.98
INV000639,2025-04-20,P0473,NULL,KOR,86.0,20 ,846.99
INV003686,"Mar 02, 2023",P0349,Manila DC,UKR,46.0,50,"$1,417.16"
INV000842,2024-11-21,P0228,Sydney_DC,GBR,53.0,20,$143.79
INV001589,30/07/2023,P0278,  Frankfurt_DC ,MEX,31.0,50 units,NULL
INV001072,2023-08-29,P0214,Dallas DC,GRC,47.0,20,353.01
INV006381,2023-01-01,P0182,Sydney DC,MYS,55.0,25,148.98
INV000775,2023-12-27,P0208,Singapore DC,CAN,26.0,50 units,877.53
INV005187,2024-12-21,P0261,Singapore DC,POL,129.0,50 units,353.51
INV002417,2024-10-22,P0295,Frankfurt DC,IND,111.0,10,$946.64
INV003477,2024-08-23,P0389,SINGAPORE DC,FRA,392.0,20,$80.58
INV005008,2023-08-29,P0061,singapore dc,USA,10.0,20 ,860.02
INV002534,30/06/2023,P0336, DALLAS DC,ZAF,39.0,20,$180.18
INV001230,2025-08-18,P0243,Singapore DC,NGA,204.0,50,179.19
INV007749,2025-07-19,P0402,Sydney DC,ISR,97.0,25,223.17
INV003266,2023-03-02,P0033, Dallas DC,GBR,71.0,50 units,908.66
INV000499,2024-02-25,P0365,Dubai DC,BRA,80.0,50 units,98.50
INV002427,2024-07-24,P0023,Manila DC,BGD,38.0,20,806.82
INV007824,19/06/2025,P0220,Singapore DC,CHN,33.0,25,153.59
INV002296,2025-07-19,P0250,Dallas DC,EGY,206.0,50,460.88
INV007799,06-24-2024,P0186,Dubai DC,CHE,14.0,,N/A
INV000207,2025-09-17,P0277,Dallas DC,USA,90.0,25,1102.84
INV006115,2023-04-01,P0111, Manila DC,USA,26.0,50 units,393.07
INV004667,07-24-2024,P0415,Dallas DC,DEU,19.0,25,1145.24
INV000284,2025-11-16,p0187,Dallas DC,KEN,63.0,20 ,1292.73
INV005184,2025-08-18,P0443,dubai dc,KOR,31.0,10,275.54
INV006317,2023-03-02,P0251,FRANKFURT DC,ESP,33.0,50 units,"$1,041.74"
INV001386,17/10/2025,P0134,Frankfurt DC,ZAF,31.0,10,1526.45
INV006397,2023-09-28,P0129,Dallas DC,,108.0,10,191.69
INV005487,19/02/2025,P0224,Dubai DC,DEU,90.0,50 units,$141.71
INV000907,2023-05-31,P0399,Manila Warehouse,CAN,136.0,20,234.10
INV000533,2023-05-01,P0242,Dallas DC,IND,106.0,25,31.06
INV005638,2023-05-01,P0200,Singapore DC,USA,130.0,25,508.90
INV002022,27/11/2023,P0097,Dubai DC,SWE,86.0,50,$546.06
INV004303,20/04/2025,P0009,Dubai Warehouse,USA,36.0,20,1370.71
INV002735,02-25-2024,p0313, Singapore DC,IDN,90.0,50 units,1008.89
INV001776,2023-07-30,P0395,Dubai DC,KEN,38.0,20,$282.19
INV005977,11-21-2024,P0061,Sydney DC,IND,22.0,10,860.02
INV001667,08-23-2024,P0024,N/A,GBR,44.0,50 units,541.27
INV001011,2023-04-01,P0080,Singapore Warehouse,ESP,96.0,20,208.69
INV007260,2024-07-24,P0399,Dubai  DC,vnm,43.0,50 units,234.10
INV006594,04-25-2024,P0232,Dallas_DC,IDN,-14.0,20 ,$109.54
INV000380,2024-04-25,P0319,Manila DC,PAK,82.0,10,204.98
INV003941,2025-08-18,P0005,Sydney Warehouse,ESP,16.0,20 ,206.85
INV006759,2023-11-27,P0212,Dubai DC,NGA,66.0,,"$1,044.35"
INV004218,2025-06-19,P0085,Singapore Warehouse,CHN,65.0,20 ,781.85
INV004855,29/08/2023,P0385,MANILA DC,AUS,70.0,50 units,310.64
INV002984,2025-02-19,P0002,Singapore DC,GBR,64.0,50 units,$39.13
INV005689,24/07/2024,P0447,Singapore DC,CHN,116.0,25,358.93
INV007222,2025-01-20,P0008,Frankfurt DC,ARE,76.0,20 ,$998.45
INV000954,2025-01-20,P0333,Singapore DC  ,ITA,40.0,20 ,N/A
INV001103,03-21-2025,P0158,manila dc,VNM,,50,308.39
INV003777,2023-04-01,P0436, Dallas Warehouse,TWN,346.0,20,$383.56
INV004689,2025-01-20,P0196,Dallas DC,GBR,25.0,10,N/A
INV000346,2025-11-16,P0207,SYDNEY DC,fra,196.0,50 units,NULL
INV004313,2024-08-23,P0389,Manila DC,CHN,34.0,20,80.58
INV007830,28/10/2023,P0227,Manila DC,pol,128.0,25,$153.94
INV003968,01/01/2023,P0415,Dallas DC  ,CAN,39.0,20 ,1145.24
INV006788,2025-09-17,P0157,Manila DC,DEU,26.0,50 units,428.62
INV001678,2025-07-19,P0107,Dallas DC  ,usa,127.0,50,353.21
INV006019,07-30-2023,P0156,Sydney DC,gbr,64.0,20 ,$190.53
INV005687,"Jun 24, 2024",P0266,Frankfurt DC,KEN,25.0,25,382.81
INV005611,"Apr 25, 2024",P0407,Singapore DC,zaf,181.0,25,500.30
INV007274,2025-02-19,P0175,Manila DC,USA,57.0,10,297.28
INV004238,12-21-2024,P0397,manila dc,TUR,34.0,10,314.52
INV004290,2025-07-19,P0232,Dubai DC,ITA,14.0,50,$109.54
INV005800,2023-11-27,P0193,Sydney Warehouse, JPN,362.0,50,442.33
INV001999,2025-07-19,P0298,Frankfurt DC  ,PHL,105.0,20 ,132.31
INV002236,07-24-2024,P9832,Dallas DC,BGD,71.0,25,
INV004454,2023-05-31,P0116,Dallas DC,bra,141.0,10,170.55
INV003790,04-01-2023,P0357,Dubai_DC,CHN,66.0,20,252.01
INV001340,2023-04-01,P0472,Frankfurt Warehouse,NOR,123.0,20,205.84
INV005850,2023-11-27,p0144,Frankfurt DC, DNK,,25,823.61
INV003563,2023-05-31,P0399,Dallas DC, CHN,77.0,10,234.10
INV006669,2024-01-26,P0472,Dubai DC,JPN,23.0,20 ,205.84
INV003992,2023-05-31,P0049,Dallas DC,CHN,48.0,20 ,554.43
INV000413,2024-06-24,P0059,Frankfurt DC,DEU,86.0,20 ,$216.45
INV007697,2024-12-21,P0317,Manila Warehouse,IRL,75.0,50,1558.47
INV007579,2024-01-26,P0312,FRANKFURT DC,VNM,172.0,50,1807.34
INV006633,2023-01-31,P0015,Frankfurt Warehouse,GBR,46.0,20 ,299.01
INV005363,2025-04-20,P0230,Singapore DC, SGP,98.0,50,537.83
INV000751,20/05/2025,P0347,Frankfurt DC,PHL,52.0,50 units,405.34
INV003537,"Mar 21, 2025",P0280,Dallas DC,ESP,103.0,50 units,$336.14
INV007330,2024-02-25,P0307,Sydney DC,MAR,4.0,50 units,754.66
INV005577,2023-09-28,P0284,Sydney DC,ZAF,35.0,10,1835.64
INV007232,2024/11/21,P0170,Dubai DC,AUS,11.0,50 units,$333.68
INV005123,18/08/2025,P0345, Singapore DC,DNK,,25,$223.23
INV002828,01/01/2023,P0352, Dubai Warehouse,BRA,110.0,50,176.94
INV002581,2025-02-19,P0078,Manila DC,PRT,174.0,10,338.99
INV002174,2023-03-02,P0153,Dubai Warehouse,AUS,33.0,25,377.27
INV000952,2023-05-31,P0386,Dallas DC,GBR,33.0,25,$639.66
INV004819,09-28-2023,P0166,Sydney DC,CHN,67.0,25,1551.16
INV004426,2023-12-27,P0228,Frankfurt DC,ESP,79.0,25,143.79
INV004345,"Mar 21, 2025",P0176,Dubai_DC,VNM,131.0,50,$374.00
INV005928,2025-11-16,P0071,Manila DC,MEX,-24.0,25,540.88
INV003730,,P0469,singapore dc,JPN,,10,811.02
INV003814,2024-07-24,P0381,Dubai DC,IND,1.0,10,554.55
INV001157,2023-08-29,P0381,Dubai DC,phl,-22.0,25,554.55
INV000198,2023-10-28,P0212,Singapore DC,BRA,,50,1044.35
INV006705,29/08/2023,P0402,Dubai DC,USA,25.0,50,$223.17
INV004013,22/09/2024,P0253,DALLAS DC,CAN,117.0,10,125.30
INV002211,2025-01-20,P0326,Manila DC,VNM,110.0,20 ,895.97
INV000662,26/03/2024,P0171,Frankfurt DC,USA,47.0,50,683.25
INV002767,2024-06-24,P0393,Manila DC,USA,54.0,25,822.49
INV000793,2023-08-29,P0375, Frankfurt DC,AUT,27.0,20,253.01
INV006621,2024-01-26,P0081,,NLD,65.0,50,null
INV003601,2025-06-19,P0444,Manila DC,AUS,72.0,50 units,86.60
INV000832,2024-05-25,P0347,Manila DC,ZAF,58.0,20 ,405.34
INV000621,2025-04-20,P0169,frankfurt dc,FRA,35.0,NULL,888.63
INV006445,2025-07-19,P0029,Singapore DC,USA,62.0,20,504.26
INV002926,2023-03-02,P0428,Manila DC,USA,23.0,50,830.75
INV001737,2025-07-19,P0465,Dallas DC  ,EGY,39.0,10,70.39
INV006034,2023-11-27,P0024,Sydney Warehouse,ARE,31.0,50 units,$541.27
INV007015,31/05/2023,P0326,manila dc,BRA,69.0,20,895.97
INV005288,2025-09-17,P0461,singapore dc,USA,90.0,25,$163.23
INV002136,2023-05-01,P0396,Frankfurt DC,USA,27.0,10,65.57
INV006457,2023-08-29,P0408,Dallas DC,ESP,28.0,20 ,753.00
INV002668,28/10/2023,P0414,  Frankfurt Warehouse ,IND,52.0,20 ,313.48
INV003314,2025-02-19,P0389,Manila Warehouse,CHN,,20 ,80.58
INV006101,21/11/2024,P0056,  Dubai DC ,MYS,85.0,10,529.55
INV000167,2025-07-19,P0193,singapore dc,ISR,33.0,50,442.33
INV005593,2023-06-30,P0211,  Dubai DC ,CAN,60.0,25,411.76
INV000224,2025/06/19,P0051,Dallas DC,USA,34.0,20 ,154.89
INV004012,04-01-2023,P0455,DUBAI DC, ARE,83.0,25,491.96
INV004820,2025-11-16,P0352,Dubai DC,,103.0,10,176.94
INV006422,2023-01-31,P0329,Singapore DC,CHN,114.0,20 ,null
INV002349,11-21-2024,P0171,Manila  DC,TWN,55.0,20 ,$683.25
INV001579,19/06/2025,P0350,singapore dc,esp,4.0,20,153.70
INV001576,2023-12-27,P0104,Dubai DC,VNM,57.0,25,1095.97
INV007621,2024-01-26,P0187,Dallas DC,MYS,21.0,,1292.73
INV003507,2025-07-19,P0344,  Dallas DC ,BRA,71.0,20,332.94
INV003326,2024-03-26,P0460,Manila DC, USA,51.0,50,29.99
INV000853,17/10/2025,P0096,Sydney DC,CHN,67.0,50 units,70.56
INV001876,2024-01-26,P0175,  FRANKFURT DC ,GBR,41.0,20,297.28
INV001987,2023-11-27,P0318,Frankfurt Warehouse,BGD,113.0,10,N/A
INV001735,08-23-2024,P0113,Singapore DC  ,MEX,55.0,25,$413.87
INV005967,2023-10-28,P0313,Sydney DC,USA,11.0,10,"$1,008.89"
INV000179,2023-06-30,P0055, Dallas DC,IND,51.0,10,1169.71
INV001435,2025-02-19,P0377,Dallas DC,FRA,26.0,20 ,212.18
INV001971,2025-01-20,P0001,Dubai DC,IDN,78.0,10,198.33
INV007772,2023-11-27,P0056,Manila DC,HKG,84.0,50 units,529.55
INV002149,03-21-2025,P0283,Manila DC  ,CAN,121.0,20,409.25
INV000868,2023-08-29,P0184,Singapore DC,USA,25.0,50,1643.13
INV004682,2023-11-27,P0232,Sydney  DC,CHL,78.0,20 ,109.54
INV000536,2023/04/01,P0450,DUBAI DC  ,FRA,16.0,50,184.31
INV000556,2025-09-17,P0322,Singapore DC,ITA,48.0,25,$109.08
INV001390,2023-06-30,P0043,sydney dc,USA,43.0,20 ,$226.16
INV006128,2023-01-31,P0265,Sydney DC,NZL,98.0,50 units,"$1,015.41"
INV000513,21/11/2024,P0472,Dallas DC,usa,25.0,20 ,205.84
INV004824,2024-02-25,P0368,Sydney DC,MEX,154.0,20,$523.59
INV005098,2023-05-01,P0261,Sydney DC,CHN,,50 units,353.51
INV004683,2024-04-25,p0074,FRANKFURT DC,USA,,50,393.85
INV005771,"Apr 01, 2023",P0368,Manila DC,GRC,163.0,NULL,null
INV005289,01-26-2024,P0406,Manila DC,RUS,29.0,10,224.75
INV003711,2023-09-28,P0471,Dubai DC,HKG,8.0,20,124.22
INV003713,24/06/2024,P0042,Dubai DC,JPN,118.0,20,237.95
INV003034,2025-07-19,P0480,Dubai_DC,USA,134.0,25,435.01
INV004938,2023-01-31,P0407,Frankfurt DC  ,POL,,20 ,500.30
INV001507,2024-02-25,P0065,Dallas_DC,MEX,62.0,25,275.70
INV005348,11-27-2023,P0292,Frankfurt Warehouse,USA,65.0,25,249.83
INV007045,2024-02-25,P0312,Frankfurt DC,POL,74.0,50,1807.34
INV002766,28/10/2023,P0169,Frankfurt_DC,,182.0,50 units,$888.63
INV007406,2023-08-29,P0023,Singapore DC,GRC,109.0,20,806.82
INV004277,2023-05-01,P0285,Frankfurt Warehouse  ,COL,62.0,25,93.53
INV000433,2023-07-30,P0019,Dubai DC,USA,104.0,10,961.87
INV005775,"Dec 27, 2023",P0019,Manila  DC,GBR,159.0,10,null
INV002473,28/09/2023,P0361,DUBAI DC,aus,51.0,10,192.49
INV003353,2025-04-20,P0181,Sydney DC,ukr,,50 units,448.40
INV004474,2023-01-01,P0075,Dallas DC,CHN,-5.0,10,182.37
INV007104,2025-08-18,P0362,Sydney DC  ,GBR,87.0,50,$469.11
INV005333,2023-11-27,P0010,Singapore DC,ESP,181.0,20 ,362.45
INV004432,2025-05-20,P0398,Manila DC,POL,25.0,10,378.76
INV003288,2023-01-31,P0327,Manila DC,DEU,210.0,N/A,124.47
INV000505,21/11/2024,P0146,frankfurt dc,USA,78.0,50 units,321.68
INV005954,01/01/2023,P0354,Manila DC,GHA,52.0,20,439.66
INV004467,2023-11-27,P0441,Sydney DC,KEN,36.0,20,$717.68
INV006151,2025-06-19,P0047,Singapore DC, USA,143.0,10,453.19
INV007481,2024-10-22,P0019,Manila DC,esp,257.0,20,961.87
INV000259,2023-05-31,P0200,singapore dc,GRC,73.0,20,508.90
INV001775,2024-06-24,P0174,Singapore DC  ,DNK,28.0,20,$215.95
INV001843,01/01/2023,P0081,Manila_DC,CHN,25.0,50 units,962.72
INV003094,2024-08-23,P0465,Dubai DC,ESP,92.0,20,70.39
INV006124,09-28-2023,P0101,  Manila DC ,bra,81.0,50,402.58
INV005289,01-26-2024,P0406,Manila DC,RUS,29.0,10,224.75
INV002788,20/05/2025,P0057,Frankfurt DC,ZAF,,50,583.38
INV000175,2024-03-26,P0415,Frankfurt DC,JPN,52.0,50 units,1145.24
INV007115,2024-04-25,P0269,Frankfurt DC,SAU,94.0,25,394.90
INV003874,2024-12-21,P0206,Singapore DC,AUS,169.0,20 ,281.59
INV007010,31/05/2023,P0301,Frankfurt DC,GRC,284.0,10,327.68
INV007409,2024-06-24,P0378,Singapore DC,esp,72.0,50 units,119.14
INV000789,2024-05-25,P0429,Manila DC,GBR,20.0,10,494.45
INV001203,2025-06-19, P0067 ,Sydney_DC,FRA,33.0,50 units,468.83
INV004920,2025-01-20, P0429 ,MANILA DC  ,NZL,29.0,50 units,494.45
INV000580,2025/05/20,P0172,Dubai Warehouse,deu,33.0,10,1137.31
INV003856,2025-10-17,P0106,SINGAPORE DC,CAN,,50,140.18
INV001570,08-23-2024,P0125,Dallas DC,MYS,7.0,50,275.50
INV007756,2023-06-30,P0091,dubai dc,EGY,76.0,50 units,85.53
INV002616,2023-03-02,P0174,Dallas_DC, MYS,38.0,10,215.95
INV001808,2023-08-29,p0171,Manila DC,IDN,120.0,20 ,683.25
INV002789,2025-09-17,P0104,Frankfurt DC,MYS,91.0,50 units,1095.97
INV002209,2024/01/26,P0325,Frankfurt Warehouse,DEU,73.0,25,64.79
INV003362,2024-07-24,P0172,Sydney DC,BRA,30.0,25,1137.31
INV007074,2025-09-17,P0114,Dallas DC,bra,113.0,25,1572.30
INV005450,04-25-2024,p0088,Dallas_DC  ,NULL,37.0,50 units,313.77
INV003139,01/05/2023,P0404,Dallas DC,POL,8.0,25,"$1,036.52"
INV003600,2025-04-20,P0136,Dallas DC,KOR,72.0,10,124.40
INV000220,2024-06-24,P0203,Sydney DC,PHL,65.0,50 units,"$1,175.51"
INV003433,2024-03-26,P0358,Manila DC  ,bgd,84.0,25,$362.65
INV000528,,P0293,Dallas DC,,-16.0,10,1874.55
INV004627,2023-09-28,P0368,Dubai DC,,39.0,10,523.59
INV002665,"Aug 23, 2024",P0014,Singapore DC,ITA,46.0,20,331.38
INV006334,17/10/2025,P0238,Dubai DC,GBR,166.0,25,161.79
INV005492,2025-11-16,P0015,Sydney DC,CAN,122.0,25,299.01
INV000953,2025-08-18,P0038,Sydney DC,PAK,56.0,20 ,805.43
INV006227,2024-03-26,P0383,DUBAI DC,HKG,63.0,20,1881.86
INV004405,2025-06-19,P0083,dallas dc,EGY,21.0,50 units,439.01
INV006068,06-30-2023,P0178,Manila_DC,MYS,102.0,50 units,940.91
INV000374,2023-07-30,P0068,DALLAS DC,jpn,64.0,50,362.47
INV005262,2023-07-30,P0046,Frankfurt  DC,USA,15.0,NULL,1078.86
INV003581,2023-09-28,P0320,Manila_DC,ESP,405.0,50,355.65
INV001904,2025-06-19,P0029,Sydney_DC,SGP,190.0,10,504.26
INV000174,2023-12-27,P0474,Manila_DC,USA,49.0,25,184.38
INV004904,06-24-2024,P0184,MANILA DC,ESP,32.0,50 units,1643.13
INV005912,2024-12-21,P0361,Manila DC,SAU,209.0,20 ,192.49
INV001467,2023-01-01,P0046, Singapore DC,DNK,58.0,25,1078.86
INV003881,26/01/2024,P0130,Dallas_DC,AUS,96.0,50,833.76
INV001069,2023-05-31,P0179,Singapore DC,FRA,98.0,25,52.95
INV004776,2024-11-21,P0341, Dallas DC,VNM,29.0,25,159.67
INV002968,2023-10-28,p0460,Dubai Warehouse  ,usa,70.0,20 ,$29.99
INV006414,2023-09-28,P0302,Dallas DC,THA,51.0,10,242.70
INV003650,2025-04-20,P0367,dallas dc,CHL,48.0,50 units,160.24
INV002114,07-24-2024,P0370,Manila DC,ARE,85.0,10,$286.28
INV001854,2023-04-01,P0280,Manila DC,USA,56.0,10,336.14
INV004986,2024-06-24,P0283,Manila DC,USA,89.0,20 ,409.25
INV006311,08-23-2024,P0333,singapore dc, USA,86.0,25,588.69
INV000215,2023-03-02,P0145,Sydney  DC,FRA,113.0,20 ,290.68
INV001954,2023-05-31,P0458,Frankfurt DC,idn,40.0,20,$482.57
INV006990,2024-09-22,P0269,,HKG,197.0,20 ,394.90
INV001057,2025-07-19,P0124,Manila DC,ARE,4.0,25,867.56
INV007465,2025-03-21,P0249,Manila DC,,-19.0,50 units,58.66
INV003441,2024-04-25,P0420,Dubai DC,SGP,27.0,20 ,272.48
INV002688,2025-02-19,P0033,SYDNEY DC,CHN,45.0,25,$908.66
INV000677,27/11/2023,P0166,,CAN,27.0,20 ,1551.16
INV004216,2025-05-20,P0360,Sydney Warehouse,USA,33.0,50 units,1572.12
INV002358,2025-05-20,P0432,Dubai DC,SWE,-24.0,10,NULL
INV007475,2023-01-31,P0106,Dallas DC,TUR,101.0,20 ,140.18
INV006756,2023-01-01,P0234,MANILA DC,JPN,71.0,25,819.95
INV003206,2023-04-01,P0303,,CAN,29.0,25,614.16
INV004035,2025-03-21,P0048,FRANKFURT  DC,FRA,23.0,50,605.53
INV003532,22/10/2024,P0300,Dubai DC  ,ARG,43.0,50 units,242.73
INV000736,2023-07-30,P0078,Singapore DC,TWN,23.0,10,338.99
INV007586,"Jun 24, 2024", P0169 ,Dallas DC,JPN,134.0,25,$888.63
INV006507,2025-08-18,P0367,Manila DC,CHN,115.0,20,160.24
INV004306,21/03/2025,P0288,Dallas DC,NLD,82.0,,
INV007209,2024-03-26,P0373,frankfurt dc,AUT,30.0,20,1196.41
INV003437,03-21-2025,P0394, SYDNEY DC,ARE,219.0,50,96.35
INV000726,02-25-2024,P0352,Frankfurt_DC,,33.0,10,176.94
INV000106,2023-12-27,P0237,NULL,IND,41.0,50 units,1085.44
INV006556,2023-09-28,P0115,FRANKFURT DC,HKG,24.0,20 ,"$1,730.87"
INV006134,09-28-2023,P0410,Dubai DC,ITA,9.0,20,475.18
INV007272,2023-10-28,P0203,Dallas DC,PAK,88.0,20,1175.51
INV000655,2024-05-25,P0028,Dubai DC,POL,98.0,50,1533.09
INV006318,2025-06-19,P0169,Dubai DC,CAN,45.0,20,888.63
INV000410,2025-01-20, P0333 ,Frankfurt Warehouse  ,USA,,20,588.69
INV002992,2025-11-16,P0284,Frankfurt Warehouse,SWE,212.0,50,1835.64
INV007144,2023-09-28,P0046,FRANKFURT DC,USA,243.0,25,1078.86
INV000081,2025-01-20,P0303,Frankfurt DC,IRL,5.0,20,$614.16
INV003513,30/06/2023,P0003,Dallas DC,AUS,58.0,10,$517.78
INV007627,06-19-2025,P0311,Dallas DC,deu,53.0,50 units,556.63
INV003863,2023-01-31,P0460,SINGAPORE DC,ARE,42.0,10,29.99
INV007027,10-22-2024,P0139,frankfurt dc,HKG,106.0,25,383.11
INV006819,02/03/2023,P0300,Singapore DC, USA,122.0,10,null
INV001906,2023-12-27,P0294,Manila DC,TWN,24.0,50 units,290.11
INV005510,01/05/2023,P0210,Dallas Warehouse  , IND,82.0,20 ,166.60
INV001056,2023-01-01,P0252,Manila DC,USA,36.0,50,NULL
INV007112,2023-05-31,P0028,Dubai DC,POL,63.0,25,1533.09
INV000946,"Jun 19, 2025",P0164,Dubai_DC,NLD,59.0,50 units,433.13
INV000595,2023-04-01,P0144,Singapore DC,NULL,63.0,20,823.61
INV007527,2024-09-22,P0156,Sydney Warehouse,AUS,31.0,20 ,190.53
INV002314,2023-10-28,P0040,Dubai Warehouse,ARE,217.0,50 units,"$1,140.69"
INV007132,2024-01-26,P0230,Frankfurt DC,DEU,160.0,20 ,537.83
INV002673,2025-02-19,P0118,Dubai DC,ESP,33.0,20,$169.30
INV002690,2023-04-01, P0248 ,Frankfurt  DC,PRT,323.0,10,75.05
INV000649,2023-11-27,P0057,Dubai DC  ,,156.0,20 ,583.38
INV004576,2023-05-31,P0290,Sydney DC,,26.0,50,571.76
INV001666,2024-07-24,P0408, Frankfurt DC,GBR,58.0,50,753.00
INV004384,2025-02-19,P0211,Manila_DC,gbr,47.0,20,411.76
INV005519,31/01/2023,P0107,Manila DC,VNM,110.0,10,$353.21
INV000866,2024-09-22,P0110,Sydney DC,BGD,164.0,25,600.07
INV007596,2025-11-16,P0253,null,CAN,74.0,N/A,125.30
INV004020,2024-08-23, P0226 ,manila dc,ESP,133.0,25,98.71
INV003680,12-27-2023,p0145,Dallas DC, MYS,63.0,10,null
INV006918,2023-10-28,P0167,Singapore Warehouse, CHN,104.0,20,690.29
INV002234,2023-03-02,P0268,Dubai DC,CHE,29.0,20 ,489.43
INV000210,2023-09-28,P0291,singapore dc,BRA,142.0,50 units,$42.01
INV003887,2025/09/17,P0035,  Dallas DC ,JPN,76.0,10,$153.63
INV003671,2025-10-17,P0278,singapore dc,ind,35.0,10,237.33
INV003235,2023-05-31,P0412,Dubai Warehouse,CAN,404.0,20 ,$70.77
INV002753,2023-07-30,P0343,Manila DC,FRA,94.0,25,$368.11
INV003458,2024-04-25,P0019,singapore dc,THA,92.0,10,961.87
INV006263,2023/05/01,p0105,Singapore DC,DEU,52.0,10,333.17
INV005394,"Dec 21, 2024",P0178,Dubai DC,SAU,20.0,10,940.91
INV004176,01/05/2023,P0192,FRANKFURT DC,MEX,75.0,50 units,204.18
INV005023,2024/08/23,P0350,Dallas  DC,nld,103.0,10,153.70
INV001623,2023-05-01,P0051,Singapore Warehouse,ITA,154.0,10,$154.89
INV005121,2025-11-16,P0239,Singapore DC, IND,45.0,20 ,"$1,152.66"
INV007628,2023-07-30,p0109,Frankfurt DC,ARG,129.0,20,$878.89
INV006275,2024-03-26,P0200,sydney dc,IND,54.0,20 ,508.90
INV003418,2024-12-21,P0291,Frankfurt DC,bgd,13.0,20 ,42.01
INV001394,2024-10-22,P0261,FRANKFURT DC,CAN,60.0,50,$353.51
INV004865,2025-01-20,P0361,Manila_DC,ARE,74.0,20,192.49
INV005376,23/08/2024,P0356,Dubai Warehouse,bgd,261.0,10,437.24
INV001177,2025-01-20,P0154,manila dc,HKG,78.0,null,1402.93
INV000124,20/05/2025,P0437,Frankfurt_DC,CHN,77.0,50 units,$121.14
INV005177,2023-05-31,P0442,Dubai Warehouse,KEN,80.0,50,186.37
INV003959,2024-01-26,P0114,Frankfurt DC,DEU,37.0,25,1572.30
INV003735,19/02/2025,P0155,Dubai DC,bra,13.0,10,352.91
INV004046,2025-09-17,P0034,Sydney DC,MEX,77.0,20 ,84.58
INV007035,"Mar 02, 2023",P0215,Dallas DC,CAN,13.0,25,1135.32
INV003490,28/10/2023,P0471,  Sydney DC ,CAN,27.0,25,124.22
INV006259,2023-05-01,P0338,Dubai DC,USA,49.0,20,1282.83
INV002121,2024-01-26,P0351,Dubai DC  ,ITA,68.0,25,343.53
INV003022,2024-02-25,P0144,Singapore DC,deu,51.0,25,$823.61
INV006825,2023/11/27,P0068,dallas dc,mex,27.0,,362.47
INV001224,2023-01-01,P0109,Dubai DC,JPN,20.0,50,878.89
INV000795,05-31-2023,P0293,Dubai DC, SAU,61.0,10,1874.55
INV007105,"Jan 20, 2025",P0063,Dallas DC,ARE,48.0,50,660.25
INV006871,2023-05-31,P0341,Dubai DC,HKG,79.0,25,159.67
INV004282,2025-09-17,P0041,Singapore DC,PRT,74.0,20 ,384.99
INV002077,"Jul 19, 2025",P0045,Singapore DC,USA,83.0,20 ,499.98
INV001496,2023-09-28,P0002,Frankfurt DC,USA,162.0,50 units,39.13
INV003634,2024-02-25,P0112,Manila Warehouse  ,CHN,115.0,20,NULL
INV001045,20/04/2025,P0001,Manila DC,GBR,43.0,10,198.33
INV001422,2025-08-18,P0028,MANILA DC,JPN,143.0,50 units,1533.09
INV005831,2023-05-01,P0057,Sydney DC,KOR,49.0,50,583.38
INV006004,2023-05-01,p0191,Singapore DC,,112.0,50 units,54.17
INV001086,2024-11-21,P0242,Frankfurt Warehouse,SAU,116.0,10,31.06
INV006601,2025-02-19,P0005,Singapore DC,swe,62.0,50,206.85
INV004954,2024-11-21,P0200,Manila DC,PAK,51.0,25,508.90
INV007609,2023-11-27,P0271,Manila DC,,35.0,20,$357.28
INV006033,2025-10-17,P0064,dubai dc,NGA,65.0,50 units,$287.78
INV001226,2025-01-20,P0212,Frankfurt_DC,IND,107.0,20,1044.35
INV006220,01/01/2023,P0453,Frankfurt DC,POL,54.0,10,1512.26
INV003261,2025-06-19,P0306,Dubai Warehouse,USA,105.0,20 ,$282.77
INV004962,2025-07-19,P0359,Dubai DC,AUT,202.0,50 units,$88.54
INV001005,2023-10-28,P0088,dallas dc,BRA,218.0,25,313.77
INV005202,2023-12-27,P0089,singapore dc  ,BRA,60.0,20,$800.59
INV000416,2023-05-01,P0461,DUBAI DC,DEU,171.0,null,163.23
INV003173,"Sep 17, 2025",P0329,Sydney DC,MAR,38.0,25,$361.49
INV005186,2024-10-22,P0073,Sydney DC,zaf,135.0,50 units,1017.01
INV004177,2025-08-18,P0349,Manila DC,CHN,91.0,50 units,1417.16
INV001636,2024-05-25, P0053 ,  Manila DC ,PRT,57.0,20 ,71.16
INV006450,2023-05-01,P0077, singapore dc,CHN,213.0,20,138.22
INV007220,2023-01-01, P0314 ,Manila DC,ESP,24.0,10,183.07
INV000268,2025-11-16,P0419,Singapore DC,POL,144.0,10,"$1,142.25"
INV006865,2023-05-01,P0176,  sydney dc ,JPN,35.0,50 units,374.00
INV005178,2025-01-20,P0393,Singapore DC,GBR,16.0,25,$822.49
INV003114,2024-02-25,P0373,Manila_DC,ITA,118.0,10,1196.41
INV007150,20/05/2025,P0041,,KOR,34.0,50,384.99
INV006049,07-24-2024,P0360,Dubai DC,usa,359.0,50 units,1572.12
INV006527,2025-01-20,P0020,,GHA,101.0,20 ,264.27
INV007598,2023-11-27,P0072,Dallas DC,fra,69.0,20 ,$63.48
INV001423,2025-04-20,P0190,Manila DC,FRA,,10,492.51
INV007085,2024-09-22,P0251,Dubai DC,USA,177.0,20 ,1041.74
INV007208,2024/02/25,P0104,Dubai DC  ,THA,101.0,50,1095.97
INV005301,"Jan 20, 2025",P0034,Frankfurt DC,NZL,48.0,25,null
INV000244,05-01-2023,P0073,Singapore Warehouse,POL,95.0,10,1017.01
INV005230,"Dec 21, 2024",P0312,Manila Warehouse,MYS,,50 units,"$1,807.34"
INV002216,2023-07-30,P0394,FRANKFURT DC  ,USA,6.0,25,96.35
INV003620,2023-10-28,P0254,Dallas Warehouse,PHL,71.0,20 ,302.07
INV000452,2024-07-24,P0373,Manila DC  ,BGD,35.0,20 ,"$1,196.41"
INV007399,28/09/2023,P0176,Singapore DC,IND,31.0,10,374.00
INV001022,2024/04/25,P0317,Sydney  DC,MEX,63.0,50,1558.47
INV000711,2025-06-19,P0400,Dubai DC,BRA,44.0,50,476.94
INV006300,09-17-2025,P0446,Manila DC  ,ITA,21.0,50 units,106.11
INV005707,2023-12-27,P0227, Sydney DC,PHL,106.0,20 ,153.94
INV000280,2025-02-19,P0268,Manila DC,IND,11.0,20,489.43
INV004075,2024/05/25,P0328,Singapore_DC,POL,69.0,20 ,152.54
INV000428,2025-07-19,P0361, Frankfurt DC,ita,100.0,,192.49
INV006486,2025-07-19,P0027,Sydney DC,AUT,66.0,25,46.93
INV006155,2023-11-27,P0321,Sydney DC,CHN,180.0,20,$207.69
INV005557,2025-04-20,P0184,Dallas DC  ,usa,63.0,20,1643.13
INV007722,2024/04/25,P0211,Dallas DC,BGD,30.0,10,411.76
INV000833,2024-01-26,P0296,Dubai DC,NZL,86.0,20 ,218.07
INV006216,2024-12-21,P0204,Frankfurt  DC,COL,15.0,25,$690.23
INV000171,21/12/2024,P0148, Singapore DC,IRL,58.0,25,1458.45
INV003946,2023-06-30,P0320,Manila DC,HKG,106.0,20 ,355.65
INV004744,20/05/2025,P0249,Frankfurt DC,PHL,227.0,20 ,$58.66
INV002722,2023-03-02,P0374,Manila DC,PAK,102.0,20,1275.24
INV001438,21/03/2025,P0468,  Frankfurt DC ,CHN,67.0,20 ,182.15
INV007124,2023-08-29,P0143, Dallas DC,chn,79.0,10,1273.62
INV004802,2024/02/25,P0363,Sydney DC,USA,17.0,50 units,620.30
INV006525,2023-05-31,P0199,Manila DC  ,ITA,26.0,50 units,210.86
INV002005,2025-03-21,P0363,Dubai DC,IND,61.0,25,620.30
INV000783,2023-04-01,P0286,Dubai DC,IDN,,,238.90
INV001877,2024-11-21,P0388,  sydney dc ,FRA,175.0,50 units,70.63
INV003491,2025-03-21,P0112,Manila DC,GBR,304.0,10,239.40
INV004106,2025-01-20,P0084,Singapore DC  ,NULL,126.0,20 ,1693.83
INV000249,2023-06-30,P0304,,GBR,67.0,25,888.37
INV004527,2024-04-25,P0162,NULL,,-18.0,10,1169.94
INV004025,07-24-2024,P0315,  dubai dc ,NOR,91.0,10,$684.48
INV006280,2025-05-20,P0476,Dallas_DC,USA,36.0,50 units,1318.12
INV005083,2023-11-27,P0086,  frankfurt dc ,NLD,95.0,50,772.42
INV003656,2024-06-24,P0347,Frankfurt DC,COL,51.0,50 units,405.34
INV007011,2024-09-22,P0211,Sydney  Warehouse,DEU,43.0,20,411.76
INV000163,2025-11-16,P0201,SINGAPORE DC,EGY,16.0,20,805.03
INV002539,07-24-2024,P0339,  Dallas DC ,usa,109.0,50 units,"$1,349.99"
INV007189,01-26-2024,P0329,Sydney DC,GRC,95.0,50,361.49
INV002989,23/08/2024,P0050,Sydney DC,EGY,27.0,25,130.96
INV004346,2025-06-19,P0247,FRANKFURT DC,ESP,30.0,null,356.04
INV001202,10-22-2024,P0423,Singapore DC,DEU,33.0,25,235.59
INV004846,2025-03-21,P0008,Dallas DC,POL,117.0,50 units,998.45
INV006241,2024-10-22,P0339,FRANKFURT DC,PHL,137.0,50 units,1349.99
INV003414,01-26-2024,P0051,Sydney DC,IDN,73.0,50 units,$154.89
INV004760,,P0161,Dubai DC,FRA,20.0,50 units,651.95
INV006645,2023/10/28,P0321,manila dc,CHN,18.0,25,207.69
INV006388,2025-06-19,P0444,Dubai DC,BRA,24.0,20 ,86.60
INV002712,2025-01-20,P0365,Sydney DC,USA,62.0,20,98.50
INV003819,2024-02-25,P0181,Manila DC, HKG,78.0,50,448.40
INV006283,2024-07-24,P0351,singapore dc,USA,56.0,10,343.53
INV001076,2023-06-30,P0025,Singapore_DC,SWE,104.0,20,$369.52
INV005058,"Jul 19, 2025",P0361,Manila DC  ,ESP,50.0,25,192.49
INV002142,2025-02-19,P0029,Manila DC,FRA,111.0,20,504.26
INV003639,2025-08-18,p0430,Sydney DC, JPN,-9.0,10,138.13
INV000364,18/08/2025,P0116,DALLAS DC,IND,96.0,20 ,170.55
INV000311,2024-02-25,P0221,DUBAI DC,NLD,44.0,20,497.92
INV002483,06-30-2023,P0457,manila dc,CAN,35.0,25,$80.12
INV006916,30/07/2023,P0400,Dallas DC,USA,138.0,20,476.94
INV002529,09-17-2025,P0078,Frankfurt Warehouse,SAU,217.0,25,338.99
INV003087,2023-08-29, P0393 ,SYDNEY DC,USA,25.0,20,$822.49
INV006914,2024-01-26,P0102,  Dallas DC , ARE,25.0,50 units,2178.97
INV007635,2023-01-01,P0073,Frankfurt DC,COL,,20,1017.01
INV001296,2023-07-30,P0389,frankfurt dc,NLD,37.0,50,80.58
INV000730,2024-11-21,P0224,Manila DC,sgp,110.0,25,141.71
INV006413,2024-02-25,P0007,FRANKFURT DC,FRA,196.0,50,102.94
INV006652,2025-03-21,P0374,DALLAS DC,CHL,157.0,50,1275.24
INV003274,24/07/2024,P0045,Dallas  DC,PAK,72.0,50 units,499.98
INV003462,2025-07-19,P0256,Dubai DC,PHL,,50,266.93
INV007646,01-26-2024,P0067,Sydney DC,HKG,63.0,25,$468.83
INV004868,2025-08-18,P0426,Manila DC,SGP,111.0,50,"$1,094.68"
INV005527,2023-01-01,p0454,Manila DC,CHN,19.0,50 units,$220.83
INV006488,2024-03-26,P0410,Singapore DC,GBR,57.0,50,475.18
INV002588,2025-10-17,P0450,Manila DC,ARG,116.0,10,184.31
INV007560,"Jul 19, 2025",P0194,Singapore DC,GBR,40.0,25,292.89
INV006571,2023-07-30,P0011,Dubai DC,GBR,50.0,50 units,$90.19
INV007583,2023-01-01,P0244,Frankfurt DC  ,ISR,90.0,,1489.89
INV001276,2024-05-25,P0035,Singapore DC,ESP,28.0,50 units,153.63
INV005704,2024-03-26,P0262,Sydney  DC,USA,109.0,20 ,181.62
INV005285,2024-01-26,P0273,Dubai DC,AUS,8.0,50,1649.21
INV002807,31/05/2023,P0180,null,KEN,99.0,25,216.26
INV002120,19/07/2025,P0051,Sydney_DC,BRA,170.0,20 ,154.89
INV005009,2023-07-30,P0433,Singapore DC,VNM,48.0,20,388.52
INV002465,2024-02-25,P0080,Manila DC,CHN,100.0,25,208.69
INV007131,"Jan 31, 2023",P0223,Dallas  DC,GRC,166.0,50,291.25
INV001786,2023-11-27,P0290,Manila DC,MEX,92.0,10,$571.76
INV005861,2024-10-22,P0143, Sydney DC,CHN,14.0,25,"$1,273.62"
INV001024,2024-01-26,P0440,manila dc,JPN,29.0,50 units,$382.33
INV002605,2023-05-31,P0038,Manila DC, IND,62.0,20 ,805.43
INV003035,2024-12-21,P0409,Dallas DC,GBR,35.0,10,701.25
INV001353,2024-07-24,P0088,Dubai DC,IND,37.0,50,$313.77
INV007456,2023-12-27,P0127,MANILA DC,SWE,125.0,25,
INV007629,03-26-2024,P0408,Dallas DC  ,VNM,80.0,20,753.00
INV005789,26/01/2024,P0006,Sydney DC,COL,,20 ,507.59
INV006936,2023-04-01,P0392,Dallas DC,BRA,97.0,50 units,788.36
INV000620,01-20-2025,P0098,Dallas DC, USA,8.0,25,N/A
INV002388,2025-01-20,P0381,Dubai DC,AUS,66.0,50,$554.55
INV005682,2023-01-31,P0088, Sydney DC,IND,123.0,20,313.77
INV002277,2024-06-24,P0160,sydney dc,TWN,56.0,50,356.16
INV006018,2024-11-21,P0165,Dubai DC,IDN,47.0,20,1599.84
INV007668,2025-10-17,P0360,Manila DC,DNK,192.0,50,"$1,572.12"
INV000276,2023-07-30,P0206,FRANKFURT DC,USA,126.0,25,$281.59
INV007161,2024-03-26,P0237,Manila DC,CAN,111.0,10,1085.44
INV001298,2024-07-24,P0078,Dubai_DC,ZAF,55.0,,338.99
INV000420,2024-09-22,P0215,Singapore DC,PRT,59.0,20,1135.32
INV001601,2024-11-21,P0081,Sydney_DC,IND,58.0,50 units,$962.72
INV000759,2025-01-20,P0188,Sydney_DC, USA,26.0,20,640.49
INV000304,22/10/2024,P0243,Manila DC,ISR,24.0,25,179.19
INV005703,2025-08-18,P0135,DALLAS DC,PHL,50.0,10,20.57
INV004670,2023-10-28,P0250,Manila DC,IND,27.0,20,460.88
INV005263,2025-04-20,P0026,Sydney Warehouse,USA,52.0,50 units,155.86
INV006411,2023-06-30,P0103,Manila DC,BRA,,20 ,192.46
INV005327,2025-07-19,P0473,Dallas DC,AUS,66.0,25,
INV007532,09-17-2025,P0287, Frankfurt DC,IND,106.0,50,77.25
INV007182,07-19-2025,P0330,Frankfurt DC, NLD,95.0,50 units,203.65
INV001114,2025-03-21,p0377,,DEU,55.0,25,$212.18
INV006834,2025-10-17, P0346 ,Sydney DC,HKG,41.0,20,243.91
INV004119,2023-12-27,P0436,Frankfurt DC,MYS,52.0,25,$383.56
INV002320,2023-12-27,P0243,Dubai DC, CHN,134.0,25,179.19
INV000094,2023-05-01,P0386,Manila DC,IDN,,50 units,639.66
INV000451,21/12/2024,P0097,Singapore DC,ISR,40.0,20 ,546.06
INV003371,2025-03-21,P0368,Singapore DC,GHA,23.0,20 ,523.59
INV003317,2023-01-01,P0447, Singapore_DC,CAN,14.0,50,358.93
INV001701,"Jul 24, 2024",P0024,Singapore_DC,AUS,60.0,20,541.27
INV003597,2024-04-25,P0410,Dubai DC,MEX,54.0,10,475.18
INV004544,2024-02-25,P0237,,USA,98.0,25,1085.44
INV007122,2023-09-28,P0416,dubai dc,NLD,64.0,10,"$1,613.05"
INV003652,"May 01, 2023",P0294,Singapore DC  ,USA,48.0,50,290.11
INV004656,2023-09-28,P0229,Frankfurt_DC,ESP,115.0,20 ,397.81
INV006662,31/01/2023,P0098,MANILA DC,IND,110.0,20 ,208.44
INV000962,2025-06-19,P0451, SINGAPORE DC,DEU,221.0,25,271.84
INV001855,2024-05-25,P0044,frankfurt dc,USA,45.0,10,$346.35
INV001910,09-22-2024,P0386,Dubai DC,gha,66.0,50 units,639.66
INV002829,"May 01, 2023",P0048,Singapore DC,CAN,38.0,50,605.53
INV005201,2024-11-21,P0480,singapore dc,GRC,,25,435.01
INV001926,2023-09-28,P0335,NULL,CAN,206.0,20 ,206.76
INV004514,01-01-2023,P0057,Dubai Warehouse,CAN,15.0,50 units,583.38
INV000009,"Apr 01, 2023",P0240,Singapore DC,NOR,109.0,20,337.12
INV007126,2023-12-27,P0109,  Dallas DC ,jpn,102.0,10,878.89
INV001641,2025-11-16,P0133,Frankfurt DC,MEX,79.0,50 units,$23.07
INV000118,"Aug 23, 2024",P0028,NULL,VNM,81.0,null,1533.09
INV006067,2023-06-30,P0424,Singapore DC,chn,87.0,50 units,null
INV005315,2025-01-20,P0414,Sydney DC,BGD,40.0,20,313.48
INV005925,"Mar 02, 2023",P0441,Manila DC,EGY,133.0,20 ,null
INV005032,2025-06-19,P0339,Frankfurt DC,IND,18.0,10,null
INV006573,2025-07-19,P0174,frankfurt dc,IRL,119.0,10,$215.95
INV002653,06-24-2024,P0465,Sydney DC,CAN,276.0,25,70.39
INV001208,04-25-2024,P0343,Frankfurt_DC,EGY,33.0,10,$368.11
INV007056,2025-02-19,P0210,Sydney DC  ,DEU,104.0,10,166.60
INV006776,2025-06-19,P0439,Manila DC,RUS,132.0,20 ,$783.98
INV000184,2024-11-21,P0118,Manila DC,EGY,56.0,20 ,169.30
INV007032,2025-01-20, P0004 ,singapore dc  ,NZL,26.0,10,455.02
INV005320,2025-04-20,P0131,Dallas DC,CHE,106.0,50,315.08
INV006384,2024-04-25,P0009,Dubai DC,AUS,66.0,50 units,"$1,370.71"
INV006604,2024-04-25,P0269,Sydney DC,KOR,107.0,20,394.90
INV002833,2025-11-16,P0277, SYDNEY DC,CHN,67.0,50 units,1102.84
INV004877,2024-06-24,P0153,Manila DC, GBR,66.0,20,377.27
INV004632,2024-10-22,p0448,  Sydney DC , EGY,73.0,50 units,196.16
INV003530,20/01/2025,P0177, Dallas DC,DEU,67.0,50 units,1340.72
INV006801,2023-10-28,P0120,Sydney DC,NZL,126.0,20 ,344.85
INV006886,29/08/2023,P0034,Dallas DC, UKR,46.0,25,84.58
INV000078,2023/04/01,P0403,Singapore DC,HKG,113.0,20 ,1444.81
INV002348,2025-07-19,P0464,Frankfurt_DC,GBR,42.0,50,$584.53
INV001155,2024-07-24,P0192,Dallas Warehouse,ITA,109.0,50,204.18
INV002037,,P0254,Sydney Warehouse,JPN,58.0,20 ,302.07
INV001002,2025-02-19,P0193,Dallas  DC,UKR,60.0,50 units,442.33
INV001036,2023-08-29,P0387,Singapore DC,VNM,44.0,N/A,1508.16
INV000006,2025-06-19,p0420,Manila Warehouse,ARG,,50 units,272.48
INV000596,2024-02-25,P0467,NULL,CHE,36.0,10,147.20
INV002499,2023-01-01,P0073,Frankfurt DC  ,CAN,16.0,20,1017.01
INV001451,2025-04-20,P0375,Frankfurt DC,JPN,10.0,25,253.01
INV001647,2025-01-20,P0408,DALLAS DC,MEX,58.0,50 units,753.00
INV001715,2025-11-16,P0278,dallas dc,IND,125.0,20 ,237.33
INV006493,2023-03-02,P0109,Manila_DC, FRA,94.0,20,
INV002790,2023-03-02,P0431,singapore dc,GBR,83.0,10,$52.60
INV000434,02-19-2025,P0100,Singapore DC,DEU,42.0,50,1301.31
INV003202,19/06/2025,P0027,DALLAS DC,SGP,51.0,50,$46.93
INV000665,2023-09-28,P0433,Dallas DC,ESP,35.0,20,388.52
INV006933,2023-10-28,P0053,Singapore_DC,SAU,80.0,25,71.16
INV004953,27/11/2023,P0041,Sydney DC,RUS,94.0,50 units,384.99
INV000233,20/01/2025,P0144,Sydney DC,,53.0,10,823.61
INV001042,2023-12-27,P0076,Singapore DC,DEU,62.0,50 units,1500.98
INV006309,2024-03-26,P0068,Manila DC  ,MYS,15.0,50 units,362.47
INV007263,22/09/2024,P0153,Dubai_DC,GBR,40.0,20,$377.27
INV002267,22/10/2024,P0247,DUBAI DC,nld,33.0,50,$356.04
INV004475,2024-05-25,P0042,Dubai DC,USA,28.0,25,$237.95
INV007445,2024-06-24,P0147,Frankfurt DC,CAN,201.0,20 ,$769.31
INV006281,02/03/2023,P0112,dubai dc,ind,,10,NULL
INV003592,2023-07-30,P0137,Dallas DC,AUS,161.0,50 units,1095.34
INV004173,2025-06-19,P0179,Dallas DC,BRA,9.0,10,52.95
INV004430,01/01/2023,P0470,Frankfurt DC,SGP,47.0,20 ,104.73
INV000576,2023-05-01,P0304,Dubai DC,TUR,37.0,25,888.37
INV005742,"Apr 01, 2023",P0348,Singapore DC,JPN,62.0,20,$114.39
INV004162,2023-01-01,P0098,Dubai  Warehouse,VNM,21.0,50,$208.44
INV004399,2024-04-25,P0130,Dubai  DC,TWN,,50,833.76
INV002173,2023-01-01,P9944,Sydney DC,ARG,99.0,10,225.21
INV006672,2024-07-24,P0364,FRANKFURT DC,AUS,25.0,50 units,610.93
INV000429,"Oct 17, 2025",P0215,dallas dc,USA,133.0,10,1135.32
INV002144,2023-05-31,P0036,Singapore DC,THA,48.0,,169.53
INV004532,2023-09-28,P0029,Dubai DC,USA,11.0,20 ,504.26
INV004372,2025-05-20,P0263,dallas dc, ARG,13.0,50,$367.49
INV007719,2023-01-01,P0289,sydney dc,USA,138.0,20 ,241.69
INV001560,"Nov 27, 2023",P0265,Dallas DC,USA,35.0,25,1015.41
INV007418,2024-05-25,p0017,Dallas DC,ARE,18.0,50 units,$542.06
INV003883,2025/09/17,P0009,Manila DC,HKG,101.0,10,1370.71
INV006291,2025-09-17,P0101,Manila DC,CHN,134.0,20,N/A
INV000862,2025-11-16,P0327,Singapore DC,FRA,-22.0,50,124.47
INV005105,2025-06-19,P0302,Frankfurt Warehouse,CHN,54.0,50,$242.70
INV006392,2023-09-28,P0474,frankfurt dc,GHA,31.0,50 units,184.38
INV004202,2024-03-26, P0480 ,Sydney_DC,DEU,39.0,10,$435.01
INV006884,2025-03-21,P0449,Dallas DC,DEU,219.0,25,1342.38
INV007742,2023-03-02,P0408,Manila DC,CHN,59.0,10,753.00
INV000248,2024-10-22,P0370,Singapore DC,IND,43.0,20,286.28
INV006338,04-01-2023, P0217 ,Singapore DC  ,aut,71.0,20 ,"$1,062.54"
INV001396,2025-06-19,P0411,Manila Warehouse,NLD,40.0,25,112.44
INV006114,27/11/2023,P0242,Frankfurt DC  ,TWN,138.0,20 ,31.06
INV004381,2023-11-27,P0288,Dubai  DC,BRA,148.0,50 units,NULL
INV007270,01/05/2023,P0353,singapore  dc,CHN,123.0,50 units,396.59
INV007392,2025-05-20,P0319,Dallas DC  ,CHN,12.0,25,204.98
INV000891,2023-01-31, P0063 ,Frankfurt_DC,IND,78.0,25,$660.25
INV004174,2025-04-20,P0196,singapore dc,ITA,28.0,10,120.35
INV003221,2023-09-28,P0395,SYDNEY DC,USA,73.0,25,NULL
INV004262,04-01-2023,P0408,Dubai DC,ITA,198.0,20,753.00
INV001850,2023-11-27,P0030,Frankfurt_DC,THA,116.0,10,$155.94
INV005408,08-23-2024,P0318,Dubai DC,SGP,39.0,25,
INV003460,2023-12-27,P0198,Dubai DC,AUS,82.0,20 ,672.93
INV005826,05-25-2024,P0088,Sydney Warehouse,UKR,110.0,10,313.77
INV004949,2025-09-17,P0258,Frankfurt DC,MYS,48.0,25,945.16
INV003957,2025-06-19,P0392,Sydney DC,AUS,95.0,25,788.36
INV001727,2023-05-01,P0385,Dallas DC,NGA,56.0,20 ,310.64
INV001071,2025-06-19,P0222,Frankfurt DC,GBR,209.0,25,null
INV005149,2025-03-21, P0265 ,Manila DC,IND,57.0,50,"$1,015.41"
INV007306,NULL,P0004,Frankfurt Warehouse,IND,100.0,20,$455.02
INV002067,2025-05-20,P0275,FRANKFURT DC,PAK,85.0,20,223.15
INV006467,2023-01-01,P0075,Sydney Warehouse,CAN,69.0,25,182.37
INV002781,2023-01-01,P0086,Singapore DC,CHN,87.0,10,772.42
INV005175,"Sep 17, 2025",P0450,Singapore DC,BGD,11.0,50 units,$184.31
INV006308,2024-12-21,P0061,  Dallas DC , GBR,26.0,20 ,$860.02
INV006823,2023-08-29,P0391,Manila DC,CHN,163.0,20 ,334.44
INV004653,2024-02-25,P0168,Dallas DC,FRA,54.0,25,$616.44
INV005087,31/01/2023,P0440,Dallas DC,CHN,,50,NULL
INV006531,2025-08-18,P0109,Singapore DC,PHL,140.0,25,$878.89
INV003830,2023-07-30,P0080,Singapore  DC,KOR,53.0,50 units,208.69
INV005138,2025-02-19,P0034,Dallas DC,ZAF,116.0,10,84.58
INV001201,2023-12-27,P0243,Manila DC,NOR,86.0,50 units,179.19
INV004555,17/09/2025,P0231,dallas dc  ,TWN,35.0,50 units,
INV005684,2024-06-24,P0321,Singapore DC,ESP,136.0,20 ,207.69
INV006972,17/10/2025, P0301 ,Dubai_DC,DNK,-6.0,50 units,327.68
INV007081,2023-09-28,p0434,Dubai DC,FRA,69.0,25,508.81
INV001933,01/01/2023,p0030,Dubai Warehouse,PAK,-24.0,10,155.94
INV000641,06-30-2023,P0456,Singapore_DC,mex,65.0,25,302.99
INV004663,2024-07-24,P0241,,ARE,,50 units,85.47
INV000255,2024-11-21,P0180,Manila_DC,KOR,155.0,50 units,216.26
INV006998,2023-03-02,P0054,Dallas DC  , ITA,40.0,20 ,234.08
INV006505,2024/07/24,p0163,NULL, MAR,87.0,10,539.88
INV006036,2025-10-17,P0434,Frankfurt Warehouse,CHN,118.0,20 ,$508.81
INV000826,2024-11-21,P0076,Frankfurt DC,ITA,-13.0,50,1500.98
INV002274,2024-03-26,P0123,Dubai DC,irl,120.0,20 ,617.89
INV005372,"Mar 21, 2025",P0263,MANILA DC,,46.0,50,367.49
INV006055,2024-12-21,P0079,sydney dc,are,46.0,20,106.59
INV004264,2024-07-24,P0249,Singapore_DC,FRA,116.0,20,$58.66
INV004956,20/04/2025,P0193,Sydney DC,CHN,113.0,20,$442.33
INV000019,2023-05-31,P0262,Dallas DC,AUS,22.0,10,$181.62
INV003864,2025-03-21,P0059,Manila Warehouse,JPN,132.0,20,216.45
INV004951,2023-05-01,P0072,Frankfurt_DC,ken,,20 ,$63.48
INV004787,2023-03-02,P0453,Frankfurt DC,CHN,82.0,10,1512.26
INV003977,2025-01-20,P0184,Frankfurt DC,SAU,81.0,20 ,1643.13
INV002569,2024-04-25,P0218,Sydney DC,,208.0,null,1050.16
INV005018,06-19-2025,P0050,Manila DC,DNK,151.0,10,130.96
INV002107,2025/09/17,P0205,Dallas_DC, USA,125.0,20,1984.39
INV001605,2024-06-24, P0339 ,Frankfurt DC,MAR,25.0,50,1349.99
INV005176,2025-01-20,P0262,Dallas DC,NOR,233.0,50,$181.62
INV007563,2025-06-19,P0116,Dallas DC,CHN,-2.0,50 units,$170.55
INV005741,2023-11-27,P0124,Singapore  DC,BRA,25.0,50,$867.56
INV007703,2023-06-30,P0190,Singapore_DC, JPN,89.0,NULL,492.51
INV002969,2024-06-24,P0012,Singapore DC,HKG,54.0,50,68.12
INV007278,2023-12-27,P0217,Manila DC,NOR,76.0,50,1062.54
INV003293,2025-03-21,P0424,Dallas DC,GBR,191.0,50 units,295.04
INV007729,21/03/2025,P0392,Sydney DC,MYS,62.0,20,788.36
INV000415,2024-01-26,P0257,Sydney_DC,AUS,72.0,50,30.10
INV006847,08-29-2023,P0148,Sydney DC,ARG,,20 ,1458.45
INV003900,2023-11-27,P0118,SYDNEY DC,KOR,29.0,50,169.30
INV003044,01-26-2024,P0394, Sydney DC,FRA,84.0,25,96.35
INV001399,2024-12-21,P0148,Dallas DC  ,USA,85.0,20 ,1458.45
INV001341,2024-06-24,P0069,Dallas DC  ,GBR,,25,166.99
INV000251,2025-02-19,P0267,Dubai DC,DNK,28.0,50,1423.61
INV007517,2025-06-19,P0032,null,USA,56.0,50 units,67.52
INV005901,2024-10-22,P0477,frankfurt dc,USA,,20,703.10
INV003526,2024-03-26,P0329,Manila DC,CAN,55.0,50 units,361.49
INV006803,"Apr 25, 2024",P0256,Manila Warehouse,USA,-3.0,10,266.93
INV005148,2023-10-28,P0361,Sydney Warehouse,HKG,59.0,20,192.49
INV000275,2024-10-22,P0427,Manila DC,TWN,134.0,20,169.17
INV002802,2023-01-31,P0035,Manila DC,JPN,10.0,20 ,null
INV003606,2024-09-22,P0006,Manila Warehouse,USA,87.0,,$507.59
INV004034,2024-10-22,P0180,Dallas Warehouse  ,CAN,120.0,20,216.26
INV006260,2024-05-25,P0036,MANILA DC,THA,52.0,50,169.53
INV007648,01-20-2025,p0436,Singapore DC, BRA,176.0,50,383.56
INV004738,25/02/2024, P0213 ,Sydney DC,PHL,228.0,20,667.20
INV005028,2024-01-26,P0212,Dubai_DC,KEN,32.0,50,1044.35
INV003870,2024-05-25,P0196,  singapore dc ,CHN,52.0,25,$120.35
INV003901,17/09/2025,P0016,Manila DC,ARG,38.0,10,1431.29
INV007618,"May 01, 2023",P0466, Manila DC,EGY,15.0,20,$965.94
INV001746,2023-05-01,P0273,SINGAPORE DC,JPN,106.0,25,1649.21
INV003848,2023-03-02,P0350,  Manila_DC ,CAN,9.0,25,153.70
INV006945,2025-11-16,P0187,dallas dc,fra,37.0,20,1292.73
INV007510,2025-06-19,P0438,Frankfurt DC,GBR,-11.0,25,391.81
INV004178,2024-02-25,P0254,Dubai_DC,USA,52.0,25,302.07
INV000329,2023-03-02,P0453,Singapore DC,JPN,224.0,25,NULL
INV004553,2024-11-21,P0159,Dallas DC,THA,131.0,20,201.99
INV007291,2024-10-22,P0395,Dallas DC  ,KEN,156.0,50,282.19
INV006856,"Sep 17, 2025", P0151 ,Manila DC,NULL,32.0,50,569.23
INV001934,04-25-2024,P0451,Manila  DC,JPN,21.0,50 units,271.84
INV007759,2023-05-01,P0383,singapore dc, JPN,111.0,10,1881.86
INV005821,2023-12-27,P0217, Dubai DC,USA,109.0,20,"$1,062.54"
INV007766,2024-09-22,P0132,Sydney DC,USA,65.0,20 ,239.74
INV001369,2023-01-01,P0442,Dubai DC, ESP,28.0,25,186.37
INV001962,2024-08-23,P0030,Dubai DC,IND,173.0,20 ,155.94
INV001408,02/03/2023,p0054,singapore dc,CHL,-27.0,20,234.08
INV004898,2023-12-27,P0337,Sydney DC,NZL,38.0,10,634.78
INV007210,2023-06-30,P0160,Dallas_DC,NULL,35.0,20,356.16
INV004100,2023/08/29,P0418,Dallas DC,TUR,59.0,25,59.53
INV002472,2024-11-21,P0300,Dubai DC,ARE,82.0,25,242.73
INV004361,2023-10-28,P0275,Frankfurt DC,are,38.0,50 units,223.15
INV004695,2025-11-16,P0009,Singapore DC,CAN,151.0,50,1370.71
INV004585,2024-12-21,P0243,  Dubai_DC ,CHN,,20 ,179.19
INV005629,17/09/2025,P0249,Dallas  Warehouse,THA,119.0,50 units,58.66
INV002770,,P0399,Dubai DC,TUR,69.0,10,234.10
INV002762,2024-03-26,P0096,Singapore DC,ITA,46.0,20 ,70.56
INV006089,2025-08-18,P0383,Frankfurt DC, BRA,26.0,10,"$1,881.86"
INV002041,2025-04-20, P0431 ,Sydney DC,BRA,22.0,25,52.60
INV001774,2025-11-16,P0044,Singapore DC,ITA,75.0,25,346.35
INV001321,2025-06-19,P0020,Dallas DC,SWE,89.0,25,264.27
INV003919,2023-08-29,P0463,Dubai DC,USA,,10,1421.36
INV002888,"Aug 18, 2025",P0397,Frankfurt DC,COL,19.0,50 units,$314.52
INV005147,2025-03-21,P0463,Manila Warehouse,USA,12.0,25,"$1,421.36"
INV006366,"Apr 25, 2024",P0354,FRANKFURT DC,ESP,64.0,10,$439.66
INV004867,2025-09-17,P0465,frankfurt dc,POL,79.0,10,70.39
INV007253,09-22-2024,P0109,Frankfurt DC,THA,,50 units,$878.89
INV006485,2023-07-30,P0320,MANILA DC,DEU,404.0,20 ,355.65
INV007791,2023-07-30, P0410 ,Frankfurt DC,CHN,15.0,20,475.18
INV000049,25/02/2024,P0405,Manila DC,chl,123.0,20 ,979.25
INV002885,2023-11-27,P0207,Dallas_DC,GHA,67.0,20 ,288.40
INV000216,2024-02-25, P0097 ,Singapore DC  ,ARE,41.0,25,546.06
INV005183,2025-06-19,P0060,Manila DC,IDN,84.0,20 ,720.76
INV004979,2024-05-25,P0227,Frankfurt DC,nzl,16.0,25,153.94
INV005502,2025-06-19,P0206,Sydney_DC,NLD,48.0,50 units,281.59
INV007789,2025-01-20, P0364 ,Manila  Warehouse,AUS,18.0,25,$610.93
INV007377,2024-09-22,P0299,Singapore DC,che,49.0,20,358.99
INV004360,2023-12-27,P0070,Sydney_DC,idn,33.0,10,250.81
INV003161,2024-08-23,P0419,Dubai DC,aus,,50,1142.25
INV006376,2023-04-01,P0422,Manila Warehouse,IRL,35.0,50,669.35
INV007169,"Jan 31, 2023",P0366,Dubai DC,NOR,148.0,25,305.37
INV003200,2024/04/25,P0204, Dubai DC,CHN,100.0,20 ,690.23
INV005973,2025-01-20,P0329,Frankfurt DC,DEU,180.0,50,361.49
INV002167,27/11/2023,p0023,dubai dc,NZL,173.0,50,806.82
INV002997,2025-03-21,P0140,singapore dc  ,DNK,13.0,10,249.94
INV005615,2025-03-21,P0077,Frankfurt DC,IDN,30.0,25,$138.22
INV003451,2023-08-29,P0288,sydney dc,RUS,49.0,10,1385.69
INV001043,2023-01-01,P0427,Sydney DC,UKR,8.0,20,
INV007314,2023-09-28,P0054,Dubai DC,IND,53.0,20,
INV007191,2025-06-19,P0059,frankfurt dc, TUR,48.0,50,216.45
INV005791,2025-03-21,P0140,Manila DC,twn,161.0,20 ,249.94
INV005578,2023-09-28,P0327,Singapore DC,AUS,68.0,25,124.47
INV007512,2024-08-23,P0054,Singapore DC,FRA,13.0,50 units,$234.08
INV005532,2024-08-23,P0010,Sydney_DC,TWN,22.0,10,362.45
INV003756,2025-02-19,P0403,Dubai Warehouse,SGP,58.0,20 ,"$1,444.81"
INV007441,2023-12-27,P0276,Frankfurt DC,IND,172.0,10,677.68
INV003562,2025/07/19,P0473,N/A,DEU,60.0,20,$846.99
INV004333,2023-06-30,P0423,Dallas_DC,USA,140.0,20 ,$235.59
INV000457,2024-06-24,P0366,DUBAI DC,KOR,63.0,20 ,305.37
INV005360,2024-08-23,P0427,Frankfurt_DC,GBR,340.0,50 units,169.17
INV002990,2023-01-01,P0227,frankfurt dc,AUS,40.0,25,$153.94
INV003939,31/01/2023,P0013,dubai  dc,CAN,79.0,20 ,403.24
INV005933,2023-01-01,P0266,Frankfurt DC,MYS,14.0,10,$382.81
INV005827,24/06/2024,P0401,Frankfurt DC,ARG,37.0,25,148.27
INV006597,2024-08-23,P0227,FRANKFURT DC,IND,64.0,50,153.94
INV005576,2023-01-31,P0308,Singapore DC,IRL,110.0,20,654.35
INV003493,2025-04-20, P0010 ,Manila DC,USA,77.0,50,$362.45
INV005569,2023-01-31,P0030,Dallas Warehouse,egy,66.0,20,155.94
INV005560,2025-02-19,P0174,Dallas DC, USA,44.0,20 ,$215.95
INV004126,2024-04-25,P0120,Singapore_DC,USA,84.0,50 units,$344.85
INV003447,2023-07-30,P9355,FRANKFURT DC  ,KEN,17.0,50 units,946.64
INV000743,2023-01-01,P0068,Sydney DC,DEU,17.0,N/A,362.47
INV006816,07-30-2023,P0238,Dallas DC,ITA,37.0,50 units,161.79
INV006121,2023-05-01,P0274,Manila DC,PAK,81.0,20,744.08
INV001631,2025-09-17,P0219,Dallas  Warehouse,DEU,61.0,50,228.15
INV003810,2025-03-21,P0111,Frankfurt DC  ,ARE,69.0,20 ,393.07
INV003950,2024-01-26,P0189,SYDNEY DC,DEU,37.0,10,118.94
INV003257,2024-02-25,P0087,Manila DC,SWE,98.0,10,$573.99
INV001552,2025-01-20,P0327,Singapore Warehouse  ,ISR,28.0,10,124.47
INV003472,2023-01-01,p0067,Sydney  DC,NLD,-22.0,10,468.83
INV002636,2025/01/20,P0385,Dallas DC,ISR,139.0,50 units,$310.64
INV000900,2023-05-31,P0334,Dubai DC,mys,40.0,50 units,577.38
INV003979,2024-03-26,P0451, Dubai DC,POL,113.0,20,$271.84
INV005000,2024-12-21,P0284,dallas dc,DNK,31.0,20,null
INV002438,2023-07-30,P0297,Sydney DC,JPN,58.0,20 ,$461.52
INV006122,2024-03-26,P0054,Singapore DC,AUS,132.0,25,234.08
INV001948,2024-08-23,P0192,Manila DC,FRA,6.0,20 ,204.18
INV006678,2024-02-25,P0187,Frankfurt DC,,126.0,25,1292.73
INV005258,2025-11-16,P0368,N/A,IND,58.0,20,523.59
INV003482,2023-04-01,P0250,Sydney DC,JPN,8.0,20,N/A
INV006354,2023-03-02,P0328,Singapore DC,MEX,15.0,20 ,152.54
INV004077,21/12/2024,P0277,,UKR,19.0,20,"$1,102.84"
INV002093,2024-04-25,P0458,  Frankfurt DC ,MYS,68.0,50 units,482.57
INV003619,2023-03-02,P0159,SYDNEY DC,AUS,-26.0,10,201.99
INV002991,2025-06-19,P0267,Dubai DC,ISR,96.0,null,1423.61
INV003570,"Oct 17, 2025",P0328,null,FRA,153.0,10,152.54
INV000646,12-21-2024,P0085,Dubai DC  ,IND,48.0,50 units,781.85
INV002879,12-21-2024,p0422,Frankfurt Warehouse,bgd,97.0,10,669.35
INV004542,31/05/2023,P0036,Manila  DC,DEU,93.0,25,169.53
INV005199,2023-05-01,P0264,Sydney DC,SGP,39.0,20,1444.31
INV003902,2024-06-24,P0398,Frankfurt DC,AUS,77.0,25,NULL
INV004286,2025-09-17,P0368,Singapore DC,ITA,47.0,,$523.59
INV003229,01/05/2023,P0334,Manila DC,ITA,65.0,20,577.38
INV004594,2024/03/26,P0477,Dubai DC,IND,33.0,20,703.10
INV004088,2024-09-22,P0132,Manila DC,NLD,,20,$239.74
INV006427,, P0282 ,Singapore DC,CHN,105.0,50,$363.15
INV002443,2025-03-21,P0270, Dubai DC,POL,88.0,50,275.84
INV007555,2024/09/22,P0011,Dubai DC,DNK,34.0,25,90.19
INV004127,17/10/2025,P0227,Singapore DC,JPN,161.0,10,153.94
INV004210,2023-11-27,P0366,Dallas DC,ind,-13.0,20,305.37
INV001991,2024-06-24,P0291,Sydney DC,USA,25.0,10,42.01
INV005042,2023/03/02,P0269,Dubai DC,GBR,98.0,20 ,394.90
INV006769,2023-01-31,P0100,Sydney DC,DEU,57.0,50 units,1301.31
INV000219,2024-11-21,P0407,Dubai DC,SWE,76.0,50 units,500.30
INV004835,2023-11-27,P0390,Sydney DC, BRA,78.0,10,722.59
INV001901,2025-07-19,P0126,Frankfurt DC,ITA,115.0,50 units,678.62
INV001433,"Jul 30, 2023",P0076,Sydney DC,NZL,133.0,20 ,1500.98
INV005430,2023-01-01,P0342,Dallas DC,JPN,36.0,50 units,45.41
INV006233,2025-04-20,P0347,Frankfurt DC,VNM,13.0,50 units,405.34
INV005389,2025-06-19,P0293, Frankfurt DC,POL,71.0,25,1874.55
INV005451,21/03/2025,P0002, frankfurt dc,ESP,,20,39.13
INV001813,2025-11-16,P0039,Sydney DC,TUR,25.0,50 units,$246.42
INV000040,"Oct 22, 2024",P0048,Singapore DC,CHL,189.0,20,605.53
INV006084,2023-10-28,P0245,Dubai DC,CHN,5.0,20,520.27
INV006718,2025-04-20,P0090,Singapore_DC, ESP,101.0,20,81.60
INV002188,2025-01-20,P0389,Dubai DC,CHN,32.0,20,80.58
INV000147,2024-10-22,P0161,Singapore DC,mex,89.0,50 units,651.95
INV006714,2025-07-19,P0196,Sydney_DC,mex,213.0,10,120.35
INV000132,2024/04/25,P0224,Sydney DC,CHL,168.0,50,$141.71
INV005504,2025/02/19,P0021,Singapore DC,JPN,80.0,25,286.52
INV004083,2024-10-22,P9013,Singapore DC,ITA,64.0,20,442.33
INV004933,2023-10-28,P0112,Sydney DC,ARE,105.0,25,239.40
INV005630,12-27-2023,P0009,manila dc,PHL,44.0,50 units,"$1,370.71"
INV004777,2023-01-31,p0005,Manila_DC,DEU,58.0,20 ,206.85
INV005931,2023-07-30,P0102,Dubai DC,SAU,42.0,25,2178.97
INV001509,2023-11-27, P0211 ,Frankfurt  DC,POL,60.0,20,411.76
INV003217,2023-08-29,P0362,Dubai_DC,JPN,,25,469.11
INV002027,2024-08-23,P0116,Sydney DC,ITA,26.0,20 ,170.55
INV000978,2023-07-30,p0343,Singapore DC,IND,144.0,50 units,368.11
INV003746,05-31-2023,P0069,Dubai DC,NZL,43.0,20 ,166.99
INV001021,2023-04-01,P0158,Dallas DC,kor,20.0,20,308.39
INV003989,2025/03/21,P0239,sydney dc,FRA,70.0,25,1152.66
INV005350,2025-01-20,p0457,Dallas Warehouse,ISR,82.0,20 ,80.12
INV005834,2024-02-25,P0137,Manila DC,PRT,111.0,50,"$1,095.34"
INV002544,30/06/2023,P0151,Manila DC  ,ITA,17.0,20,569.23
INV006423,19/07/2025,P0309,Frankfurt DC,sau,112.0,50 units,277.16
INV007559,2025-05-20,P0259,Dubai DC, CHN,91.0,20,230.93
INV000236,01/05/2023, P0176 ,Sydney DC,UKR,66.0,50 units,374.00
INV003336,2024-08-23,P0402,Sydney DC,POL,21.0,10,223.17
INV002770,,P0399,Dubai DC,TUR,69.0,10,234.10
INV001405,2025-04-20,P0283,  Manila DC ,DEU,56.0,25,$409.25
INV004828,2025/03/21,P0093,Singapore Warehouse,HKG,113.0,20 ,219.16
INV002447,2025-03-21,P0059,Sydney DC,FRA,68.0,50,$216.45
INV002281,21/11/2024,P0065,Dubai_DC,SGP,38.0,20,275.70
INV006391,2024-08-23,P0060,Dubai DC,VNM,64.0,20,$720.76
INV005086,19/02/2025,P0304,Manila DC,VNM,63.0,20 ,888.37
INV001352,2025-08-18,P0275,DALLAS DC,POL,61.0,20,223.15
INV006007,2025-01-20,P0062,null,CAN,44.0,50,51.02
INV000204,2025-04-20,P0354,Dallas_DC,IND,-28.0,50 units,439.66
INV000994,2025-01-20,P0368,Sydney_DC,usa,59.0,20 ,523.59
INV002237,2023-12-27,P0149,Frankfurt_DC,PRT,9.0,25,235.24
INV003915,27/12/2023,P0089,Manila DC,TWN,141.0,20,800.59
INV003994,2023-01-01,P0031,Sydney_DC,USA,102.0,25,366.93
INV001144,2024-01-26,P0023,Sydney DC,DEU,26.0,25,806.82
INV006010,2024-08-23,P0010,manila dc,usa,69.0,10,362.45
INV003241,23/08/2024,P0387,Dubai DC,FRA,22.0,50,1508.16
INV007028,2023-12-27,P0239,Dubai DC,PRT,124.0,20,1152.66
INV005881,17/09/2025,P0091,Frankfurt DC,BRA,76.0,50 units,85.53
INV007387,2025-04-20,P0005,Dallas DC,NULL,64.0,25,$206.85
INV007528,2025-08-18,P0012,Frankfurt DC,grc,36.0,20 ,68.12
INV006257,2025-11-16,P0317,Dallas DC,,68.0,20,1558.47
INV001597,2024-09-22,P0279,Dubai DC, USA,130.0,NULL,1042.70
INV007692,2023-01-31, P0118 ,Singapore DC,PHL,24.0,20 ,$169.30
INV002918,2024-12-21,P0286,Frankfurt_DC,SGP,17.0,10,238.90
INV001270,31/05/2023,P0305,Singapore DC,JPN,50.0,20 ,465.44
INV006539,04-01-2023,P0475,Sydney DC,usa,28.0,20,$265.34
INV000128,2023-03-02,P0146,Manila_DC,SGP,40.0,50,321.68
INV006336,"Feb 25, 2024",P0016,dallas dc,HKG,83.0,10,1431.29
INV006779,2025-05-20,P0170, Sydney DC,IDN,74.0,20,333.68
INV006650,2025-02-19,P0272,Singapore DC,FRA,10.0,20,160.33
INV000933,2024-03-26,P0045,Dubai DC,KOR,184.0,50,499.98
INV004931,"Jul 24, 2024",P0317,Manila DC,NOR,45.0,50,1558.47
INV002973,"Sep 22, 2024",P9435,Singapore DC,KEN,91.0,20,$684.48
INV006737,21/12/2024,P0177,Manila DC,RUS,68.0,50 units,"$1,340.72"
INV007200,2024-04-25,P0463,Dubai DC,CAN,,25,1421.36
INV004027,2025-10-17,P0375,DALLAS DC,,102.0,10,253.01
INV006501,2024-10-22,P0204,Dubai DC,CHE,83.0,20,690.23
INV003649,2024-03-26,P0058,sydney dc,PHL,75.0,25,1363.40
INV001185,2023-12-27,P0410,Manila DC,USA,17.0,20 ,475.18
INV003704,2023-01-01,P0348,DUBAI DC,VNM,115.0,25,114.39
INV004376,2025-04-20,P0004,Frankfurt DC,NOR,59.0,null,$455.02
INV007138,2025-11-16,P0273,  MANILA DC , IDN,174.0,20 ,"$1,649.21"
INV006245,02-25-2024,P0073,Frankfurt DC,CHN,20.0,50 units,1017.01
INV001532,2024-02-25,P0263,Frankfurt DC,AUS,93.0,25,367.49
INV006217,01/04/2023,P0072,Dubai DC  ,CHN,,50 units,$63.48
INV002352,22/10/2024,P0130,Sydney DC,HKG,49.0,50,$833.76
INV004856,2023-01-31,P0020,Dallas DC,BRA,70.0,10,264.27
INV006717,2025-06-19,P0135,Dallas DC,CHN,102.0,50 units,20.57
INV007428,2024-03-26,P0410,SYDNEY DC,BRA,-5.0,25,475.18
INV006591,2025-04-20,P9531,Sydney DC,IND,106.0,20,651.95
INV005159,03-21-2025,P0068,DUBAI DC,CAN,17.0,25,362.47
INV003516,2023-11-27,P0168,Singapore DC,BRA,43.0,null,$616.44
INV000480,2023-12-27,P0229, Dubai DC,TWN,64.0,50 units,NULL
INV001863,2023-05-01,P0086,frankfurt dc,USA,59.0,20,772.42
INV004648,26/01/2024,P0381,Manila DC,CHE,74.0,10,null
INV003444,2024-05-25,P0330,,CAN,103.0,50 units,203.65
INV002197,2025-06-19,P9330,Dubai DC,MEX,124.0,20 ,39.13
INV002292,2024-03-26,P0038,Dallas DC,IND,11.0,20 ,805.43
INV000637,2025-05-20,P0203,Dubai DC,GBR,90.0,20,1175.51
INV000388,2023/05/31,P0451,Dubai DC,USA,75.0,50 units,271.84
INV005797,02-19-2025,P0328,Dubai Warehouse,ARG,160.0,10,152.54
INV004857,2023-12-27, P0274 ,Dallas DC,SGP,35.0,10,744.08
INV005780,2023-07-30,P0254,sydney dc,DNK,80.0,50,$302.07
INV007573,2025-04-20,P0386,Dubai DC,IRL,6.0,25,639.66
INV006995,2025-07-19,P0168,Dubai DC,PAK,50.0,20,616.44
INV000221,27/12/2023, P0443 ,  Dubai_DC ,ITA,207.0,20 ,$275.54
INV004712,2023-04-01,P0090,,CHE,110.0,50,81.60
INV004781,2023-01-31,P0074,Dallas DC,JPN,83.0,50,393.85
INV006323,2025-11-16,P0380,Frankfurt Warehouse,KOR,19.0,50 units,"$1,242.94"
INV002792,"Jul 19, 2025",P0056,N/A,USA,221.0,10,529.55
INV001622,2023-06-30,P0057,Dallas DC,ITA,42.0,10,583.38
INV001308,30/07/2023, P0115 ,Singapore DC,DNK,35.0,20 ,1730.87
INV006027,2025-08-18,P0419,Singapore DC,chn,24.0,10,1142.25
INV002834,2024-11-21,P0133,Dubai DC,usa,123.0,20,$23.07
INV000350,05-01-2023,P0055,  Dubai DC ,EGY,92.0,,1169.71
INV005495,2023-09-28,P0154,Dubai DC,MEX,78.0,20,1402.93
INV001236,2023-04-01,P0051,Frankfurt DC,KEN,34.0,50 units,154.89
INV006697,2024-05-25,P0407,Sydney DC,IDN,32.0,20,500.30
INV006435,06-30-2023,P0176,Singapore DC,CHN,122.0,10,$374.00
INV005515,2024-05-25,P0170,Manila DC,ITA,102.0,20 ,333.68
INV005971,2023-05-31,P0182,Singapore DC  ,USA,44.0,50 units,$148.98
INV003095,2024-04-25,P0333,sydney dc,NGA,106.0,25,588.69
INV000501,"Nov 27, 2023",P0056,Dallas DC,CHN,14.0,20,529.55
INV005185,2023-08-29,P0066,Frankfurt DC,VNM,168.0,50 units,$243.76
INV004521,2023-12-27,P0196,Frankfurt DC,CHN,61.0,50 units,$120.35
INV005635,2024-02-25,P0431,frankfurt dc, PRT,85.0,20,52.60
INV001249,2023-11-27,P0279,Sydney Warehouse,HKG,89.0,10,N/A
INV002491,2023-01-31,P0438,Frankfurt DC, CHN,82.0,50 units,391.81
INV004753,2024-01-26,P0038,NULL,ind,111.0,50,805.43
INV007075,2025-02-19,P0324,Dubai_DC, AUS,38.0,20 ,216.85
INV006937,2024/12/21,P0367,Dubai DC,DNK,49.0,25,160.24
INV002519,2024-09-22,P0207,Frankfurt DC,JPN,155.0,50 units,$288.40
INV007429,2024-05-25,P0343,Manila DC,NGA,18.0,50 units,$368.11
INV002902,NULL,P0337,dallas dc,KOR,71.0,20 ,634.78
INV007113,2025-05-20,P0298,Manila DC,CAN,82.0,20 ,132.31
INV003438,2025-03-21, P0449 ,Frankfurt DC,ARE,19.0,20 ,1342.38
INV005342,01/04/2023,P0110,sydney dc,VNM,32.0,20 ,600.07
INV002272,2025-03-21,P0121, Sydney DC,GHA,26.0,25,386.62
INV006585,2024-03-26,P0070,Frankfurt DC,USA,121.0,50,
INV002382,2023-11-27,P0378,Dubai DC,ITA,212.0,10,119.14
INV005346,09-28-2023,P0135,,ISR,32.0,20,$20.57
INV002013,2023-04-01,P0157,  Sydney DC ,SAU,47.0,25,428.62
INV003776,"May 01, 2023",P0064,Frankfurt DC,NGA,,10,287.78
INV000803,"Jul 30, 2023",P0202,Sydney DC, GBR,16.0,20 ,$532.73
INV007183,08-29-2023,P0204,Manila DC,IRL,,50 units,690.23
INV000426,26/03/2024,P0440,Dallas DC,NZL,104.0,20,382.33
INV000867,2024-02-25,P0066,Singapore DC,GBR,34.0,50 units,243.76
INV000715,19/02/2025,P0329,dallas dc,DEU,51.0,20,361.49
INV002745,2024-05-25,P0161,Dubai DC,JPN,18.0,20,$651.95
INV001810,2025-08-18,P0397,DALLAS DC,GRC,93.0,N/A,314.52
INV002820,2024-02-25,P0211,Dubai_DC, USA,71.0,25,411.76
INV000657,07-19-2025,P0452,Dallas DC,CHN,118.0,20,162.81
INV001204,2024-10-22,P0250,Frankfurt DC,BGD,40.0,10,$460.88
INV007485,2023-11-27,P0461,  dallas dc ,ESP,74.0,25,163.23
INV000816,2024-03-26,P0036,,SWE,40.0,50,169.53
INV005602,2024-03-26,P0004,Dallas_DC,ZAF,53.0,20 ,455.02
INV004195,2023-05-31,P0283, SYDNEY DC,DEU,63.0,20 ,409.25
INV005099,2023-06-30,P0220,Dubai DC  ,sau,97.0,50 units,153.59
INV004728,2023-07-30,P0454,manila dc,THA,39.0,20,220.83
INV002357,2023/03/02,P0169,FRANKFURT DC,AUT,,20,888.63
INV007168,2024-01-26,P0289,Singapore DC,CHN,94.0,20 ,$241.69
INV000872,02/03/2023,P0168,Dallas DC  ,USA,40.0,10,616.44
INV002950,28/09/2023,P0359,Sydney DC,IDN,204.0,20 ,88.54
INV000345,2024-06-24,P0153,Dallas DC,USA,12.0,20 ,377.27
INV003340,2024-11-21,p0223,  manila dc ,JPN,74.0,50,291.25
INV006690,2024-03-26,P0025,Dallas DC,EGY,70.0,50,369.52
INV000944,2024-05-25, P0351 , Frankfurt DC,AUT,97.0,50 units,343.53
INV007440,2023-12-27,P0024,Dallas DC,BGD,3.0,20 ,541.27
INV000629,2024-12-21,P0329,Dubai DC,JPN,-22.0,50 units,361.49
INV005477,2025-03-21,P0175,  Dallas DC ,chn,58.0,10,$297.28
INV002346,2023-08-29,P0011,Manila DC,MAR,105.0,25,90.19
INV000719,2024-06-24,P0151,Dallas Warehouse,usa,43.0,20,569.23
INV006266,2024-04-25,P0308,Dallas_DC,PRT,32.0,20 ,654.35
INV005003,2025-04-20,P0442,Sydney DC,BRA,55.0,50,186.37
INV006409,2025-03-21,P0044,Singapore DC,ESP,42.0,50,346.35
INV002495,2025-10-17,P0319,Frankfurt DC,ARE,102.0,20 ,204.98
INV007683,04-25-2024,P0410,Frankfurt_DC,DEU,45.0,50,475.18
INV001355,2023-06-30,P0251,Sydney DC  ,SAU,197.0,20 ,1041.74
INV002585,01/05/2023,P0442,Dubai Warehouse,FRA,-24.0,20 ,186.37
INV000240,"May 20, 2025",P0167,Frankfurt DC  ,PRT,62.0,20 ,690.29
INV007474,2025-07-19,P0111,Singapore DC,USA,79.0,50,393.07
INV004522,04-25-2024,P0350,Singapore DC,AUS,,20,153.70
INV001327,2025-04-20, P0115 ,Manila DC,SAU,101.0,10,"$1,730.87"
INV003417,28/10/2023,P0170,Dallas DC,AUS,,20 ,333.68
INV000418,2023-10-28,P0303,Singapore_DC,USA,217.0,50 units,614.16
INV003564,2025-03-21,P0050, manila dc,USA,162.0,10,$130.96
INV003808,20/01/2025,P0471,Frankfurt DC,ARG,21.0,10,124.22
INV007503,2024-01-26,P0474,Manila DC,BRA,88.0,20 ,184.38
INV004859,03-02-2023,P0442,,KOR,37.0,20,$186.37
INV005688,31/01/2023,P0280,Manila DC  ,CHN,44.0,10,336.14
INV003260,2023-07-30,P0428,Dallas DC,ind,62.0,50 units,830.75
INV001484,2025-11-16,P0168,singapore dc,ITA,171.0,10,$616.44
INV001544,02-19-2025,P0328,Singapore DC,DEU,99.0,20 ,152.54
INV002435,2023-05-31,P0222,Manila DC,KOR,191.0,10,1100.83
INV002795,2025-10-17,P0365,manila dc,USA,13.0,10,98.50
INV004270,2024-06-24,P0046,Frankfurt DC,sau,49.0,25,1078.86
INV005702,2024-01-26,P0147,Manila DC,IND,14.0,50,769.31
INV002638,05-20-2025,P0325,Sydney DC,NOR,78.0,25,64.79
INV006105,2025-01-20,P0220,Dallas DC,USA,61.0,50 units,$153.59
INV001965,2025-11-16,P0426,manila dc,PHL,144.0,10,1094.68
INV005300,2024-05-25,P0479,Dubai DC,POL,2.0,20,$128.08
INV000695,2024-07-24,P0214,Frankfurt DC,vnm,6.0,50 units,353.01
INV005161,2025-08-18,P0353,SINGAPORE DC,KOR,80.0,20,396.59
INV005568,2023-03-02,P0112,Dubai Warehouse,UKR,110.0,10,239.40
INV002801,2025-01-20,P0447,FRANKFURT DC,SAU,131.0,25,$358.93
INV002285,2025-06-19,P0385,Dubai DC,USA,87.0,25,310.64
INV000780,2023-05-31,P0365,Manila_DC,CAN,,50 units,NULL
INV007687,"Jul 30, 2023",P0276,manila dc,FRA,188.0,10,677.68
INV003224,2024-08-23,P0357,Dubai DC,CAN,92.0,20,252.01
INV001891,2023-05-31,P0370,Frankfurt DC,AUS,53.0,20,286.28
INV005697,22/10/2024,P0324,Dubai DC,CHE,162.0,25,216.85
INV001339,2023-06-30,P0424,Sydney DC  ,DEU,136.0,20,295.04
INV005400,25/04/2024,P0396,NULL,CHN,23.0,50,$65.57
INV004144,2025-03-21,P0123,Dubai DC,JPN,52.0,50,617.89
INV000342,2024-10-22,P0448,Frankfurt DC,CAN,47.0,50 units,196.16
INV004006,26/01/2024,P0223,Dallas DC,COL,50.0,25,291.25
INV000959,2024-04-25,P0299,Frankfurt DC,FRA,70.0,20,358.99
INV007582,10-28-2023,P0478,Manila DC,JPN,89.0,20 ,NULL
INV002970,"Aug 18, 2025",P0332,Sydney  DC,USA,135.0,20,1529.57
INV002163,2023-06-30,P0431,FRANKFURT DC,CAN,53.0,25,52.60
INV001074,2025-01-20,P0116,SINGAPORE DC,PHL,90.0,50 units,170.55
INV005069,"Jul 19, 2025",P0133,Dubai_DC,KOR,27.0,20,23.07
INV001972,2023-06-30,P0432,Singapore DC,BRA,64.0,25,863.37
INV001803,16/11/2025,P0181,Manila Warehouse,JPN,69.0,20,448.40
INV006299,2023-09-28,P0169,Singapore_DC,CHN,23.0,20,888.63
INV003218,24/06/2024,P0007, Manila DC,BRA,44.0,50 units,102.94
INV003366,2024-04-25,P0034,Manila DC,SAU,95.0,20 ,$84.58
INV002617,2023-12-27,P0380,Dubai DC,MEX,116.0,10,1242.94
INV005969,2023-01-31,P0303,Sydney DC,CHN,62.0,20 ,N/A
INV006982,2023/08/29,P0383,Frankfurt DC,DNK,9.0,10,"$1,881.86"
INV006302,2025-03-21,P0330,Dubai DC,ARE,55.0,50,203.65
INV003703,2024-08-23,P0066, Sydney_DC,POL,159.0,50,$243.76
INV000121,"Sep 17, 2025",P0065,Manila DC,ISR,111.0,25,275.70
INV003850,29/08/2023,P0099,Frankfurt DC,PHL,45.0,50 units,376.17
INV004557,2023-04-01,P0416,MANILA DC,ARE,86.0,50,1613.05
INV002182,2023/05/31,P0383, Dubai Warehouse,GRC,97.0,10,1881.86
INV001258,"Oct 22, 2024",P0057,DALLAS DC,HKG,74.0,20,583.38
INV002336,2024-12-21,P0018,SINGAPORE DC,BRA,127.0,10,211.76
INV006211,2025-09-17, P0317 ,dubai dc,IDN,186.0,50,"$1,558.47"
INV007488,2023-01-01,P0053,Manila DC,ITA,183.0,20,71.16
INV004279,2025-04-20,P0355,Dallas DC,CHL,73.0,20 ,245.67
INV001699,2025-03-21,P0038,Dubai DC,,147.0,25,805.43
INV005053,01-31-2023,P9113,Sydney DC,AUS,46.0,25,1318.12
INV003789,30/07/2023,P0258,DALLAS DC,NGA,25.0,25,945.16
INV003781,29/08/2023,P0169,manila dc,AUS,168.0,25,888.63
INV001902,2024-01-26,P0130,Singapore Warehouse,JPN,139.0,20 ,833.76
INV000182,2024-01-26,p0180,MANILA DC,fra,182.0,50,216.26
INV004727,05-20-2025,P0021,Dubai DC,DNK,128.0,NULL,286.52
INV007135,2023-06-30,P0457, Dallas DC,usa,58.0,10,80.12
INV006201,2025-04-20,P0307,Dubai DC,JPN,128.0,50 units,754.66
INV006321,2024-09-22,P0258,Dubai  DC,ZAF,199.0,20 ,945.16
INV003697,2025-11-16,P0105,Dubai Warehouse,FRA,34.0,50 units,$333.17
INV003351,2024-05-25,P0442,Manila DC,BGD,133.0,20,186.37
INV000830,05-01-2023,P0222,Dubai DC,HKG,28.0,10,1100.83
INV006729,05-01-2023,P0051,Dallas DC,USA,34.0,10,$154.89
INV003174,2024-06-24,P0378,Dallas DC,TUR,175.0,20 ,$119.14
INV001233,2024-06-24,P0032,Dubai DC, BGD,152.0,25,$67.52
INV002151,09-22-2024,P0172,Manila DC,ARE,62.0,50 units,1137.31
INV005700,2023-06-30,P0066, Singapore DC,THA,68.0,50,243.76
INV004739,"Jan 31, 2023",P0067,Frankfurt DC,THA,103.0,50,468.83
INV001606,2025-02-19,P0363,Frankfurt DC,BGD,41.0,50 units,$620.30
INV004721,2023-05-01,P0290,Dubai Warehouse,ZAF,72.0,50 units,$571.76
INV004363,2024-02-25,P0453, Frankfurt Warehouse,AUS,99.0,50 units,1512.26
INV001617,03-02-2023,P0129,Singapore_DC,KOR,-12.0,20,
INV005216,04-25-2024,P0146,Manila DC,CHN,41.0,10,$321.68
INV007562,2024-11-21,P0317,Manila DC,NZL,19.0,20 ,1558.47
INV005592,2024-07-24,P0335,Dallas DC,GBR,,50 units,206.76
INV007188,2025-04-20,P0089,Dallas DC,,54.0,50,800.59
INV005543,2024/12/21,P0222,dubai dc,DEU,149.0,20 ,1100.83
INV002202,2023-08-29,P0186, dubai dc,usa,12.0,20,346.78
INV005853,2023-01-01,P0002,Frankfurt Warehouse,TWN,22.0,10,39.13
INV001377,2025-05-20,P0155,Frankfurt DC,GBR,69.0,10,352.91
INV002219,2024-03-26,P0446,Sydney DC,JPN,,50,106.11
INV004026,2024-11-21,P0026,Singapore DC,JPN,103.0,50 units,155.86
INV002030,2024/07/24,P0248,Dallas_DC,IRL,136.0,10,75.05
INV004445,2023-12-27,P0113,Manila  DC,KEN,92.0,20,413.87
INV007776,2024-09-22,P0324,Dubai DC,FRA,144.0,50,216.85
INV004215,30/06/2023,P0137,Manila DC,COL,237.0,50 units,1095.34
INV002873,"Jan 26, 2024",P0343,Frankfurt_DC,DEU,59.0,20,368.11
INV001970,2024-05-25,P0153,, USA,17.0,50 units,377.27
INV007146,2023-10-28,P0015,Frankfurt Warehouse,ESP,305.0,20 ,299.01
INV001676,2023-03-02,P0104,Singapore Warehouse,USA,11.0,10,"$1,095.97"
INV007733,2025-09-17,P0236,Singapore DC,FRA,64.0,50 units,510.62
INV007658,20/05/2025,p0027,Sydney DC,USA,61.0,10,46.93
INV005946,2024-12-21,P0164,Manila DC, GRC,112.0,50,$433.13
INV000486,"Dec 27, 2023",P0271,Singapore DC,IRL,-15.0,20 ,357.28
INV000373,2025-07-19,P0092,Dubai DC,CAN,89.0,20,234.17
INV005416,2025-07-19,P0090,Frankfurt DC, CAN,112.0,25,$81.60
INV007313,2023-11-27,P0120,Sydney_DC,,20.0,25,344.85
INV003464,07-30-2023,P0424, dallas dc,BGD,69.0,20,295.04
INV005330,2023-12-27,P0026,SYDNEY DC,DEU,28.0,10,155.86
INV004078,"May 25, 2024",P0361,Dubai DC,AUS,28.0,25,192.49
INV001309,2025-11-16, P0430 ,Dallas DC  ,sgp,62.0,50,138.13
INV005706,2023-05-31,P0080,Sydney DC,COL,51.0,50 units,208.69
INV000698,2023-11-27,P0342,dallas dc,ZAF,19.0,20 ,$45.41
INV000212,2025-03-21,P0045,Sydney Warehouse,MEX,136.0,20,499.98
INV006251,2023/01/01,P0189,Singapore DC,DNK,153.0,50 units,118.94
INV001419,2023-08-29,P0098,Manila DC,HKG,20.0,NULL,208.44
INV003154,2025-02-19,P0186,Manila DC,UKR,120.0,N/A,346.78
INV001856,2023-05-01, P0094 ,Dallas DC,TUR,130.0,10,321.40
INV001448,2025-02-19,P0474,Singapore_DC,KOR,11.0,20 ,N/A
INV003429,2025-03-21,P0042,Dubai DC,USA,47.0,50 units,237.95
INV000102,30/07/2023,P0013,Sydney_DC,GBR,88.0,50,403.24
INV003538,20/04/2025,P0281,Frankfurt DC,IND,44.0,50,421.79
INV004324,2025-07-19,P0201,Frankfurt Warehouse,ARE,145.0,25,$805.03
INV006097,23/08/2024,P0273,Singapore DC  ,RUS,92.0,20 ,1649.21
INV007369,2025-04-20,P0395,Singapore DC,CHN,,20,282.19
INV005035,2023-05-01,P0375,Frankfurt  DC, SGP,152.0,N/A,253.01
INV004293,"Feb 19, 2025",P0091, Manila DC,,176.0,20,85.53
INV000256,2024-06-24,p0361,Sydney_DC  ,USA,36.0,10,192.49
INV003214,2024-09-22,P0244,  dubai dc ,USA,113.0,25,1489.89
INV004471,06-24-2024,P0219,Sydney DC,IND,73.0,50 units,228.15
INV004387,2024-08-23,P0009,  Singapore DC ,TWN,53.0,10,1370.71
INV002705,24/07/2024,P0301,Dubai DC,SAU,80.0,50 units,NULL
INV007190,2025-02-19,P0179,Sydney DC,tha,101.0,50,52.95
INV006040,,P0436,Dubai DC  ,PRT,157.0,20,383.56
INV007826,2025-09-17,P0335,DALLAS DC,NZL,23.0,20 ,206.76
INV006668,28/09/2023,P0241,Frankfurt_DC,,233.0,50,85.47
INV003375,2025-08-18,P0301,Sydney DC,CHN,52.0,50 units,$327.68
INV001515,2025-02-19,P0316,Frankfurt_DC,UKR,42.0,50 units,348.67
INV007354,09-17-2025, P0388 ,Sydney_DC,GBR,224.0,50,$70.63
INV004991,2025-10-17,P0298,Singapore_DC,GRC,60.0,50 units,null
INV000661,2025-05-20,P0150,Dallas DC,MYS,187.0,50,603.49
INV001481,2025-05-20,P0317,Dallas DC,CAN,28.0,,"$1,558.47"
INV000247,2025-05-20, P0251 ,SYDNEY DC,JPN,74.0,50,1041.74
INV001900,2023-03-02,P0347,Manila Warehouse,IDN,194.0,20 ,405.34
INV002899,2023-08-29,P0264,Sydney DC,ESP,69.0,20 ,1444.31
INV005776,2025-09-17,P0050,SINGAPORE DC,NZL,42.0,10,$130.96
INV006123,2023-12-27,P0198,DALLAS DC, MAR,15.0,10,$672.93
INV004837,2023-01-01,P0056,  Manila DC ,USA,28.0,20,529.55
INV007568,2025-07-19,P0021,Frankfurt DC,TUR,38.0,20 ,286.52
INV007318,05-01-2023,P0403,Singapore DC,DEU,46.0,25,1444.81
INV005277,2024-01-26,P0382,Sydney DC,USA,56.0,25,$435.79
INV005321,07-19-2025,P0365,Dallas DC  ,SGP,79.0,20 ,$98.50
INV001187,2025-04-20,P0413,Singapore DC,CHN,21.0,50 units,69.90
INV005506,2023-03-02,P0359,Dallas_DC,SAU,19.0,50 units,$88.54
INV006971,2025-01-20,P0136,Manila DC,ken,,10,124.40
INV002942,2024-10-22,P0119,Frankfurt DC  ,CAN,169.0,50 units,$799.93
INV004374,2024-08-23,P0045,Dubai DC,NULL,58.0,25,$499.98
INV006520,,P0355,Dubai DC,UKR,112.0,25,$245.67
INV007265,2025-01-20,P0100, Singapore DC,VNM,31.0,50,1301.31
INV007784,2025-04-20,P0065,dallas dc,CAN,24.0,25,275.70
INV001877,2024-11-21,P0388,  sydney dc ,FRA,175.0,50 units,70.63
INV005693,2025-06-19,P0179,Frankfurt DC,NGA,85.0,20 ,52.95
INV002001,2024-03-26,P0394,Manila DC,IDN,114.0,50 units,$96.35
INV004945,2025-04-20,P0220,Sydney DC,ARG,51.0,10,153.59
INV000553,2024-03-26,P0296,Singapore DC,ISR,21.0,50 units,218.07
INV005995,07-19-2025,P0429,Sydney DC,,37.0,20 ,NULL
INV005107,2025-03-21,P0411,Manila DC,TWN,244.0,10,112.44
INV007678,2025-02-19,P0003,Dubai  DC,CHN,76.0,25,517.78
INV004479,2025-10-17,P0427,Manila_DC,NLD,30.0,10,169.17
INV006640,2023-11-27,P0272,Dubai DC  ,GBR,304.0,20 ,NULL
INV000846,21/03/2025,P0374,Sydney DC  ,GBR,134.0,50,1275.24
INV003772,2023-05-01,P0103,Frankfurt DC  ,SAU,42.0,25,192.46
INV007816,2023-03-02,P0408,Sydney DC,PAK,27.0,10,753.00
INV000778,2024/09/22,P0414,  Dallas DC ,CHN,163.0,50,$313.48
INV002530,2023-07-30,P0407, singapore dc,CHN,13.0,25,500.30
INV003347,07-19-2025,P0309,frankfurt dc,CAN,88.0,50 units,$277.16
INV001645,2025-09-17,P0204,DUBAI DC,VNM,15.0,20,690.23
INV007413,2024-03-26,P0262,frankfurt dc,JPN,33.0,10,181.62
INV002338,01/05/2023,P0075,Singapore DC,phl,93.0,50,182.37
INV003750,2023-05-31,P0029,dubai dc,NGA,87.0,50,504.26
INV004340,2023-08-29,P0329,Dubai Warehouse,ARE,76.0,25,N/A
INV004110,2025-03-21,P0471,Dubai DC,FRA,144.0,50,124.22
INV001281,2025-06-19,P0122,  Dubai DC ,DEU,28.0,20 ,180.96
INV001790,2025-03-21,P0152,Singapore DC,CAN,156.0,20 ,$373.91
INV005503,2025-10-17,P0138,Dallas DC,AUS,92.0,25,385.32
INV003888,"Sep 22, 2024",P0456,Dubai DC,IND,142.0,10,302.99
INV005843,2025/09/17,P0463,DALLAS DC, UKR,114.0,50 units,N/A
INV003979,2024-03-26,P0451, Dubai DC,POL,113.0,20,$271.84
INV005923,2024-10-22,p0378,Frankfurt DC,CAN,17.0,50 units,$119.14
INV005501,2023-05-01,p0166,NULL, BRA,148.0,10,"$1,551.16"
INV006195,2023-05-01,P0252,Dallas DC,TWN,50.0,25,255.86
INV001534,2023-05-01,P0389,Manila DC  ,CHE,181.0,25,80.58
INV003278,2023-05-01,P0429,Manila Warehouse,IDN,98.0,50 units,494.45
INV003048,2023-08-29,P0029,Sydney_DC,RUS,136.0,50 units,504.26
INV001431,2025-01-20,P0085,Singapore DC,USA,24.0,,$781.85
INV007743,2023-03-02,P0320,dallas dc,USA,,50,355.65
INV006107,2023-04-01,P0038,Dubai DC,IND,17.0,20 ,805.43
INV002962,10-28-2023,P0409,Dallas DC,USA,64.0,10,701.25
INV003986,"Aug 29, 2023",P0024,Sydney_DC,CHN,59.0,25,541.27
INV005237,26/01/2024,P0357,Frankfurt DC,mys,53.0,20,252.01
INV006489,2023-03-02,P0011,Manila DC,NZL,103.0,10,$90.19
INV005523,"May 20, 2025",P0396,Dubai DC,CHE,46.0,10,65.57
INV001060,2025-07-19,P0187,Dallas DC,kor,,25,1292.73
INV004050,07-24-2024,P0242,  DUBAI DC ,CAN,132.0,20 ,31.06
INV004151,2025-02-19,P0153,Manila_DC,CAN,37.0,,377.27
INV003929,31/05/2023,P0170,Dubai DC,USA,190.0,50 units,$333.68
INV002003,2023/07/30,P0112,Dubai DC  ,CHN,79.0,25,239.40
INV006326,03-26-2024,P0281,  dubai dc ,MYS,37.0,20 ,421.79
INV003911,2024-04-25,P0439,Singapore DC,NULL,81.0,10,783.98
INV003281,02-19-2025,P0080,Sydney DC,GBR,3.0,50 units,208.69
INV002938,17/10/2025,P0114,Dubai DC,ARE,53.0,50,1572.30
INV007091,17/10/2025,P0255,Sydney DC, AUS,101.0,25,359.56
INV000048,2023-05-01,P0209, sydney dc,KOR,32.0,25,$34.39
INV006600,2023-09-28,P0140,Dubai Warehouse,FRA,38.0,50 units,249.94
INV002978,06-24-2024,P0222, DUBAI DC,JPN,31.0,20,1100.83
INV001319,2024-01-26,P0157,Sydney DC  ,CHL,96.0,50 units,428.62
INV002178,2023-03-02,P0077,Singapore DC,GBR,131.0,10,138.22
INV004018,2024-06-24,P0322,Dubai DC,TWN,73.0,50 units,109.08
INV006930,2025-05-20,P0279,Frankfurt DC, USA,50.0,20,1042.70
INV007769,2025-07-19,P0097,Frankfurt DC,CHN,132.0,20 ,546.06
INV003769,2024-03-26,P0124,Frankfurt Warehouse,ITA,173.0,20 ,867.56
INV001417,2024-05-25,P0160,frankfurt dc,KEN,66.0,50,$356.16
INV006579,"Feb 19, 2025",P0303,DUBAI DC,CHN,64.0,50 units,614.16
INV004885,2025-08-18,P0018,frankfurt dc,AUS,91.0,25,$211.76
INV001842,2023-10-28,P0312, DUBAI DC,GBR,123.0,20 ,1807.34
INV006350,2024-01-26,P0337,Manila DC,POL,34.0,50 units,$634.78
INV006367,2023-01-01,P0067,Sydney DC,CAN,105.0,20 ,468.83
INV000968,2023/01/01,P0454,Dubai DC  ,GRC,34.0,50,220.83
INV002230,2023-06-30,P0447,Manila DC,mys,118.0,20,$358.93
INV005102,01/05/2023,P0141,Dubai DC,AUS,219.0,50,70.64
INV006297,09-28-2023,P0014,Sydney DC,ZAF,237.0,10,331.38
INV001710,01-31-2023,P0078,Frankfurt DC,usa,69.0,50,338.99
INV006172,2023-05-01,P0305,Dubai DC,DNK,8.0,20 ,$465.44
INV006822,2023-11-27,P0199,Dubai DC,IND,109.0,10,210.86
INV007044,2023-05-31,P0423,Dallas_DC,USA,31.0,20,235.59
INV005605,2024-01-26,P0116,Singapore DC,DEU,50.0,10,170.55
INV004567,2024-09-22,P0287,Singapore_DC,PHL,26.0,20 ,$77.25
INV006691,2025-10-17,P0457,Manila DC,PAK,264.0,10,80.12
INV000723,2023-09-28,P0275,Frankfurt  DC,THA,143.0,10,223.15
INV004740,2025-09-17,P0368, Manila DC,SGP,41.0,20,523.59
INV001482,2024/05/25,P0016,Manila DC,,19.0,20,1431.29
INV002642,02-19-2025,P0290,N/A,DEU,142.0,50 units,$571.76
INV004841,2023-05-01,P0167,Dallas DC,JPN,89.0,20,NULL
INV000521,2024-09-22,P0463,DALLAS DC,FRA,105.0,50 units,1421.36
INV003304,2023-11-27,P0020,Frankfurt DC,CHN,56.0,10,264.27
INV003296,2025-03-21,P0220,Dubai DC,CHN,121.0,50 units,153.59
INV000400,2023/12/27,P0168,Manila DC,IDN,35.0,20,616.44
INV004095,2025-06-19,P0369,NULL,TUR,154.0,20,887.73
INV004639,2024-10-22,P0058,Frankfurt DC,FRA,19.0,20,1363.40
INV002732,07-19-2025,P9095,Dubai DC, HKG,58.0,20,288.40
INV007786,2024-03-26,P0475, Manila DC,FRA,34.0,20,265.34
INV001753,17/10/2025,P0445,Dallas DC,PRT,178.0,50,446.87
INV002565,2023-07-30,P0250,Dubai Warehouse,NULL,12.0,25,NULL
INV006393,28/10/2023,P0122,Singapore DC,bgd,206.0,50 units,180.96
INV004493,10-22-2024,P0129,Dubai DC,ARE,83.0,25,191.69
INV003191,20/05/2025,P0101,dallas dc,USA,116.0,20 ,402.58
INV001275,2023-10-28,P0259,Frankfurt  DC,AUS,93.0,25,230.93
INV003732,2023/05/01,P0145,Singapore Warehouse,MEX,23.0,10,290.68
INV007006,2024-10-22,P0164,Manila DC,PHL,18.0,50 units,433.13
INV006798,2024-10-22,P0140,,USA,,10,249.94
INV000177,07-24-2024,P0399, Singapore Warehouse,IDN,52.0,50,$234.10
INV000337,2025-10-17,P0369,Dubai DC,fra,131.0,20 ,$887.73
INV001825,2024-04-25, P0227 ,Dallas DC,SWE,72.0,20,153.94
INV001240,2025-10-17,P0181,sydney dc,ESP,154.0,10,448.40
INV003696,2024-11-21,P0087,Sydney DC,esp,126.0,10,573.99
INV003529,2023-10-28,P0163,Manila DC,DEU,242.0,20,539.88
INV001793,2025-01-20,P0113,Dallas DC,USA,48.0,20 ,413.87
INV002172,2025-07-19,P0123,manila dc, BRA,24.0,10,617.89
INV001132,2025-03-21,P0296,Frankfurt DC,POL,73.0,20,$218.07
INV002398,"Oct 17, 2025",P0057,Singapore DC,KOR,72.0,25,583.38
INV002880,2024-07-24,P0358,,ind,200.0,25,362.65
INV001648,2023-05-01,P0374,Dubai DC,KOR,12.0,25,1275.24
INV000500,29/08/2023,P0246,Dallas Warehouse,JPN,,20,$241.09
INV001994,2024-06-24,p0292,Frankfurt DC,ITA,28.0,20,249.83
INV004784,2025-05-20,P0260,Sydney DC,CHN,195.0,50,$135.64
INV003573,2024-07-24,P0171,Dubai DC,CAN,147.0,25,683.25
INV004671,2023-09-28,P0146,frankfurt dc,USA,129.0,50 units,$321.68
INV004726,2023-06-30,P0186,Dallas_DC  ,fra,293.0,50,346.78
INV004882,22/10/2024,P0093,Dallas_DC,AUT,94.0,20 ,219.16
INV007531,2025-02-19,P0401,Frankfurt DC,DNK,49.0,50,148.27
INV002062,07-30-2023,P0128, Frankfurt DC,DEU,116.0,50,1658.67
INV004826,20/04/2025,P0332,Manila DC,ZAF,54.0,25,
INV001154,2023-12-27,P0133,Dubai DC,DEU,83.0,20,23.07
INV006675,17/09/2025,P0146,Dallas DC,AUS,48.0,25,321.68
INV006325,"May 01, 2023",P0348,Dubai Warehouse,THA,96.0,50 units,114.39
INV003641,2023-12-27,P0103,Manila DC,AUS,337.0,10,192.46
INV002032,26/01/2024,P0442,Sydney DC,IND,50.0,20,186.37
INV007308,2024-10-22,P0035,FRANKFURT DC,USA,27.0,20,153.63
INV007600,"Jan 31, 2023",P0215,Frankfurt DC,KOR,73.0,20 ,1135.32
INV002256,"Aug 23, 2024",P0328,Dubai DC,DNK,117.0,20,152.54
INV003463,2023-09-28,P0021,Sydney DC,POL,14.0,20 ,$286.52
INV003921,2025-08-18,P0188,Manila DC,CHN,85.0,25,640.49
INV004383,2023-04-01,P0029,Sydney_DC,JPN,164.0,10,504.26
INV003483,2024-01-26,P0265,Frankfurt_DC,GHA,67.0,20,1015.41
INV001215,2025-03-21,P0185,Manila DC,FRA,168.0,20,$159.37
INV003605,2023-12-27,P0427,Dallas_DC,phl,104.0,25,169.17
INV004706,2025-06-19,P0175,frankfurt dc,KOR,18.0,20 ,$297.28
INV007640,2024-06-24,P0289,Manila Warehouse,THA,-26.0,50,241.69
INV003374,26/01/2024,P0069,Frankfurt DC,BRA,166.0,10,166.99
INV002394,2023-07-30,P0112,Frankfurt DC,TWN,21.0,20,239.40
INV002402,2024-11-21,P0300,Manila Warehouse,FRA,68.0,,$242.73
INV001231,2024-07-24,P0193,Frankfurt DC,AUT,109.0,50,442.33
INV004007,2023-12-27,P0128,Dubai DC,ZAF,21.0,50 units,1658.67
INV000858,05-01-2023,P0353,Dubai DC,JPN,145.0,25,396.59
INV002783,2023-05-31,P0464,Manila DC,THA,121.0,20,584.53
INV003331,06-30-2023,P0375,Singapore DC,phl,12.0,50 units,253.01
INV002076,2024-04-25,p0042,DUBAI DC,THA,112.0,25,237.95
INV002937,2024-08-23,P0137,MANILA DC,,66.0,20,1095.34
INV000984,"Aug 23, 2024",P0163,Sydney DC, TWN,24.0,25,539.88
INV000510,"Mar 21, 2025",P0251,Dubai DC,DEU,122.0,20 ,"$1,041.74"
INV002396,2024/05/25,P0296,  Manila_DC ,IND,14.0,,218.07
INV003003,2023-05-31,P0047,Sydney DC,ARG,47.0,25,$453.19
INV006223,2023-06-30,p0394,Frankfurt DC,ZAF,108.0,50,$96.35
INV007574,"Apr 01, 2023",P0329,Sydney DC,MEX,14.0,20 ,$361.49
INV002096,2025-04-20,P0374,SYDNEY DC,DNK,52.0,20 ,1275.24
INV006396,2024-04-25,P0270,Frankfurt DC,USA,140.0,20 ,275.84
INV007404,2023-07-30,P0464,Frankfurt DC,CHN,12.0,20,584.53
INV003039,26/03/2024, P0221 ,Frankfurt DC,VNM,,20 ,497.92
INV003420,,P0176,Dallas DC,ZAF,99.0,20,374.00
INV006244,2025-10-17,P0293,Frankfurt DC,,72.0,50 units,1874.55
INV006481,"Feb 19, 2025",P0069,Manila DC,IDN,42.0,50 units,$166.99
INV001820,2025-04-20,P0063,Dallas_DC,SAU,131.0,50,660.25
INV000234,2023-07-30,P0306,NULL,GBR,145.0,20,282.77
INV005922,21/12/2024,P0306,DALLAS DC,ita,23.0,25,282.77
INV002754,06-19-2025,P0369,Frankfurt DC,ARE,60.0,20 ,887.73
INV007094,2025-04-20,P0267,Singapore DC,COL,55.0,50,"$1,423.61"
INV004717,02/03/2023,P0172,Manila DC,SAU,17.0,50,1137.31
INV003502,2023-08-29,P0473,Singapore DC  ,DEU,62.0,50,846.99
INV002310,19/06/2025,P0369,MANILA DC,TWN,22.0,20,null
INV001960,2024-08-23,P0284,Frankfurt DC,CHL,73.0,N/A,1835.64
INV003109,2025-10-17,P0395,Dallas Warehouse, VNM,19.0,20 ,$282.19
INV001936,07-19-2025,P0240,Manila DC,NLD,80.0,20,$337.12
INV001061,2024-12-21,P0065,Sydney_DC,AUS,69.0,25,275.70
INV007462,2023-12-27,P0012,Dubai DC,AUS,24.0,25,68.12
INV000128,2023-03-02,P0146,Manila_DC,SGP,40.0,50,321.68
INV004733,05-25-2024,P0300,  Singapore DC ,JPN,31.0,50 units,242.73
INV006017,"Jun 24, 2024",P0197,Dubai DC,GBR,31.0,50 units,488.47
INV002610,2023-10-28,P0320,Frankfurt Warehouse,ESP,42.0,10,$355.65
INV000573,2023-08-29,P0088,Dubai DC,CHN,13.0,50,313.77
INV004519,2023-09-28,P0052,Frankfurt DC,CHN,105.0,20 ,$150.88
INV007435,2024-10-22,P0244,Dallas DC,ITA,32.0,50 units,1489.89
INV003738,"Jan 01, 2023",P0297, Sydney_DC,CHN,47.0,50,461.52
INV001261,20/05/2025,P0100,Singapore Warehouse,PHL,,50,"$1,301.31"
INV003169,2024-03-26,P0305,Dallas DC,nor,101.0,50 units,465.44
INV007234,2025-02-19,P0476, SINGAPORE DC, FRA,125.0,25,1318.12
INV007244,2023-06-30,P0312,Dubai Warehouse,aus,48.0,50,1807.34
INV004507,2024-02-25,P0425,Dubai Warehouse,aus,28.0,20,$385.09
INV000186,08-29-2023, P0362 ,Manila DC,USA,67.0,20,469.11
INV005733,2024-12-21,P0360,Manila_DC,CHE,50.0,20 ,"$1,572.12"
INV004829,22/10/2024,P0268,MANILA DC  ,UKR,56.0,10,$489.43
INV001292,2024-09-22,P0081,Dubai DC,SAU,52.0,20,962.72
INV000901,2024-11-21,P0198,Manila DC,CHN,12.0,50 units,672.93
INV000958,2024-06-24,P0098,Dubai DC,ESP,16.0,10,208.44
INV002021,2025-06-19,P0207,Singapore DC,TWN,62.0,20 ,288.40
INV004977,19/06/2025,P0109,Singapore DC,PHL,74.0,20 ,878.89
INV005196,02/03/2023,P0439,Frankfurt DC,CAN,137.0,,$783.98
INV002510,19/02/2025,P0075,Dubai DC,CHN,58.0,20 ,
INV000850,2025-01-20,P0306,Manila  DC,USA,42.0,10,282.77
INV002009,2025/06/19, P0364 ,sydney dc,RUS,280.0,50 units,610.93
INV005507,2025-07-19,P0470,Dallas Warehouse,BRA,137.0,10,104.73
INV001985,2025-01-20,P0298,Dallas_DC,GBR,32.0,20 ,132.31
INV001140,2024-12-21,p0238,Manila DC,DEU,26.0,25,161.79
INV001314,"Jul 30, 2023",P0038,,aus,74.0,20,805.43
INV002386,2023-04-01,P0440,Frankfurt_DC,NOR,68.0,50,382.33
INV005379,2024-09-22,P0369,Sydney DC,POL,57.0,10,887.73
INV000828,2024-10-22,P0198,Dubai DC,MYS,-27.0,20,672.93
INV006965,2024-08-23,P0464,Manila DC,BRA,40.0,10,584.53
INV003876,21/11/2024,P0218,Manila Warehouse,USA,138.0,50,"$1,050.16"
INV007470,2025/02/19,P0085,Manila  DC,THA,68.0,20 ,781.85
INV002106,19/06/2025,P0409,,USA,70.0,25,$701.25
INV000449,2024-03-26,P0267,Frankfurt DC,ITA,,50 units,1423.61
INV007545,01/05/2023,P0147,Dubai  DC,CHE,3.0,50 units,769.31
INV007578,2023-09-28,P0452,Singapore Warehouse,CHL,117.0,10,162.81
INV006895,01/05/2023,P0080,  Singapore DC ,GBR,31.0,50,208.69
INV004199,2025-02-19,P0366,Frankfurt DC,JPN,37.0,50 units,$305.37
INV000790,2024-05-25,P0321,Manila DC,USA,22.0,20,207.69
INV001430,2024-08-23,P0250,Frankfurt DC,ITA,67.0,20 ,460.88
INV002374,17/10/2025,P0303,Manila DC,rus,51.0,50 units,614.16
INV003162,2023-03-02,P0442,Dubai_DC,FRA,86.0,10,186.37
INV002301,2023-01-01,P0301, Manila DC,,63.0,25,327.68
INV003209,2024-02-25,P0047,Sydney DC,MAR,74.0,20,453.19
INV005274,2024-06-24,P0321,FRANKFURT DC,fra,257.0,10,207.69
INV000975,2023-06-30,P0190,Manila DC,GRC,62.0,10,
INV007154,2024-02-25,P0219,  Dubai DC ,CHN,139.0,50,228.15
INV000766,19/02/2025,P0473,DUBAI DC,ARE,166.0,50,846.99
INV002623,2024-12-21,P0061,Frankfurt DC,PHL,59.0,NULL,$860.02
INV006368,2025-06-19,P0146,Sydney DC,USA,313.0,50 units,321.68
INV000733,2024-11-21,P0395,Manila Warehouse,NULL,109.0,50 units,282.19
INV000109,18/08/2025, P0364 ,Singapore DC,GBR,19.0,10,610.93
INV000857,2023-03-02,P0338,Sydney Warehouse,CAN,108.0,10,1282.83
INV006637,"Apr 01, 2023",P0232, Singapore DC,DNK,46.0,20 ,$109.54
INV007246,2025-05-20,P0006,Dubai DC,can,53.0,10,null
INV004896,19/06/2025,P0400, Dallas DC,IND,79.0,20,$476.94
INV005677,2023-12-27,P0291,Singapore DC,KEN,30.0,50,42.01
INV003607,31/01/2023,P0459,Frankfurt DC,RUS,-29.0,50,232.90
INV007507,2023-09-28,P0076,Manila DC,CHN,,10,"$1,500.98"
INV004720,2024-06-24,P0074,Sydney DC,NLD,80.0,20 ,393.85
INV002566,21/11/2024,P0476,Frankfurt DC,KOR,208.0,10,"$1,318.12"
INV007093,2025-01-20,P0308,DUBAI DC,ARE,21.0,20 ,$654.35
INV004914,"Jan 01, 2023",P0125,NULL,HKG,88.0,50,$275.50
INV007121,2023-01-01,P0260,Sydney DC,ITA,77.0,20 ,135.64
INV000819,2023-07-30,P0168,Dubai DC,BGD,281.0,20,616.44
INV005965,2025-09-17,P0278,,PAK,16.0,25,237.33
INV006460,2025-10-17,P0168,Frankfurt DC,GBR,171.0,50,616.44
INV007459,2025-07-19,P0389,Dubai DC,USA,29.0,20,80.58
INV002872,2023-03-02,P0181,Sydney DC,CAN,164.0,20 ,$448.40
INV002916,2023-10-28,P0195,Singapore Warehouse,IND,144.0,10,$616.31
INV003272,2025-08-18,P0014,Manila DC  , KEN,70.0,20,331.38
INV006462,2023-07-30,p0205,Frankfurt_DC,CHN,91.0,25,1984.39
INV001614,2024-11-21,P0210,  Dallas DC ,ISR,151.0,50 units,NULL
INV000658,2024-06-24,P0232,Dallas DC,GBR,25.0,50 units,109.54
INV003299,05-31-2023,P0306,Frankfurt DC,IND,14.0,25,$282.77
INV001006,NULL,P0460,Manila DC,DEU,44.0,10,29.99
INV002492,2024-04-25,P0355,,USA,44.0,50 units,245.67
INV001721,2024-05-25,P0381,Dallas DC,PAK,79.0,20 ,554.55
INV004993,2023/01/01,P0139,Singapore DC,FRA,-17.0,50,$383.11
INV006091,2024-05-25,P0337,Frankfurt DC,SAU,35.0,NULL,634.78
INV000469,2023-04-01,P0314,Sydney  DC,JPN,138.0,20,183.07
INV005660,"Nov 27, 2023",P0059, Singapore DC,FRA,65.0,50,216.45
INV002525,2023-01-01,P0137,Dubai DC,HKG,71.0,20,1095.34
INV004505,"Dec 21, 2024",P0007,dubai dc,VNM,56.0,50,102.94
INV000511,22/10/2024,P0197, Manila DC,PHL,39.0,20 ,488.47
INV000283,28/10/2023, P0214 ,Singapore DC,USA,48.0,10,353.01
INV001764,2023-08-29,P0355,sydney dc,GBR,71.0,50 units,245.67
INV004134,2024-11-21,P0286,Dallas DC,IND,87.0,10,null
INV005613,09-17-2025,P0017,frankfurt dc,IND,42.0,20,542.06
INV004593,31/05/2023,P0458,Frankfurt DC,IND,2.0,50,$482.57
INV000844,"Sep 17, 2025",P0315, Sydney DC,DEU,123.0,25,$684.48
INV000534,2025-08-18,P0327,Sydney_DC,NLD,89.0,50 units,124.47
INV004834,2025-02-19,P0129,Singapore DC,DEU,75.0,50 units,191.69
INV005690,01-01-2023,P0412,Frankfurt Warehouse  ,CHE,65.0,10,70.77
INV005636,2023-08-29,P0074,Dubai DC,BRA,217.0,50 units,393.85
INV006749,12-21-2024,P0136,Singapore DC,CHN,29.0,10,$124.40
INV002512,2023-12-27,P0449,Frankfurt DC,CAN,1.0,25,1342.38
INV005142,2024-05-25,P0402,Singapore_DC,KOR,55.0,,223.17
INV000705,2023-07-30,P0352,SYDNEY  DC,MEX,13.0,null,176.94
INV004446,2023-01-01,P0120,Dubai DC,DEU,120.0,25,344.85
INV001113,2023-12-27,P0439, Dallas DC,GHA,38.0,,$783.98
INV005777,2025-10-17,P0312,frankfurt  dc,TWN,94.0,50 units,1807.34
INV007327,2025-06-19,P0201,Singapore_DC,ISR,28.0,20 ,805.03
INV001852,2024-01-26,P0455,Sydney_DC,MAR,256.0,10,$491.96
INV006294,2025-10-17,P0155,Frankfurt DC,,73.0,50 units,352.91
INV005941,2023-05-01,P0359,Dallas DC,CHN,130.0,20,88.54
INV000749,10-22-2024,P0132,Singapore DC,POL,23.0,20 ,239.74
INV001328,20/04/2025,P0118,Manila DC,JPN,44.0,50,169.30
INV006743,2024-05-25,P0223,MANILA DC  ,GBR,76.0,50 units,291.25
INV006142,2025-05-20,P0223,Dubai DC,USA,162.0,25,$291.25
INV007798,2024-08-23,P0339,MANILA DC,NLD,148.0,50 units,1349.99
INV003961,11-27-2023,P0036,Singapore DC,CHN,62.0,50 units,169.53
INV000667,2024-04-25,P0444,Dallas DC,kor,67.0,20 ,$86.60
INV005249,27/12/2023,P0147,Singapore Warehouse,DEU,45.0,50 units,769.31
INV001252,2025-07-19,P0414,Manila DC,CAN,127.0,20,$313.48
INV004774,2025-05-20,P0144, Dubai DC,BRA,35.0,25,823.61
INV007304,2024-06-24,P0236,Sydney DC,AUS,53.0,20,510.62
INV002628,01-31-2023,P0313,Dallas DC  ,PRT,22.0,25,1008.89
INV002699,2023-11-27,P0395,Frankfurt DC,HKG,75.0,50 units,282.19
INV002074,2023-10-28,P0257,Dallas DC,ZAF,10.0,25,$30.10
INV002064,2023-05-31,P0013,Singapore Warehouse,GBR,119.0,50 units,$403.24
INV001162,2025-05-20,P0177,Singapore DC,zaf,6.0,50,1340.72
INV000115,2025-08-18,P0238,Dallas DC,DEU,73.0,25,161.79
INV004166,2025-10-17,P0402,Singapore DC,FRA,107.0,null,$223.17
INV000127,2023-06-30,P0181,Dallas DC  ,DNK,17.0,10,448.40
INV002141,2024-07-24,P0163,Manila DC,IND,19.0,20,539.88
INV001272,25/02/2024,P0360,Sydney DC, TWN,228.0,25,1572.12
INV002477,2023-07-30,P9726,Dallas Warehouse,USA,34.0,20 ,180.96
INV006286,2024-08-23,P0060,FRANKFURT DC,NZL,109.0,20 ,$720.76
INV002315,2023-04-01,P0206,Sydney DC,PAK,97.0,25,N/A
INV001499,2025-11-16,P0181,DALLAS DC,POL,97.0,20,448.40
INV005846,31/05/2023,p0156,Dubai  DC, USA,39.0,50 units,$190.53
INV001049,2023-04-01,P0144,Manila DC,CHN,123.0,20 ,$823.61
INV007723,2023-04-01,P0384,DUBAI DC,COL,211.0,20 ,814.69
INV002400,2025-05-20,P0182,Dallas DC,POL,106.0,25,148.98
INV007053,2023-07-30,P0238,Singapore DC,DEU,23.0,50 units,$161.79
INV002057,2023-01-01,P0389,Sydney DC,MEX,87.0,20 ,80.58
INV004791,2024-06-24,P0202,Sydney DC,AUS,129.0,20,532.73
INV004379,2025-02-19,P0413,SINGAPORE DC,chn,107.0,50,69.90
INV002511,05-25-2024,P0195, Dubai DC,NZL,114.0,50,616.31
INV004092,2024-12-21,P0381,Dubai DC,AUT,83.0,50,554.55
INV004304,2025-03-21, P0379 ,Dallas DC,IND,19.0,50 units,1921.81
INV007109,2024-09-22,P0368,NULL,ind,67.0,50 units,523.59
INV006908,2024-08-23,P0397,Sydney DC,usa,66.0,20 ,314.52
INV004455,2024-07-24,P0336,Frankfurt_DC,USA,17.0,25,$180.18
INV002442,2023-06-30,P0236,  Dallas DC ,FRA,16.0,50 units,510.62
INV002614,2023-04-01,P0312,Sydney DC,GBR,85.0,50,"$1,807.34"
INV001214,08-23-2024,P0404,Dallas_DC,USA,78.0,20,1036.52
INV002235,2024-02-25,P0446, Singapore DC,IDN,30.0,10,106.11
INV003527,2025-07-19,P0319,Dubai DC,SGP,10.0,25,null
INV006249,2023-12-27,P9917,DUBAI DC,POL,127.0,25,216.45
INV001075,2025-02-19,P0127,Frankfurt DC,egy,25.0,20 ,1057.48
INV002191,2023-07-30,P0345,DALLAS DC,TWN,103.0,10,$223.23
INV003855,2024-11-21,P0468,sydney dc,JPN,30.0,50 units,182.15
INV005849,2025-03-21,P0317,Frankfurt DC,AUT,,25,1558.47
INV005454,2023-12-27,P0461,Singapore Warehouse,ZAF,46.0,50,163.23
INV004280,2024-10-22,P0127, Singapore DC,ARE,-17.0,10,"$1,057.48"
INV003779,2024-03-26,P0048,Dubai Warehouse,ITA,239.0,25,605.53
INV002941,27/12/2023,P0044,Frankfurt DC,esp,14.0,25,346.35
INV000389,2023-05-31,P0027, dallas dc,SWE,51.0,null,46.93
INV001197,2025-10-17,P0321,dallas dc,USA,175.0,10,$207.69
INV003991,2024/10/22,P0442,Dubai DC, FRA,103.0,50,$186.37
INV004939,16/11/2025,P0297,frankfurt dc,JPN,58.0,25,461.52
INV005458,2024-08-23,P0270,Frankfurt DC,CHE,39.0,20,275.84
INV003753,2023-06-30,P0133,Manila DC,DEU,43.0,50 units,23.07
INV002381,2024-03-26,P0415,Dallas Warehouse,VNM,169.0,50,1145.24
INV004714,2025-04-20,P0301,Singapore DC,USA,16.0,25,$327.68
INV001749,2023/07/30,P0443,Dallas DC,CHN,161.0,50 units,275.54
INV003886,24/06/2024,P0012,Dallas DC,VNM,24.0,10,68.12
INV006877,21/12/2024,P0435,Frankfurt DC,GBR,54.0,20 ,$780.15
INV006544,19/02/2025,P0301,Frankfurt DC,ESP,68.0,25,327.68
INV002944,2023-06-30,p0356,dubai dc  ,CHN,47.0,20,$437.24
INV003644,2024-08-23,P0240,Singapore DC,SAU,36.0,50 units,$337.12
INV007334,06-24-2024,P0410,Dallas DC,ESP,35.0,20 ,$475.18
INV007024,"Jul 30, 2023",P0332,Sydney DC,chn,267.0,25,1529.57
INV004559,2025-07-19,P0190,Dallas DC,KEN,93.0,NULL,492.51
INV005767,2025-08-18,P0307,Frankfurt DC,AUS,68.0,50 units,754.66
INV003142,2024-09-22,p0368,sydney dc,CAN,104.0,50,523.59
INV002858,2023-03-02,P0210, Singapore DC,AUS,,25,$166.60
INV001741,2023-05-01,P0449,  Sydney DC , USA,65.0,50,"$1,342.38"
INV001097,2023-09-28,P0133,DUBAI DC,BRA,66.0,10,$23.07
INV005052,2023-04-01,P0179,manila dc,CHN,40.0,50,52.95
INV003918,17/10/2025,P0098,Manila DC,VNM,29.0,20 ,208.44
INV004503,2025-01-20,P0003,  Dallas DC ,VNM,125.0,25,$517.78
INV005963,2025-04-20,P0096,  Frankfurt DC ,PHL,45.0,20,70.56
INV004255,2024-02-25,P0344,Dallas DC,,53.0,20,332.94
INV006475,2024-02-25,P0349,Manila_DC,SAU,44.0,25,1417.16
INV001694,2023-12-27,P0126,Frankfurt DC,PHL,227.0,20 ,678.62
INV006793,2025-11-16,P0471,Dallas  DC,PAK,149.0,25,124.22
INV002626,2024-08-23,P0425,Frankfurt DC,GBR,98.0,50 units,385.09
INV003547,2023-12-27,P0371,DALLAS DC,JPN,64.0,20 ,239.13
INV003457,2024-11-21,P0148, Sydney DC,CAN,80.0,20 ,"$1,458.45"
INV004113,2025-08-18,P0152,frankfurt dc,CHN,27.0,null,373.91
INV003112,2023-07-30,P0413,Dallas DC, ESP,28.0,20,$69.90
INV006262,2025-05-20,P0194,Frankfurt_DC,MEX,35.0,20 ,292.89
INV007003,22/09/2024, P0247 ,Dallas DC,COL,33.0,25,356.04
INV005286,2025-06-19,P0098,dubai dc,CAN,-13.0,10,208.44
INV000001,2024-01-26,P0127,null,CHN,23.0,25,1057.48
INV006287,2024-12-21,P0432,Sydney DC,DEU,185.0,20,863.37
INV007795,2024-04-25,P0366,FRANKFURT DC,CHN,122.0,10,$305.37
INV000710,2025-04-20,P0356,Frankfurt DC,CHN,127.0,50,437.24
INV004180,2024-01-26,P0024,Manila_DC,DEU,58.0,20 ,541.27
INV003158,2025-07-19,P0291,Manila DC,CAN,110.0,20 ,42.01
INV002740,2025-09-17,P0286,Singapore DC,,,25,238.90
INV002268,2024-02-25,P0003,DALLAS DC,deu,44.0,25,517.78
INV004842,05-20-2025,P0367,Manila DC,DNK,60.0,20 ,160.24
INV001464,2023-03-02,P0385,,FRA,53.0,20 ,310.64
INV006814,2024-02-25,P0124,SINGAPORE DC, EGY,21.0,10,867.56
INV004411,2023-01-01,P0148, Sydney Warehouse,TWN,135.0,10,1458.45
INV007397,2023-09-28,P0382,manila dc,MYS,104.0,25,435.79
INV003975,2023-07-30,P0113,  singapore dc ,hkg,37.0,NULL,$413.87
INV001329,2025-04-20,P0013,Dubai Warehouse,ARG,18.0,50 units,$403.24
INV001395,2025-02-19,P0273,Manila DC,SGP,82.0,50,1649.21
INV007536,2025-11-16,P0316,Frankfurt DC,THA,114.0,50 units,348.67
INV006289,27/11/2023,P0197,Dallas Warehouse,POL,46.0,20,488.47
INV003521,2024-12-21,p0336,Manila DC,CHN,36.0,50,$180.18
INV004213,2024-11-21,P0157,Manila DC,IND,101.0,10,428.62
INV001600,2023-01-31,P0391,Dallas DC,JPN,182.0,20 ,334.44
INV000586,2024-11-21,P0020,DUBAI DC,can,61.0,10,$264.27
INV003276,2024-02-25,P0403,Dubai DC,PHL,30.0,20,1444.81
INV006809,2024-01-26,P0263,Sydney DC,DEU,31.0,20,367.49
INV007320,2023-01-31,P0058,Frankfurt DC,IRL,115.0,50,1363.40
INV000481,2025-05-20,p0071,Singapore DC,RUS,42.0,20 ,540.88
INV004179,2024-09-22,P0173,Manila DC,DEU,61.0,50 units,147.36
INV007316,2024/03/26,P0240,Dubai DC,ITA,123.0,50,337.12
INV004464,2023-09-28,P0109,Manila DC,PHL,72.0,50 units,$878.89
INV005902,2025-01-20,P0283,Dallas DC,IND,49.0,25,409.25
INV001167,2023-06-30,P0085,Frankfurt  DC,USA,67.0,50,$781.85
INV006188,2024-03-26,P0448,NULL,HKG,51.0,20 ,196.16
INV002334,20/01/2025,P0473,Singapore DC, POL,33.0,50,846.99
INV002913,2025-08-18,P0305,  Dallas DC ,POL,65.0,50 units,465.44
INV000276,2023-07-30,P0206,FRANKFURT DC,USA,126.0,25,$281.59
INV007414,2025-01-20,P0143,Dubai DC,CHN,112.0,20,"$1,273.62"
INV001095,2025-10-17,P0430,Dallas DC,AUS,52.0,10,138.13
INV001938,2025-08-18,P0016,Dubai DC,NZL,80.0,,1431.29
INV003310,01-31-2023,P0423,Manila DC,AUS,101.0,20 ,$235.59
INV007567,2023-03-02,P0408,Singapore DC,JPN,14.0,,753.00
INV000353,2025-04-20,P0395,frankfurt dc,USA,57.0,50 units,282.19
INV002258,20/05/2025,P0300,sydney dc,VNM,18.0,null,242.73
INV006487,2025-05-20,P0135,Frankfurt DC,THA,48.0,20,20.57
INV006563,2025-07-19,P0072,Dallas DC,DEU,59.0,10,63.48
INV003563,2023-05-31,P0399,Dallas DC, CHN,77.0,10,234.10
INV005060,2024-10-22,P0415,  Dallas DC ,KOR,70.0,25,1145.24
INV000571,2024/06/24,P0017,Singapore DC,RUS,50.0,25,542.06
INV005979,2025-02-19,P0107,Dallas DC,USA,24.0,10,$353.21
INV001819,2023-12-27,P0385,Dallas DC,MEX,85.0,25,310.64
INV002985,2024-08-23,P0413,Frankfurt DC,FRA,80.0,50,69.90
INV005064,2025-06-19,P0417, Sydney DC,IDN,10.0,20,"$1,542.72"
INV002413,24/07/2024,p0324,Sydney DC,GBR,87.0,25,216.85
INV005855,2023-01-01,P0241,Frankfurt DC,BRA,18.0,50 units,85.47
INV003061,04-20-2025,P0366,dallas dc,CHL,96.0,null,305.37
INV007243,2023-01-31,P0446,Manila DC,CHN,64.0,20 ,106.11
INV007794,23/08/2024,P0269,Sydney DC,BRA,58.0,25,$394.90
INV004570,20/01/2025,P0235,Singapore DC,USA,16.0,25,162.49
INV003402,2025-10-17,P0207,Singapore DC,USA,16.0,20,288.40
INV001582,2024-10-22,P0393,Manila_DC,JPN,90.0,50,822.49
INV005157,2023-12-27,P0258,Manila Warehouse,,80.0,20 ,945.16
INV007315,2023-09-28,P0416,Dallas DC,aus,15.0,50 units,1613.05
INV005587,2024-06-24,P0169,Dallas DC,USA,226.0,25,888.63
INV004450,2023-05-31,P0444,Sydney DC,ESP,,25,86.60
INV006126,09-28-2023,P0137,Manila_DC,PHL,151.0,50,1095.34
INV001734,2024-06-24,P0171,Frankfurt DC  ,ARE,63.0,25,683.25
INV000728,2024-11-21,P0124,Singapore DC,GHA,52.0,20 ,867.56
INV001334,2023-07-30,P0426,Sydney DC,IND,169.0,10,1094.68
INV005004,2025-11-16,P0350,  Sydney DC ,USA,38.0,50,153.70
INV005345,2023-08-29,P0014,DUBAI DC,nzl,188.0,50,331.38
INV006590,2023/12/27,p0399,Frankfurt DC,PHL,60.0,25,234.10
INV001587,2025-10-17,P0056,Dubai DC,GRC,200.0,20 ,529.55
INV000612,2023-12-27,P0034,FRANKFURT DC,USA,15.0,20,$84.58
INV007403,2024/09/22,P0188,Dubai  DC,USA,79.0,20 ,640.49
INV004365,2025-06-19,P0248,Sydney DC,GBR,,20 ,$75.05
INV004044,28/09/2023,P0003,Sydney DC  ,BRA,172.0,20 ,517.78
INV002160,"Jan 20, 2025",P0298,Dubai_DC  ,IND,229.0,50 units,132.31
INV006867,2025-06-19,P0022,Frankfurt DC,PHL,149.0,10,282.63
INV004356,17/09/2025,p0003,SYDNEY DC,MAR,103.0,50,517.78
INV006657,2024-11-21,P0400,Frankfurt DC,IND,,25,476.94
INV001993,11-21-2024,p0167,Frankfurt_DC,KOR,59.0,25,690.29
INV001567,2024-10-22,P0430,Manila DC,USA,135.0,20 ,138.13
INV001980,2024-11-21,P0390,Manila DC  ,GBR,54.0,20,722.59
INV000386,2024-07-24,P0375,Manila DC,POL,241.0,20 ,253.01
INV006961,2023-04-01,P0091,Singapore Warehouse,,163.0,20 ,NULL
INV001796,2023-12-27,P0279,SYDNEY DC  ,AUS,55.0,NULL,1042.70
INV003971,01/04/2023,P0390,Frankfurt DC,DEU,27.0,25,722.59
INV005426,2023-06-30,P0229,Dubai DC,USA,60.0,20 ,$397.81
INV007639,2024-02-25,P0209,Frankfurt DC,EGY,21.0,50,34.39
INV004327,2024-01-26,P0258,Singapore Warehouse,DEU,37.0,20,945.16
INV001611,2023/11/27,P0451,Dubai DC,JPN,58.0,20,271.84
INV004421,2024-05-25, P0288 ,Frankfurt DC,USA,,50,1385.69
INV000252,2025-07-19,P0156,DUBAI DC,GBR,30.0,20 ,190.53
INV005155,08-18-2025,P0424,Dubai DC, NOR,123.0,25,295.04
INV004748,2024-04-25,P0125,  Frankfurt DC ,FRA,9.0,25,275.50
INV001403,19/06/2025,P0221,Dubai DC,UKR,28.0,50 units,497.92
INV005722,08-18-2025,P0083,Dubai DC  ,SAU,32.0,10,439.01
INV006882,09-28-2023,P0474,Singapore DC  ,RUS,264.0,20 ,184.38
INV000489,2024-09-22,P0174,Dubai DC,BRA,160.0,20 ,$215.95
INV007566,2023-05-01, P0258 ,Dallas DC,FRA,136.0,20 ,945.16
INV002877,2025-05-20,P0125,Sydney  DC,CHN,92.0,10,275.50
INV003574,"Mar 21, 2025",P0124,Manila DC,GBR,23.0,10,867.56
INV003987,2025-08-18,P0374, Manila DC,BRA,161.0,50 units,1275.24
INV005151,2025-11-16,P0307,Singapore DC,hkg,100.0,25,754.66
INV007383,2024-04-25,P0071,Singapore DC,CAN,50.0,50,540.88
INV007763,06-19-2025,P0106,Manila DC,jpn,11.0,50,$140.18
INV005284,12-27-2023,P0441, Sydney DC,KOR,69.0,25,717.68
INV007326,21/12/2024,P0261, Dallas DC,SGP,95.0,50,353.51
INV000358,2023-06-30,P0292,Singapore Warehouse,MYS,164.0,20,249.83
INV005824,2024-02-25,P0308, Manila DC,TWN,18.0,10,654.35
INV002439,"Jul 30, 2023",P0193,manila dc,COL,41.0,50 units,442.33
INV002584,19/06/2025,P0416,Frankfurt DC, GHA,38.0,10,1613.05
INV006536,2025-01-20,P0113,Manila DC,DEU,142.0,50,$413.87
INV004154,02/03/2023,P0444,Frankfurt DC,VNM,24.0,25,86.60
INV001651,"Sep 28, 2023",P0262,Singapore DC,THA,61.0,50 units,181.62
INV000018,2023-07-30,P0470,Sydney DC,AUS,114.0,25,104.73
INV000453,2023-12-27,P0104,NULL,jpn,34.0,10,1095.97
INV006272,2023-12-27,P0464,Singapore DC,jpn,89.0,50,584.53
INV002380,09-28-2023,P0412,Frankfurt Warehouse,USA,16.0,20 ,70.77
INV001153,2025-04-20,P0339,Manila DC,SAU,84.0,50 units,1349.99
INV003899,2025-04-20,P0252, Manila DC,ZAF,26.0,N/A,255.86
INV005398,2025-06-19,P0231,Manila DC,KEN,74.0,25,1464.89
INV001785,2024-02-25,P0255,Sydney_DC,IND,-9.0,25,359.56
INV005749,2025-02-19,P0334,Sydney DC,KOR,37.0,10,577.38
INV004589,21/12/2024,P0085,  Dallas Warehouse ,IND,201.0,10,781.85
INV006947,2025-05-20,P0323,Singapore DC,BRA,69.0,50 units,361.05
INV000110,2023-04-01,P0135,Manila DC,,50.0,20 ,20.57
INV004315,"Dec 27, 2023",P0338,Manila DC,DEU,48.0,50,1282.83
INV003795,2023-10-28,P0347,Dallas DC,HKG,29.0,25,405.34
INV005691,2025-07-19,P0257,Manila_DC,PAK,22.0,50,$30.10
INV001361,2024/11/21,P0326,frankfurt dc,USA,101.0,20 ,895.97
INV004561,2025-02-19,P0321,Dubai DC,CHL,34.0,50,207.69
INV001791,2025-04-20,P0390,Sydney  DC,BRA,133.0,10,722.59
INV001907,2023-09-28,P0124,Manila DC,ISR,65.0,10,867.56
INV004911,2023/09/28,P0426, Sydney DC,TUR,135.0,50 units,1094.68
INV000791,2025-06-19,P0002,Sydney DC,USA,91.0,25,$39.13
INV005863,02-25-2024,P0378,  Dubai_DC ,PHL,33.0,50,119.14
INV004545,2024-09-22,P0473,Singapore DC,GBR,21.0,50,846.99
INV004298,2023-06-30,P0023,Manila DC,PHL,80.0,25,806.82
INV001310,2024-10-22,P0248,Singapore_DC,ind,117.0,10,75.05
INV001181,2024-06-24,p0273,Dubai DC,NGA,140.0,10,1649.21
INV001388,2023-09-28,P0272,Manila DC,rus,46.0,25,160.33
INV006574,01/04/2023,P0217,Manila DC,CAN,222.0,20 ,1062.54
INV006900,2023-05-01,P0172,Frankfurt DC,POL,49.0,50 units,"$1,137.31"
INV002500,2024-02-25,P0283,dubai dc,,93.0,20 ,409.25
INV004400,2025-11-16,P0178,Dallas DC,SWE,38.0,20,940.91
INV006494,2023-01-31,P0411,Singapore DC,IDN,19.0,25,112.44
INV007281,05-25-2024,P0057,Sydney DC,DNK,52.0,25,583.38
INV004406,2024-05-25,P0168,Frankfurt DC  ,BRA,96.0,20,616.44
INV001777,17/10/2025,P0221,Manila DC,MYS,42.0,50,497.92
INV002764,2024-09-22,P0087,Manila DC,USA,37.0,50 units,573.99
INV006229,2023-07-30,P0384,Sydney DC,BRA,34.0,20,814.69
INV004123,2024-03-26,P0314,FRANKFURT DC, BRA,27.0,50,183.07
INV000548,2024-11-21,P0001,Sydney Warehouse,ITA,8.0,10,$198.33
INV006508,2025-04-20,P0125,Frankfurt DC,CHN,117.0,25,275.50
INV003150,2023/01/31,P0334,Sydney_DC,FRA,160.0,20,577.38
INV003857,2025-06-19,P0065,Sydney_DC,ESP,28.0,20,275.70
INV006664,21/03/2025, P0413 ,Sydney DC,FRA,30.0,10,69.90
INV001979,2024-12-21,P0341,Frankfurt DC,CHL,97.0,25,159.67
INV004420,"Jun 19, 2025",P0388, Dallas DC,RUS,104.0,50 units,70.63
INV001092,,P0134,Singapore DC,THA,89.0,20,1526.45
INV004725,2023-07-30,P0166,SINGAPORE DC,ESP,21.0,10,1551.16
INV001241,2025-08-18,P0298,Frankfurt DC,NLD,56.0,20 ,132.31
INV002881,2023-12-27,P0443,Sydney DC,IDN,31.0,50,N/A
INV006437,22/09/2024,P0240,Dallas DC,NLD,23.0,10,337.12
INV000193,2023-09-28,P0125,Sydney_DC,GHA,107.0,50,275.50
INV007657,10-28-2023,P0262, Frankfurt DC,usa,99.0,50,181.62
INV006731,2024-12-21,P0335,Singapore DC,BRA,39.0,20,206.76
INV002635,23/08/2024,P0006,  Singapore DC ,GBR,105.0,25,507.59
INV003021,2025-11-16,P0342, Dallas DC,TWN,92.0,20 ,45.41
INV005271,2024/10/22,P0102, Dallas DC,ARE,50.0,20,2178.97
INV003829,2023-06-30,P0201,  Singapore DC ,AUT,131.0,50,$805.03
INV000956,2025-11-16,P0037,Dubai DC,THA,122.0,10,235.52
INV005057,2024-12-21,P0223,Dubai_DC,BRA,66.0,25,$291.25
INV006932,25/02/2024,P0157,Sydney DC,CHN,30.0,,428.62
INV002481,2025-06-19,P0274,Dubai DC,USA,306.0,NULL,null
INV003400,2024/02/25,P0184,Manila DC,JPN,60.0,50,1643.13
INV001841,2023-01-31,P0411,Sydney_DC,ARE,145.0,20,112.44
INV005129,2024-11-21,P0393,Dubai DC, USA,77.0,50 units,822.49
INV003013,01-01-2023,P0179,Sydney DC,IND,16.0,10,$52.95
INV006224,21/12/2024,P0089,Manila DC,USA,130.0,50,800.59
INV002169,2024-05-25,P0420,Sydney DC,IND,130.0,20,272.48
INV003970,2023-09-28,P0111,DALLAS DC,CHN,105.0,10,393.07
INV002118,2025-02-19,P0202,Singapore DC,GBR,16.0,50,532.73
INV003796,2025-08-18,P0281,,BGD,60.0,50 units,421.79
INV001527,04-25-2024,P0123,Manila_DC,BRA,154.0,25,$617.89
INV000885,2024-01-26,P0362,Sydney DC, ESP,128.0,10,469.11
INV006721,2025-11-16,P0207,frankfurt dc  ,CHN,40.0,20 ,$288.40
INV004288,2024-12-21,P0469,Manila Warehouse,VNM,75.0,20 ,811.02
INV003480,2024-09-22,P0009,Sydney DC,DEU,19.0,20,1370.71
INV005484,2024-05-25,P0393, Sydney DC,USA,15.0,50,822.49
INV001760,2024-08-23,P0181,Frankfurt DC,CHN,79.0,50,$448.40
INV003818,2024-07-24,P0009,FRANKFURT DC,USA,-19.0,25,"$1,370.71"
INV002440,2024-07-24,P0349,Sydney DC,EGY,129.0,20,1417.16
INV005711,25/05/2024,P0370, Dallas DC,DEU,160.0,50,$286.28
INV007575,2024-08-23,P0392,Manila DC,GBR,58.0,NULL,788.36
INV004036,20/05/2025,P0109,Singapore DC,JPN,40.0,10,$878.89
INV002073,2023-07-30,P0358, dubai dc,USA,198.0,20 ,$362.65
INV003395,2023-05-01,P0476,dallas  dc,VNM,48.0,25,1318.12
INV002901,2024-06-24,P0312,Manila Warehouse,ESP,101.0,10,"$1,807.34"
INV007455,17/10/2025,P0168,Sydney DC,FRA,66.0,10,616.44
INV004230,2025-09-17,P0132,Sydney DC,EGY,84.0,25,239.74
INV004416,2023-09-28,P0358,Frankfurt DC, DEU,190.0,50,362.65
INV003866,2023/12/27,P0052,Singapore DC  ,CHN,36.0,50 units,$150.88
INV000849,2024-06-24,P0146,Dubai DC,CHN,62.0,50 units,321.68
INV003426,11-27-2023,P0313,Sydney DC,UKR,24.0,10,1008.89
INV000585,"Jan 20, 2025",P0402,Frankfurt DC,USA,152.0,50,223.17
INV004022,2023-06-30,P0141,FRANKFURT DC  ,PHL,107.0,20,NULL
INV006045,21/03/2025,P0365,Sydney_DC,PHL,66.0,50,$98.50
INV001016,2023-03-02,P0225, Sydney DC,HKG,-23.0,50,$413.07
INV006325,"May 01, 2023",P0348,Dubai Warehouse,THA,96.0,50 units,114.39
INV001788,2025-01-20,P0251,Dallas DC,AUS,36.0,50 units,1041.74
INV005558,2025-06-19,P0383,Frankfurt DC,PHL,44.0,50 units,1881.86
INV000203,2025-11-16,P0408,MANILA DC,UKR,44.0,25,$753.00
INV005010,2023-06-30,P0051,Manila_DC,AUS,50.0,50,154.89
INV005794,"Aug 18, 2025",P0427,Singapore_DC,JPN,144.0,20 ,169.17
INV006944,27/11/2023,P0048,Manila DC,DEU,73.0,50 units,605.53
INV004273,2024-04-25,P0374,dallas dc,BGD,142.0,N/A,1275.24
INV002300,2025-03-21,P0232,Dubai DC,usa,53.0,50 units,null
INV000098,2023-06-30,P0415,null,FRA,150.0,20 ,NULL
INV004851,19/06/2025,P0340,Singapore DC,BRA,16.0,25,117.81
INV007452,19/06/2025,P0379,Dubai DC,GBR,59.0,20 ,1921.81
INV002839,2025-09-17,P0408,Dallas DC,CAN,9.0,10,$753.00
INV002811,2023-09-28,P0094,Sydney DC,HKG,176.0,25,321.40
INV003498,2025-05-20,P0180,Dubai DC,KOR,27.0,20,216.26
INV000108,11-21-2024,P0281,MANILA DC,KOR,189.0,50,421.79
INV007540,2024-01-26,P0331,DUBAI DC,FRA,125.0,50,647.08
INV000464,2023-05-01,P0141,Dallas DC,USA,31.0,20 ,70.64
INV002304,2023-12-27,P0170,Frankfurt DC,,212.0,20,333.68
INV003167,20/05/2025,P0437,Singapore DC,FRA,111.0,25,121.14
INV006716,2024-04-25,P0190,Sydney DC,JPN,33.0,10,492.51
INV004371,2023-05-31,P0347,NULL,KOR,84.0,10,405.34
INV005168,26/03/2024,P0131,Frankfurt DC,aus,27.0,10,315.08
INV005299,2025-02-19,P0275,Sydney DC,FRA,26.0,50 units,223.15
INV003631,"Jun 19, 2025",P0341,Sydney DC,GBR,217.0,20,159.67
INV002799,"May 31, 2023",P0066,Singapore DC,ESP,,20,243.76
INV005265,2024-07-24,P0402,Dubai DC,USA,75.0,25,223.17
INV003811,10-28-2023,P0474,MANILA DC,USA,37.0,25,184.38
INV004839,2023-01-31,P0173,Singapore DC,AUS,156.0,25,147.36
INV002758,2023-05-01,P0053, Dallas DC, ARE,112.0,20 ,71.16
INV001580,"Jul 19, 2025",P0197,Singapore DC,TWN,85.0,25,488.47
INV003985,2023-06-30,P0034,Frankfurt DC  ,USA,83.0,20 ,84.58
INV001280,09-17-2025,P0266, Dubai DC,AUS,35.0,20,382.81
INV005432,2023-01-01,p0084,Manila DC,TWN,30.0,50,1693.83
INV006955,"Jul 30, 2023",P0005,Dubai DC,USA,-25.0,50,206.85
INV002506,2025-10-17,P0395,SINGAPORE DC  ,AUS,73.0,50 units,282.19
INV002731,07-30-2023,P0171,  Frankfurt DC ,PHL,94.0,25,$683.25
INV007439,2023/12/27,p0424,Manila Warehouse,ind,57.0,20,295.04
INV007836,2023-03-02,P0275,Frankfurt Warehouse,,119.0,50,$223.15
INV007384,2025-09-17,P0322,Sydney DC,PHL,45.0,20,$109.08
INV002410,,P0430,Dallas DC,IND,50.0,25,138.13
INV005769,2025-07-19,P0143,Manila DC,PHL,34.0,10,1273.62
INV000644,2023-07-30,P0080,Manila Warehouse,CHE,86.0,20,208.69
INV007344,2025-05-20,P0231,Sydney DC,GHA,,50 units,1464.89
INV006078,2023-01-31,P0030,Singapore DC,SGP,85.0,20 ,155.94
INV003416,2024/03/26,P0068,SINGAPORE DC,TUR,130.0,20 ,362.47
INV003912,2023-04-01,P0075,Singapore DC,ARE,55.0,50,182.37
INV000467,2025-05-20,P0225,Manila DC,THA,69.0,50,413.07
INV002887,27/11/2023, P0268 ,Frankfurt DC,PHL,29.0,50,489.43
INV004465,2024-03-26,P0104,Dallas Warehouse,NGA,151.0,50,1095.97
INV000685,2024-07-24,P0226,Singapore DC,NLD,59.0,50 units,98.71
INV004640,07-19-2025,P0448,Dallas DC  ,GRC,56.0,N/A,196.16
INV001266,09-28-2023,P0429,Dubai Warehouse,IND,16.0,20 ,494.45
INV004490,2024-11-21,P0243,dallas dc, MEX,25.0,50,$179.19
INV007676,2024-10-22,P0277,N/A,USA,146.0,20,1102.84
INV003720,,P0120,Dallas_DC,GHA,,10,$344.85
INV007592,2023-07-30,P0469,Manila DC,USA,96.0,50,811.02
INV001127,2023/08/29,P0240,Sydney DC,IND,22.0,50,
INV006889,2025-03-21,P0039,Manila DC,ISR,77.0,50 units,246.42
INV003873,2025-07-19,P0131,Singapore DC,jpn,107.0,20 ,315.08
INV000856,2025/04/20,P0065,Dubai DC,SAU,94.0,20 ,275.70
INV000188,2023-07-30,P9007,Dubai DC  ,ESP,106.0,20 ,204.18
INV005304,NULL,P0430,Dallas DC, NOR,61.0,50 units,$138.13
INV004821,2023-01-01,P0129,,IRL,21.0,50 units,
INV004874,2025-05-20,P0371,Frankfurt DC,GBR,17.0,50,239.13
INV005353,10-22-2024,P0072,Sydney DC,DEU,81.0,10,63.48
INV003264,2025-02-19,P0204,Frankfurt DC,JPN,114.0,50,690.23
INV001312,04-20-2025,P0114,singapore dc,BGD,49.0,25,1572.30
INV003427,01-26-2024,P0293, Dubai DC,ARE,47.0,50,1874.55
INV007533,2023-04-01,P0410,frankfurt  dc,HKG,84.0,20,475.18
INV005036,2024-03-26,p0335,DALLAS DC,KEN,107.0,N/A,$206.76
INV003148,10-17-2025,P0106,sydney dc,JPN,47.0,50,140.18
INV002890,2023-07-30,P0335,Sydney DC,FRA,29.0,25,206.76
INV000813,2025-05-20,P0179,singapore dc,PHL,57.0,10,52.95
INV004382,17/10/2025,P0136,NULL,CHE,97.0,10,124.40
INV006904,2024/11/21,P0122, Dallas DC,DNK,88.0,20,180.96
INV007360,12-27-2023,P0440,SINGAPORE DC,,46.0,25,382.33
INV006182,2023-01-31,P0182,Sydney DC,GBR,142.0,50 units,148.98
INV001157,2023-08-29,P0381,Dubai DC,phl,-22.0,25,554.55
INV005290,2025-05-20,P0290,NULL,KOR,56.0,25,571.76
INV004999,2024-05-25,P0138,Singapore DC, BRA,96.0,50 units,385.32
INV007361,29/08/2023,p0052, Dallas_DC,USA,15.0,50 units,150.88
INV000668,2023-05-01,P0100,Dallas DC,CHN,56.0,20,1301.31
INV007206,2024-03-26,P0286,Sydney DC,CHN,132.0,20,$238.90
INV007451,2023-12-27,P0160,Frankfurt DC  ,CAN,89.0,20 ,356.16
INV002308,2024-04-25, P0195 ,,AUS,107.0,50,616.31
INV003144,2023-03-02,P0444,Frankfurt DC,THA,43.0,20 ,86.60
INV004472,2024-10-22,P0254,Singapore DC,mex,,20 ,302.07
INV001524,26/03/2024,P0080,Dallas DC,CHN,81.0,25,$208.69
INV005752,2025-11-16, P0126 ,Dallas Warehouse  ,GHA,114.0,20,678.62
INV006550,2023-09-28,P0350,manila dc,SGP,45.0,20 ,153.70
INV007549,2023-03-02,P0276,Manila_DC,FRA,23.0,25,677.68
INV002210,2023-01-01,P0459,Manila DC,USA,183.0,10,232.90
INV005624,2024-09-22,P0074,Frankfurt_DC,TUR,31.0,10,393.85
INV007325,2024-12-21,P0089,frankfurt dc,RUS,26.0,50,$800.59
INV001449,2024-06-24,P0380,singapore dc,sau,11.0,25,NULL
INV002339,NULL,P0181,Singapore DC, MEX,327.0,20,448.40
INV007822,30/07/2023,P0426,Manila DC,bra,86.0,25,"$1,094.68"
INV002081,2023-05-01,P0189,Dallas DC,GBR,94.0,20,118.94
INV003788,2025-01-20,P0235,Singapore DC,PHL,72.0,20 ,162.49
INV000627,20/05/2025,P0187,Frankfurt DC,USA,125.0,20,1292.73
INV000590,2025-10-17,P0102,DUBAI DC,IRL,147.0,50 units,2178.97
INV004477,04-25-2024,P0303,Manila DC,PHL,42.0,50 units,$614.16
INV005644,2023-03-02,P0399,Singapore DC,FRA,64.0,50,234.10
INV003695,2023-06-30,P0353,Manila DC,,84.0,20,$396.59
INV006015,2024-09-22,p0160,Manila DC,PRT,70.0,50,$356.16
INV002835,2023-09-28,P0041,Frankfurt DC,,169.0,50 units,384.99
INV007268,2024-06-24,P0081,frankfurt dc,USA,28.0,25,$962.72
INV004124,01-31-2023,P0077,Sydney DC  ,IDN,59.0,50,138.22
INV003349,2023-12-27,P0444, Frankfurt DC,,23.0,20 ,86.60
INV005600,2023-05-31,P0150,Sydney DC,POL,-26.0,50,603.49
INV006793,2025-11-16,P0471,Dallas  DC,PAK,149.0,25,124.22
INV007276,2023-01-31,P0050,Dallas DC,POL,,25,130.96
INV002433,2023-07-30,P0478, Manila DC,ARG,42.0,25,1422.93
INV005468,09-22-2024,P0091,Manila DC,ESP,52.0,20 ,85.53
INV006510,2025-10-17,P0465,DALLAS DC,IND,23.0,10,70.39
INV006981,2024-11-21,P0209,Dallas DC,CHN,82.0,50,34.39
INV003320,2025-03-21,P0344,Frankfurt DC,HKG,38.0,25,$332.94
INV006670,02/03/2023,P0309,Dubai DC  ,GBR,61.0,20,$277.16
INV001130,2023-03-02,P0236,Manila DC,CAN,44.0,10,510.62
INV007345,2023-04-01,P0305,Frankfurt_DC,usa,129.0,20 ,465.44
INV004626,2025/09/17,P0024,Dallas DC,IND,40.0,20,541.27
INV005108,2023-01-31,P0410,Manila DC,FRA,80.0,25,475.18
INV001163,2023-09-28,p0155,Dallas DC,ITA,24.0,25,352.91
INV007746,"Oct 17, 2025",P0042,null,KEN,61.0,20 ,NULL
INV004972,2023-06-30,P0410,Singapore DC  ,AUT,55.0,10,475.18
INV004843,2024-08-23,P0077,SINGAPORE DC,CHL,42.0,25,138.22
INV004362,2025-01-20,P0450,Dallas DC,ZAF,22.0,25,184.31
INV006267,2023-06-30,P0432,Frankfurt DC,USA,72.0,20 ,$863.37
INV007792,2025-09-17,P0347,sydney dc,NLD,72.0,25,405.34
INV007535,2025-02-19,P0346,Manila DC,FRA,190.0,50 units,243.91
INV004729,2023-06-30,P0265,Sydney Warehouse,chn,60.0,10,"$1,015.41"
INV003475,2024-11-21, P0469 ,Sydney DC,USA,152.0,50 units,811.02
INV004987,2025-03-21,P0206,singapore dc,ISR,42.0,20,281.59
INV003382,2024-04-25,P0274,manila dc,DEU,33.0,20 ,744.08
INV006295,2024-06-24,P0284,Manila_DC,USA,226.0,20,1835.64
INV000281,2024-01-26,P0285,Dubai DC,BRA,27.0,50 units,93.53
INV002759,2023-03-02,P0035,Singapore Warehouse,MEX,15.0,25,153.63
INV001533,2024-05-25,P0272,Sydney DC,MEX,59.0,20 ,160.33
INV004633,2025/03/21,P0416,Dallas DC  ,IND,58.0,25,1613.05
INV001460,2025-03-21,P0185,DUBAI DC,KEN,117.0,20 ,159.37
INV006175,2024-04-25,P0094,SYDNEY DC,IND,37.0,50 units,$321.40
INV001444,2024/10/22,P0287,,CAN,11.0,,77.25
INV005328,2025-01-20,P0047,SYDNEY DC,AUS,42.0,25,453.19
INV000291,2024-12-21,P0165,Frankfurt Warehouse,pol,163.0,20,1599.84
INV002437,2024-03-26,P0442,Manila_DC,USA,83.0,10,186.37
INV000735,2023-05-31,P0161,Frankfurt Warehouse,CHN,12.0,25,null
INV005652,2023-04-01,P0182,Singapore DC,FRA,131.0,50 units,148.98
INV003536,"Dec 27, 2023",P0330,Frankfurt DC,CHN,29.0,20,203.65
INV007436,"Apr 20, 2025",P0306, Singapore DC,,98.0,50 units,282.77
INV001537,19/07/2025,P0022,Sydney DC, MYS,-10.0,20,282.63
INV004058,,P0076,Dallas_DC,ZAF,127.0,10,1500.98
INV005768,30/07/2023,P0461,Sydney DC,MEX,43.0,25,163.23
INV003748,2023-07-30,P0245,Dallas DC,VNM,84.0,20,$520.27
INV006179,2024/03/26,P0013,MANILA DC  ,HKG,19.0,20,403.24
INV000135,2024-12-21,P0267,Dubai DC,phl,18.0,20,1423.61
INV001193,17/10/2025,P0244,Frankfurt DC,CAN,35.0,25,1489.89
INV004675,"May 20, 2025",P0078,Dubai_DC,VNM,107.0,25,$338.99
INV004377,2024-01-26,P0124,dubai dc,ARG,55.0,50,867.56
INV001494,2023-05-01,P0027,Frankfurt DC,CAN,172.0,20 ,$46.93
INV003097,2023-01-31,P0285,Dubai DC,BRA,80.0,10,$93.53
INV007643,2023-05-01,P0005,Frankfurt_DC,TWN,50.0,10,206.85
INV000323,2024-11-21,P0437,Manila DC,USA,42.0,50 units,121.14
INV006826,02-19-2025,P0058,Singapore DC, SGP,53.0,20 ,1363.40
INV005714,2024-02-25,P0076,Dallas DC,FRA,233.0,20,1500.98
INV006165,04-20-2025,P0443,Sydney Warehouse,CHN,12.0,20,275.54
INV001259,2024-08-23,P0004,manila dc  ,GRC,67.0,25,455.02
INV004889,2025-03-21,P0066,Dallas DC,POL,143.0,50,243.76
INV003370,2025/03/21,P0278,Dallas_DC,NZL,38.0,50,237.33
INV007773,"May 20, 2025",P0466,Sydney DC,MYS,15.0,50,965.94
INV001758,2023-09-28,P0404, Dubai DC,CHN,17.0,50 units,1036.52
INV001119,2024-05-25,P0218,Manila DC,FRA,27.0,20,1050.16
INV003914,2023-01-01,P0122, Sydney DC,,236.0,25,180.96
INV005984,,P0402, Manila DC,CHL,83.0,20 ,223.17
INV001889,2024-06-24,P0341,Manila Warehouse,isr,82.0,25,159.67
INV007698,2025-08-18,P0206,SYDNEY DC,UKR,96.0,10,281.59
INV003215,2025/09/17,P0127,Manila DC,CHN,169.0,25,1057.48
INV004321,2023-10-28,P0320,  Singapore DC ,FRA,48.0,10,355.65
INV006848,2024-08-23,P0396,Dallas Warehouse,USA,94.0,10,65.57
INV002827,2025-03-21,P0336,dubai dc  ,phl,67.0,50 units,180.18
INV003350,2023-11-27,P0077,Dallas_DC,MAR,10.0,20,138.22
INV002031,2023-04-01,P0176,Singapore_DC,DNK,17.0,25,374.00
INV005061,2024-04-25,P0470,Singapore DC  ,USA,227.0,20,104.73
INV001952,2024-11-21,P0080,Sydney DC,ZAF,79.0,20,208.69
INV003119,2024-05-25,P0294,Dubai DC,CHN,35.0,50 units,290.11
INV001216,"Apr 25, 2024",P0158,Dallas DC,AUT,65.0,10,308.39
INV002769,"Aug 18, 2025",P0060,frankfurt dc, CHN,48.0,NULL,720.76
INV000423,2024-08-23,P0458,Dallas DC,zaf,55.0,50,482.57
INV002562,2023-01-31,P0194,Singapore DC,idn,152.0,20 ,null
INV000564,01/05/2023,P0242,Singapore DC,NLD,110.0,50 units,$31.06
INV001616,27/11/2023,P0276, Singapore Warehouse,IND,143.0,20,677.68
INV003667,"May 01, 2023",P0433,Manila DC,NOR,50.0,50 units,388.52
INV005654,NULL,P0080,Sydney DC,NULL,72.0,10,208.69
INV002335,22/09/2024,P0136,Manila DC,CAN,25.0,20,$124.40
INV006011,2025-03-21,P0131,Singapore DC,esp,66.0,25,315.08
INV006474,2023-06-30,P0278,frankfurt dc,CHN,77.0,20,237.33
INV005109,2025-05-20,P0220,frankfurt dc,SAU,30.0,50 units,153.59
INV005890,2023-05-01,P0181,Manila DC,CAN,109.0,10,448.40
INV003741,"Sep 17, 2025",P0190,Dallas DC,PAK,20.0,20,492.51
INV001592,26/03/2024,P0032,null,USA,31.0,25,67.52
INV007254,2025-04-20,P0146,Sydney Warehouse,CAN,15.0,10,321.68
INV006654,07-19-2025,P0293,Dallas DC,SGP,45.0,20 ,1874.55
INV006425,,P0107,Manila_DC,swe,74.0,50 units,353.21
INV005631,2023-05-31,P0165,Dubai_DC,BRA,68.0,10,1599.84
INV004009,09-17-2025,P0468,Singapore DC,MYS,106.0,50,182.15
INV001964,2025-07-19,P0352,Sydney DC,SAU,38.0,10,176.94
INV006903,2025-01-20,P0478,Singapore DC,USA,-12.0,10,"$1,422.93"
INV003744,2023-11-27,P0042,manila dc,USA,98.0,20,237.95
INV002706,2025-05-20,P0052,Frankfurt DC,MAR,91.0,25,$150.88
INV001000,2024-02-25,P0393,Dallas DC  ,JPN,33.0,50,822.49
INV004263,2023-12-27,P0261,Dubai DC,AUS,138.0,10,353.51
INV004362,2025-01-20,P0450,Dallas DC,ZAF,22.0,25,184.31
INV006872,06-19-2025,P0105,Manila DC,SWE,18.0,10,333.17
INV003676,2024-12-21,P0459,Singapore Warehouse,PHL,,20,232.90
INV001833,2024-03-26,P0175,Manila_DC,POL,41.0,50 units,297.28
INV005916,2024-05-25,P0457,Dallas DC,VNM,41.0,20,80.12
INV004048,2023-05-31,P0254,Singapore DC,ITA,41.0,10,302.07
INV004114,31/05/2023,P0366,Dallas DC,JPN,48.0,10,305.37
INV004800,30/06/2023,P0298,Sydney DC,BRA,40.0,20,132.31
INV004200,21/11/2024,P0473,Dubai DC  , UKR,130.0,50,846.99
INV002703,2024-03-26,P0258,Dubai DC,CHN,61.0,25,$945.16
INV003891,26/03/2024,P0240,Singapore DC,ESP,53.0,50,$337.12
INV007696,2023-01-01,P0103,Dallas DC,GBR,75.0,50,NULL
INV007299,2023-03-02,P0366,Dallas DC,IDN,58.0,null,N/A
INV004427,2025-05-20,P0397, Dubai DC,BRA,100.0,20 ,314.52
INV004003,02-19-2025,P0171,Dubai DC,CHN,40.0,20 ,683.25
INV004957,2025-08-18,P0239,Singapore DC  ,PHL,112.0,10,1152.66
INV007790,2024-10-22,P0107,Frankfurt DC,SGP,238.0,10,353.21
INV000566,2024-09-22,P0344,Manila DC,BRA,30.0,50,$332.94
INV005433,04-25-2024,P0121,Dubai DC,GHA,37.0,25,386.62
INV005940,2025-06-19, P0420 , Sydney_DC,JPN,40.0,20 ,272.48
INV006677,2024-03-26,P0188,sydney dc,GBR,24.0,50,640.49
INV006198,2025-04-20,P0440,Singapore DC,KOR,46.0,50 units,382.33
INV001691,NULL,P0339,frankfurt dc,FRA,97.0,50,1349.99
INV006922,2024-08-23,P0005,Dallas DC,PHL,20.0,50,206.85
INV000290,NULL,P0314,Sydney DC, DEU,97.0,10,183.07
INV005729,2023-10-28,P0336,MANILA DC,TWN,54.0,50,NULL
INV000478,2023-06-30,P0437,Dubai DC  ,ARE,199.0,50,121.14
INV006421,2023-12-27,P0087,Dubai DC  ,USA,123.0,50 units,573.99
INV006399,2023-01-01,P0322,Dallas_DC,SGP,37.0,50 units,109.08
INV006742,2023-11-27,P0434,Dubai DC,RUS,200.0,50,508.81
INV004772,"Mar 21, 2025",P0044,Singapore Warehouse,CHE,44.0,50 units,346.35
INV007803,2025-09-17,P0285,Singapore DC,MEX,28.0,25,$93.53
INV003265,2024-12-21,p0219,Singapore DC,USA,143.0,20 ,228.15
INV005724,2025-05-20,p0137,Singapore DC,esp,112.0,25,1095.34
INV003689,2024-01-26,P0278,Dallas DC,USA,123.0,10,237.33
INV003220,2024-02-25,P0118,Frankfurt_DC,KEN,,10,169.30
INV004425,2024-04-25, P0444 ,Manila DC,can,71.0,50 units,86.60
INV001426,2025-01-20,P0110,Singapore DC,AUS,152.0,25,600.07
INV001301,"Jun 19, 2025",P0226,Dallas DC,IND,,20,98.71
INV003194,2024-01-26,P0248,Singapore Warehouse,BRA,54.0,10,$75.05
INV002583,11-27-2023,P0345,,COL,61.0,,223.23
INV003637,2023-08-29,P0444,Dubai DC  ,CHN,54.0,25,86.60
INV001456,2025-11-16,P0480,Manila_DC,CHN,112.0,25,435.01
INV005894,2023-08-29,P0333,Frankfurt DC,USA,76.0,10,588.69
INV004789,2024-08-23,P0421,Dallas DC,POL,44.0,50 units,95.44
INV003512,19/06/2025,P0052,Dubai DC,TUR,113.0,50 units,150.88
INV005114,2023-01-01,P0146,Manila DC,USA,87.0,50,321.68
INV001173,2024-04-25, P0029 ,dubai dc,HKG,75.0,10,504.26
INV006491,2023-04-01,P0464,Frankfurt DC,AUT,177.0,10,584.53
INV001182,2024-02-25,P0450,Dubai DC,CHN,20.0,20 ,184.31
INV001014,2024-07-24, P0426 , Manila DC,CHN,52.0,20 ,1094.68
INV003934,2025-06-19,P0346,sydney dc,ITA,51.0,20 ,243.91
INV004015,2025-03-21, P0123 ,Dallas Warehouse,NLD,74.0,20 ,$617.89
INV000444,01-01-2023,P0260,  Sydney DC ,tha,62.0,25,135.64
INV000370,"Jan 01, 2023",P0175,Dubai DC,CHN,19.0,50,297.28
INV004743,02/03/2023,P0256,Manila DC,CHL,68.0,20 ,266.93
INV005732,2023-01-01,P0228,Sydney Warehouse,MEX,-21.0,20 ,143.79
INV003007,2023-08-29,P0443,Sydney DC,CHE,3.0,25,$275.54
INV006543,2025-04-20,P0025,Singapore DC,CHN,93.0,20 ,369.52
INV005550,2023-07-30,P0057,Sydney DC,CHN,170.0,10,583.38
INV005753,2024/07/24,P0080,Sydney DC,DEU,16.0,20 ,$208.69
INV001814,2024-06-24,P0364,Dubai DC,ARG,149.0,50,610.93
INV000586,2024-11-21,P0020,DUBAI DC,can,61.0,10,$264.27
INV006794,"Mar 02, 2023",P0090,Frankfurt DC,DEU,63.0,50 units,81.60
INV007813,2024-02-25,P0267,Sydney DC,FRA,,20 ,null
INV007601,"Jun 19, 2025",P0093,Sydney DC,ISR,84.0,25,219.16
INV006253,"Aug 23, 2024",P0432,Frankfurt DC,IRL,100.0,25,863.37
INV007460,"May 20, 2025",P0239,Manila DC,KOR,136.0,50 units,1152.66
INV007365,2025-02-19,P0146,  Dallas DC ,TWN,116.0,20 ,321.68
INV000763,2025-07-19,P0029,Frankfurt DC, CAN,-5.0,50,504.26
INV007157,"Jan 26, 2024",P0124,Manila DC,VNM,30.0,,867.56
INV003504,2023-01-01,P0085,Dallas_DC,CAN,155.0,25,781.85
INV000473,2023-01-31,P0209,Dallas Warehouse,NZL,107.0,10,34.39
INV004500,19/06/2025,P0039, Singapore DC,ARE,40.0,25,246.42
INV002255,2024-04-25,P0164,manila dc,MEX,45.0,50,433.13
INV003581,2023-09-28,P0320,Manila_DC,ESP,405.0,50,355.65
INV006449,2025-11-16,P0007, Dallas DC,TUR,44.0,10,102.94
INV004736,19/02/2025,P0170,DALLAS  DC,IDN,90.0,25,$333.68
INV004964,2023-01-01, P0455 ,Sydney Warehouse,CHE,104.0,50 units,491.96
INV000263,2024-06-24,P0217,Dallas DC,USA,32.0,25,1062.54
INV002456,2023-12-27,P0070,Singapore DC,ind,106.0,50,250.81
INV000450,2023-12-27,P0356,Sydney DC  ,GBR,104.0,50 units,437.24
INV003846,2023-08-29,P0333,Sydney DC  ,JPN,,50 units,588.69
INV001068,2025-04-20,P0104,Sydney DC,ITA,156.0,20,1095.97
INV002713,2023-06-30,P0229,Manila DC,SAU,47.0,20 ,397.81
INV001289,2024-02-25,P0092,Manila DC,dnk,45.0,20 ,$234.17
INV002800,06-30-2023,P0017,Sydney DC,USA,86.0,50,NULL
INV007347,2024-03-26,P0330, Manila DC,USA,8.0,50,203.65
INV001927,2024-10-22,P0438,Frankfurt Warehouse,USA,58.0,null,391.81
INV005535,2025-02-19,P0457,Sydney DC,FRA,27.0,50,80.12
INV003289,2024-01-26,P0085,Dubai DC,POL,79.0,25,781.85
INV004726,2023-06-30,P0186,Dallas_DC  ,fra,293.0,50,346.78
INV000297,2025/10/17,P0293,Sydney DC,NLD,157.0,25,1874.55
INV002763,2023-10-28,P0450, Dubai_DC,ZAF,76.0,50,184.31
INV000003,2025-03-21,P0268,MANILA DC,THA,123.0,50 units,489.43
INV001942,2025/05/20,P0153,Manila DC,idn,106.0,20,377.27
INV005466,2025-04-20,P0450,frankfurt dc,DNK,54.0,50 units,184.31
INV003745,2023-12-27,P0096,Frankfurt DC,USA,144.0,50,70.56
INV001098,,p0190,Singapore DC, CAN,70.0,50,492.51
INV004259,2023-08-29,P0354,Sydney DC,USA,56.0,25,N/A
INV005343,19/02/2025,P0301,Dubai DC,ken,92.0,50,327.68
INV006673,03-02-2023,P0344,Manila DC,AUS,57.0,50,332.94
INV000485,2024-09-22,P0473,MANILA DC  ,PRT,92.0,50,$846.99
INV003393,2025/08/18,P0408,dubai dc,usa,102.0,20 ,753.00
INV004998,"Aug 18, 2025",P0177,Manila DC,IND,151.0,10,1340.72
INV004161,2023-10-28, P0311 ,Singapore DC  , CHN,125.0,50 units,556.63
INV006313,2024-12-21,P0089,Dubai DC,CHN,113.0,10,$800.59
INV002011,"Mar 02, 2023",P0265,Dallas DC,SGP,58.0,50 units,1015.41
INV006762,"Sep 17, 2025",P0351,Singapore DC,AUS,90.0,50,343.53
INV006132,2023-01-01,P0314,Sydney DC,MEX,71.0,10,183.07
INV003244,2024-06-24,P0123,manila dc,IND,22.0,25,617.89
INV004960,2025-06-19,P0347,  Singapore DC , SGP,106.0,50,405.34
INV000495,05-31-2023,P0184,,CHN,74.0,20 ,1643.13
INV003500,2023-11-27,P0296,Sydney DC,CAN,74.0,10,218.07
INV003768,2024-03-26,P0218,Dallas DC,IND,,50 units,"$1,050.16"
INV007256,2024-08-23,P0456,Dallas DC,USA,59.0,10,$302.99
INV005131,2025-01-20,P0040,Dubai  DC,DEU,118.0,20,1140.69
INV006236,03-21-2025,P0439,Frankfurt DC,CHN,84.0,10,783.98
INV004042,"Sep 17, 2025",P0121,Frankfurt DC,PHL,45.0,10,$386.62
INV005063,26/01/2024,P0212,Singapore DC, CHN,19.0,25,1044.35
INV001345,2023-10-28,P0479,MANILA DC,KEN,93.0,25,128.08
INV006111,2024-12-21,P0039,Frankfurt DC,POL,32.0,20 ,$246.42
INV001650,2025-03-21,P0035,Dallas_DC,MYS,62.0,25,153.63
INV004016,2024-05-25,P0147, frankfurt dc,KOR,31.0,20,769.31
INV007637,17/09/2025,P0339,Dubai Warehouse  ,THA,63.0,20 ,null
INV004646,25/04/2024,P0205,Frankfurt Warehouse,EGY,38.0,20 ,"$1,984.39"
INV005983,2025-08-18,P0035,Frankfurt DC,ITA,82.0,10,N/A
INV004917,"Mar 26, 2024",P0066,null,MYS,14.0,50,243.76
INV004412,"Oct 22, 2024",P0077,NULL,CHE,158.0,10,$138.22
INV004357,2025/01/20,P0087,Dallas DC,PHL,277.0,20 ,$573.99
INV001052,2024-05-25,P0158,Frankfurt DC,CAN,27.0,50 units,308.39
INV003926,2025-08-18,P0206,Sydney DC  ,UKR,125.0,50,281.59
INV001719,2023/04/01,P0457,SYDNEY DC,NOR,56.0,50 units,80.12
INV006192,2023/03/02,P0001,Manila DC,USA,63.0,50,198.33
INV000295,2024-03-26,P0363,Singapore DC,GBR,22.0,10,620.30
INV001054,2025-06-19,P0031,DALLAS DC,DEU,65.0,50 units,366.93
INV001511,"Jun 19, 2025",P0419,Singapore DC,sau,45.0,10,1142.25
INV003286,01-01-2023,P0209,Dubai DC,phl,50.0,50,34.39
INV006330,2024-08-23,P0345,,USA,47.0,10,223.23
INV003179,2024-12-21,P0069,sydney dc,NULL,121.0,,$166.99
INV007480,2024/11/21,P0153,Frankfurt DC,KEN,76.0,10,377.27
INV003292,2025-01-20,P0248,Singapore DC,GBR,119.0,20,75.05
INV004049,20/05/2025,p0086,  Manila DC ,,72.0,20,772.42
INV003623,2023-05-01,P0010,Dallas DC, TUR,21.0,10,362.45
INV002729,2025-03-21,P0111,Manila DC  ,THA,37.0,50,$393.07
INV002867,02-19-2025,P0021,Manila DC,KOR,120.0,25,286.52
INV001661,28/10/2023,P0292,Frankfurt DC,SAU,96.0,25,249.83
INV004312,"Feb 25, 2024",P0252,Dallas DC,USA,47.0,10,255.86
INV000046,2023-06-30,P0312,SYDNEY DC,SWE,71.0,,1807.34
INV005101,2024-02-25,P0279,Sydney DC,FRA,19.0,20 ,1042.70
INV006417,24/07/2024,P0445,null,GBR,77.0,20 ,446.87
INV001220,2025-11-16,P0341,Singapore DC,GBR,81.0,20 ,159.67
INV006923,2023-01-31,P0192,Manila Warehouse,BGD,177.0,50 units,204.18
INV005557,2025-04-20,P0184,Dallas DC  ,usa,63.0,20,1643.13
INV001883,2025/09/17,P0276,Frankfurt DC,PHL,36.0,10,677.68
INV003014,01/01/2023,P0361,Dallas DC,CHN,34.0,NULL,192.49
INV003492,"Jun 19, 2025",P0320,Manila DC,ESP,199.0,N/A,355.65
INV000138,2023-05-31,P0262,Manila DC,RUS,72.0,20 ,181.62
INV002912,2023-12-27,P0228,Sydney DC, GBR,56.0,20,143.79
INV001608,2024-02-25,P0104, Singapore DC,GBR,51.0,20,1095.97
INV006625,2025-05-20,P0270,Frankfurt DC,ITA,93.0,20 ,275.84
INV006534,2025-08-18,P0152,Sydney DC,MEX,54.0,50,373.91
INV006557,2024-01-26, P0180 ,Sydney DC,ARE,49.0,10,216.26
INV007487,2025/02/19,P0296,Dallas DC,MYS,172.0,50,$218.07
INV006248,31/05/2023,P0269,Frankfurt DC,KOR,129.0,10,394.90
INV004208,2023-04-01,P0459,Singapore DC,FRA,41.0,20 ,$232.90
INV007136,"Jul 24, 2024",P0041,Manila DC,NOR,-8.0,50 units,384.99
INV006424,02-25-2024,P0030,Sydney DC  ,DNK,13.0,20 ,$155.94
INV002309,20/01/2025,P0303,Manila Warehouse,MEX,160.0,10,NULL
INV005642,2024-01-26,P0025,MANILA DC,USA,101.0,50 units,369.52
INV002975,22/10/2024,P0373,Singapore DC,RUS,29.0,50,
INV002914,22/10/2024,P0173,,col,67.0,20 ,147.36
INV003778,02-25-2024,P0174,  Sydney DC ,mys,126.0,10,215.95
INV003729,2025-07-19,P0423,Dubai DC,KEN,39.0,50 units,$235.59
INV006618,2023-01-01,P0110,Manila DC,FRA,14.0,50 units,600.07
INV003774,2025-11-16,P0365,Sydney Warehouse,PHL,105.0,50,98.50
INV004337,2023-06-30, P0215 ,Sydney DC,AUT,44.0,50 units,1135.32
INV001547,2024-09-22,P0238,manila dc,CHN,61.0,NULL,161.79
INV007199,2025-11-16,P0205,  Manila DC ,ITA,138.0,50,1984.39
INV002593,2024-07-24,P0429,Singapore DC,TUR,165.0,10,494.45
INV007597,2023-07-30,P0347,manila dc,TUR,109.0,20,405.34
INV005586,2023-11-27,P0448,SINGAPORE DC, FRA,150.0,25,196.16
INV006726,2023-07-30,P0339,Dallas DC,CHE,43.0,NULL,"$1,349.99"
INV003151,2023-11-27,P0454,Manila DC,IND,47.0,50 units,220.83
INV000918,31/01/2023,P0380,MANILA DC,THA,128.0,20 ,1242.94
INV001997,2023/01/01,P0094,Dallas DC,ARE,24.0,20 ,321.40
INV006385,2023-08-29, P0037 , Dallas DC,MAR,178.0,20 ,235.52
INV001326,"Jun 24, 2024",P0077,Dallas DC,DEU,19.0,50 units,138.22
INV002979,01/01/2023,P0216,Sydney DC,GBR,71.0,20 ,225.21
INV005220,2023-04-01,P0241,Dubai_DC,sau,59.0,50 units,85.47
INV000197,2024-07-24,P0263,Sydney DC,THA,18.0,50 units,367.49
INV000155,31/05/2023,P0325,Sydney DC,GBR,113.0,25,64.79
INV003594,16/11/2025,P0048,singapore dc,MYS,73.0,25,$605.53
INV006595,19/02/2025,P0278,Dallas_DC  ,chn,97.0,50,237.33
INV001844,2024-03-26,P0410,Sydney DC,GBR,30.0,25,475.18
INV001147,2024-03-26,P0452,Singapore_DC,USA,160.0,10,162.81
INV006719,09-22-2024,P0391,Dallas DC,CAN,56.0,50,334.44
INV001514,2025-03-21,P0232,DUBAI DC,COL,92.0,20,109.54
INV007416,31/05/2023,P0029,Frankfurt DC,BRA,85.0,10,$504.26
INV002544,30/06/2023,P0151,Manila DC  ,ITA,17.0,20,569.23
INV001757,2023-10-28,P0159,Sydney DC,USA,24.0,50 units,201.99
INV007669,,P0089,Sydney_DC,MEX,,50,800.59
INV005367,2025-09-17,P9884, Dallas DC,ita,37.0,25,204.98
INV006704,19/07/2025,P0356,FRANKFURT DC,USA,97.0,20 ,437.24
INV004186,05-01-2023,P0438,Sydney DC,ESP,62.0,50 units,391.81
INV005581,2025-04-20,P0288,NULL,BRA,153.0,25,1385.69
INV005493,2025-03-21,P0118,Frankfurt DC,GBR,80.0,20,169.30
INV001707,2023-11-27,P0437,Frankfurt DC,CHL,87.0,25,121.14
INV007076,24/06/2024, P0044 ,Sydney DC,ESP,102.0,20 ,$346.35
INV005150,"Oct 28, 2023",P0069,Frankfurt Warehouse,KOR,103.0,25,$166.99
INV001529,2025-09-17,P0111,Singapore  DC,DEU,64.0,10,393.07
INV006692,2025-08-18,P0005,Frankfurt Warehouse,CHN,32.0,20 ,206.85
INV004804,2023-01-31,P0205,SYDNEY DC,,73.0,20,N/A
INV003170,2024-12-21,P0065,sydney dc,AUS,88.0,50,275.70
INV002803,25/04/2024,p0191,SYDNEY DC,SAU,30.0,50 units,54.17
INV002870,2024-08-23,P0074,Sydney DC,CHN,62.0,10,$393.85
INV007302,2024-08-23,P0306,Manila DC,MAR,70.0,25,$282.77
INV005358,2025-01-20,P0437,Dubai DC,MEX,93.0,25,$121.14
INV000784,2025-08-18,P0426,Sydney DC,JPN,129.0,25,1094.68
INV003027,NULL,p0095,Singapore DC,,211.0,10,1860.84
INV003798,2025-11-16,P0275,Sydney DC  ,IND,9.0,20,$223.15
INV007143,2024-11-21,P0307,Dubai DC,GBR,18.0,20,754.66
INV004080,02/03/2023,P0146,Dallas DC,DEU,69.0,50,321.68
INV000878,2023-08-29,P0242,Manila DC,phl,72.0,20 ,31.06
INV002857,2024-10-22,P0308,Dallas DC,USA,37.0,,$654.35
INV007787,"Aug 23, 2024",P0364,Manila DC,GBR,30.0,20,610.93
INV003694,31/05/2023,P0466,Sydney DC,USA,26.0,,965.94
INV001026,2024/06/24,P0178,Sydney DC,SWE,145.0,50 units,940.91
INV005193,2023/01/31,P0323,sydney dc,JPN,50.0,50 units,null
INV004136,22/10/2024,P0168,Frankfurt DC,CHN,153.0,50,616.44
INV006029,2024-12-21,P0196,Sydney DC,GBR,156.0,10,$120.35
INV003328,2024-03-26,P0019,Dubai DC,CHE,134.0,20 ,961.87
INV000541,"Jan 31, 2023",P0119,Manila DC,nga,226.0,20 ,799.93
INV003246,2023-10-28,p0434,Singapore DC,KEN,143.0,50 units,508.81
INV005563,2023-01-01,P0279,Frankfurt DC,PRT,54.0,25,1042.70
INV005819,2024-07-24,P0111,Sydney DC,CHN,77.0,20,393.07
INV001538,2024-09-22,P0426,Dallas DC, ITA,35.0,50 units,1094.68
INV002718,2024/10/22,p0166,NULL,chn,124.0,20 ,1551.16
INV002253,2023-01-01,P0364,Dubai_DC,bra,103.0,50,610.93
INV001810,2025-08-18,P0397,DALLAS DC,GRC,93.0,N/A,314.52
INV007508,2025-03-21,P0340,Sydney DC,,27.0,20,117.81
INV003766,2023-06-30,P0080,Frankfurt DC,CAN,45.0,25,208.69
INV004579,2025-08-18,P0104,Manila DC,KOR,42.0,25,"$1,095.97"
INV003373,2023-10-28,P0073,Dallas DC, FRA,75.0,50,1017.01
INV001912,2024-10-22,P0276,Dubai DC,POL,61.0,20 ,677.68
INV003295,2024-11-21, P0386 , Sydney Warehouse,MAR,177.0,20,639.66
INV002824,2023-01-01,P0082,Dubai DC,POL,15.0,50,80.04
INV001531,2024-09-22,P0474,Dubai DC,USA,319.0,20,184.38
INV007690,2023-05-01,P0444,Dallas DC,DEU,36.0,20 ,86.60
INV001194,2025-10-17,P0016,Singapore DC,chn,267.0,10,1431.29
INV007426,2025-02-19,P0270,Dubai DC,SAU,67.0,10,275.84
INV001898,2024-06-24,P0257,Singapore DC,CAN,,20 ,$30.10
INV001627,2023-05-01,P0012,SYDNEY DC,bra,6.0,50,68.12
INV003555,2023-05-31,P0186,Frankfurt DC,CAN,22.0,25,346.78
INV000136,2025-11-16,P0476,Dubai Warehouse,IRL,57.0,20 ,"$1,318.12"
INV001458,12-27-2023,P0020,Frankfurt DC,ARG,155.0,20,264.27
INV007563,2025-06-19,P0116,Dallas DC,CHN,-2.0,50 units,$170.55
INV006632,2025-07-19,P0059,NULL,COL,18.0,25,216.45
INV006095,2025-05-20,P0265,Frankfurt DC,DEU,19.0,20,"$1,015.41"
INV002806,2023-12-27,P0475,Sydney Warehouse,BRA,20.0,20,265.34
INV005499,2023-05-31,P0388,Sydney DC,RUS,35.0,,70.63
INV007372,2024-02-25,P0209,Singapore DC,USA,10.0,20,$34.39
INV005623,2025/08/18,P0401,Dallas_DC,TUR,8.0,25,148.27
INV001199,11-21-2024,P0059, Manila_DC,,39.0,25,216.45
INV002115,2023-05-31,p0308,Singapore DC,GBR,184.0,50,654.35
INV000943,2025-10-17,P0271,Singapore DC,CAN,87.0,NULL,357.28
INV005788,2025/06/19,P0345,sydney dc,IND,78.0,25,223.23
INV004010,2023-10-28,P0049,Dubai DC, SAU,38.0,20,554.43
INV001742,2024/12/21,P0330,FRANKFURT DC,USA,31.0,25,203.65
INV006768,2023-06-30,P0121,DALLAS DC,GBR,116.0,20,386.62
INV005669,12-21-2024,P0202,SINGAPORE DC,BRA,150.0,20 ,532.73
INV005857,2024-11-21,P0108,dallas dc,NGA,99.0,50 units,324.47
INV005554,2024-02-25,P0240,sydney dc,phl,89.0,null,337.12
INV001639,2023-08-29,P0333,Manila  DC,IND,24.0,50,588.69
INV006606,2025-11-16,P0229,Manila DC,IND,30.0,10,397.81
INV004019,11-21-2024,P0469,Sydney DC,SAU,113.0,50,811.02
INV000349,16/11/2025,P0223,Frankfurt DC,MAR,103.0,10,291.25
INV000788,2025-03-21,P0353,dubai dc  ,IND,154.0,50,396.59
INV000911,"Jun 24, 2024",P0451,Frankfurt DC,SWE,40.0,50 units,271.84
INV003015,2024-08-23,P0215,Manila DC,ZAF,40.0,50 units,1135.32
INV001747,2024-06-24,P0416,Singapore DC,idn,110.0,20 ,"$1,613.05"
INV004329,2025-02-19,P0452,Manila DC,MYS,297.0,10,162.81
INV005213,2024-07-24,P0159, Singapore DC,CHN,174.0,10,201.99
INV003401,2023/12/27,P0102,Dubai DC,USA,25.0,50,2178.97
INV004272,2023-01-01,P0416,Manila DC,ESP,49.0,20 ,N/A
INV000005,2023-07-30,P0433, Sydney Warehouse, BGD,33.0,50,388.52
INV000781,2023-01-01,P0465,Sydney DC,NZL,40.0,25,70.39
INV001367,2025-10-17,P0458,DALLAS  DC,ZAF,203.0,25,482.57
INV002848,"Mar 02, 2023",P0294,Manila DC,mex,,10,290.11
INV007116,04-25-2024,P0108,Dallas DC,RUS,104.0,20 ,324.47
INV003643,2023-09-28,P0193,Sydney DC,CHN,25.0,,$442.33
INV000407,2024-03-26,P0154,Frankfurt DC,MEX,9.0,50,1402.93
INV003177,21/03/2025,P0471,Frankfurt  Warehouse,ZAF,179.0,10,$124.22
INV002463,2023-11-27,P0337,Singapore DC,TUR,19.0,20,634.78
INV000432,2025-01-20,P0212,Sydney DC,BRA,30.0,50,1044.35
INV006048,2023-05-31,P0226,DALLAS DC,JPN,17.0,25,98.71
INV006985,2025-01-20,P0112,Dubai DC  ,USA,48.0,50 units,239.40
INV000817,2024-03-26,P0281,frankfurt dc,THA,83.0,20 ,$421.79
INV003485,2025-10-17,P0221,Dallas_DC,HKG,51.0,25,497.92
INV005125,21/11/2024,P0035,Manila DC,esp,73.0,50 units,$153.63
INV002122,2025-09-17,P0425,Sydney DC,ARG,98.0,10,385.09
INV007267,12-21-2024,P0223,dallas dc,IRL,98.0,10,291.25
INV006565,2023-03-02,P0285,Sydney DC,SGP,119.0,25,93.53
INV003801,2023-01-31,p0273,Dallas DC,GBR,12.0,20,1649.21
INV000327,2023/10/28,P0446,Manila DC,USA,24.0,50 units,$106.11
INV005996,2025-06-19,P0472, singapore dc,IDN,24.0,25,205.84
INV000462,2024-12-21,P0444,Dallas DC,FRA,58.0,50,86.60
INV000567,2025-09-17,P0194,DUBAI DC,IND,155.0,50 units,292.89
INV005362,2023-05-01,P0082,Dubai DC,CHN,92.0,50 units,$80.04
INV005524,2023-09-28,P0140,SINGAPORE DC,SAU,159.0,20,$249.94
INV004686,2025/04/20,P0423,Dubai DC,USA,28.0,25,235.59
INV004807,01/01/2023,P0272,sydney dc,SGP,110.0,25,160.33
INV005595,25/05/2024,P0331,,EGY,168.0,20,$647.08
INV005760,2023-11-27,P0383,Dallas_DC,IRL,42.0,20,1881.86
INV004694,"Aug 29, 2023",P0191,Sydney DC,AUS,11.0,20,54.17
INV007273,2023-10-28,P0158,Dubai DC,FRA,252.0,25,308.39
INV004615,11-27-2023,P0393,DUBAI DC,DEU,48.0,50 units,822.49
INV006150,01/04/2023,P0434,Dallas DC,NZL,42.0,20 ,$508.81
INV004453,2024-03-26,P0036,Frankfurt DC,VNM,48.0,20,$169.53
INV003306,24/07/2024,P0135,Frankfurt_DC,CAN,65.0,20 ,20.57
INV007716,"Jul 30, 2023",P0213,Sydney_DC,GBR,145.0,20 ,667.20
INV000053,2023-10-28,P0308,Sydney DC,fra,37.0,25,654.35
INV002667,2024-08-23,P0305, Manila_DC,JPN,82.0,10,$465.44
INV001566,2025-09-17,P0311,singapore dc, COL,,25,$556.63
INV004470,2023-06-30,P0403,  DALLAS DC ,idn,9.0,,1444.81
INV003580,2025-11-16,p0337,Manila DC,ISR,-26.0,20,634.78
INV002066,2025-09-17,P0020,Dallas_DC,NGA,7.0,50,$264.27
INV004631,30/07/2023,P0223,Manila DC,CHN,88.0,N/A,291.25
INV005410,25/05/2024,P0428,Sydney Warehouse,ITA,-18.0,25,830.75
INV001586,2025-03-21,P0397,FRANKFURT DC,NZL,,20,314.52
INV002252,08-23-2024,P0086,Dallas DC,ARE,265.0,null,772.42
INV006996,2023-08-29,P0093,Dubai DC,,28.0,10,219.16
INV001633,2025-09-17,P0120,Frankfurt DC,IND,138.0,20 ,$344.85
INV005747,2023-01-01,P0360,Frankfurt DC,USA,12.0,50 units,1572.12
INV005658,2024-11-21,P0326,  Frankfurt_DC ,nor,29.0,20,895.97
INV003099,2025-10-17,P0470,Singapore DC,bra,17.0,20,104.73
INV003763,2024-11-21,P0309,Dubai DC,MAR,78.0,25,$277.16
INV003234,2024-05-25,P0331,Sydney DC,IND,52.0,20,647.08
INV003578,2023/09/28,P0013,Singapore DC,NLD,72.0,20 ,403.24
INV002739,2025-07-19,P0350,Dallas DC,THA,104.0,25,153.70
INV001903,2025-09-17,P0204,sydney dc, ARE,157.0,20,$690.23
INV002542,2024-02-25,P0435,singapore  dc,PHL,15.0,10,780.15
INV004818,21/03/2025,P0176,Dallas DC,ARE,-14.0,10,$374.00
INV005287,2025-11-16,P0086,sydney dc,AUS,196.0,50,772.42
INV005743,2025-10-17,P0123,Dubai DC,DEU,16.0,20 ,617.89
INV000014,12-27-2023,P0335,Frankfurt DC,VNM,69.0,20 ,206.76
INV004936,2024-07-24,P0167,Frankfurt DC,AUT,40.0,10,690.29
INV001247,2024-01-26,P0186, Manila DC,ESP,25.0,50,346.78
INV005778,2024-02-25, P0120 ,Dallas DC,CHN,126.0,50,344.85
INV003002,29/08/2023,p0146,  Dubai DC ,GHA,97.0,20,$321.68
INV002907,2023-05-31,P0247,Sydney_DC,ITA,123.0,50,356.04
INV003758,2023-08-29,P0375,frankfurt dc,HKG,8.0,null,253.01
INV001288,2025-02-19,P0365, Sydney DC,CHN,74.0,20,98.50
INV005116,2023-11-27,P0156,Dubai DC,CHN,18.0,20,190.53
INV000039,2024-07-24,P0129,Manila DC,DEU,130.0,10,191.69
INV002908,26/01/2024,P0072,Singapore DC,BGD,54.0,20,NULL
INV001274,2024-01-26,p0470,FRANKFURT DC,SWE,35.0,10,$104.73
INV005895,2025-07-19,P0410,Dallas DC,NLD,84.0,20,475.18
INV007394,01-01-2023,P0105,Frankfurt DC,USA,173.0,10,333.17
INV000672,2023-11-27,P0115,Dallas DC,PAK,104.0,25,null
INV002744,2024-06-24,P0124,Singapore DC,GBR,56.0,20 ,867.56
INV001087,02/03/2023,P0448,Singapore DC  , AUT,70.0,20 ,$196.16
INV005462,2023-01-31,P0005,SYDNEY DC,FRA,78.0,50 units,$206.85
INV006858,06-30-2023,P0039,Manila Warehouse,mex,161.0,20,246.42
INV006562,2023-07-30,P0034,Manila DC  ,KOR,56.0,20,84.58
INV001322,2025-09-17,P0435,Dallas DC,JPN,6.0,25,780.15
INV003885,2025-01-20,P0401,Manila DC,jpn,30.0,50,$148.27
INV005672,2024-02-25,P0247,DALLAS DC,aus,118.0,50 units,356.04
INV001678,2025-07-19,P0107,Dallas DC  ,usa,127.0,50,353.21
INV000285,"Jul 30, 2023",P0289,Manila DC  ,USA,118.0,25,241.69
INV004928,2025-09-17,P0476,SINGAPORE DC,VNM,15.0,50,1318.12
INV002344,2025-05-20,P0319,Frankfurt DC  ,TUR,67.0,,204.98
INV001594,2024-04-25,P0014,Frankfurt DC,ARG,45.0,20,331.38
INV006329,2023-01-01,P0309, Dallas DC, MYS,132.0,20 ,277.16
INV006310,2023-01-31,P0094,Dallas DC,KOR,83.0,20 ,321.40
INV003231,2023-01-31,P0341,SINGAPORE DC, GBR,29.0,20,$159.67
INV002549,2023-07-30,P0063,Dallas DC,MEX,102.0,25,$660.25
INV003005,28/10/2023,P0375,Sydney_DC,THA,32.0,10,253.01
INV001890,2025-01-20,P0455,Manila DC,CHN,307.0,10,491.96
INV005195,2025-02-19,P0136, Sydney_DC,SGP,92.0,20,$124.40
INV007209,2024-03-26,P0373,frankfurt dc,AUT,30.0,20,1196.41
INV001225,2024-11-21,P0021,FRANKFURT DC,FRA,84.0,10,$286.52
INV003618,2024-05-25,P0317,Dallas DC, PHL,256.0,20 ,1558.47
INV006608,2023-03-02,P0312,FRANKFURT DC,AUS,18.0,25,1807.34
INV002112,27/11/2023,P0045,Manila DC,AUT,,20,499.98
INV002078,2024-04-25,P0187,Dubai DC,BRA,49.0,25,"$1,292.73"
INV004881,2023-01-01,P0128,manila dc,CHN,85.0,20,1658.67
INV006484,"Nov 21, 2024",P0267,Sydney DC,ARE,83.0,20 ,1423.61
INV005565,27/12/2023,P0285,Frankfurt Warehouse,AUS,67.0,50 units,$93.53
INV003604,2023-01-31,P0183,Sydney DC,CHN,10.0,50 units,248.45
INV007175,2023-08-29,P0131,NULL,NLD,145.0,20 ,315.08
INV007783,2024-09-22,P0126,Frankfurt DC,MYS,32.0,50 units,678.62
INV001794,2024-03-26,P0432,Manila  DC,NZL,32.0,25,863.37
INV006415,2023-10-28,P0039,Sydney Warehouse,GBR,30.0,50,246.42
INV006754,2024-02-25,P0058,Sydney DC,USA,84.0,20 ,1363.40
INV004634,2024-09-22,P0457,Dubai DC,ITA,,,80.12
INV006483,2024-12-21,P0027,  DALLAS DC ,NLD,99.0,20 ,46.93
INV000837,2024-08-23,P0176,Sydney DC,ISR,170.0,10,374.00
INV004386,10-17-2025,P0111,singapore dc,DNK,40.0,10,$393.07
INV000363,23/08/2024,P0210, Frankfurt DC,POL,26.0,10,166.60
INV000895,05-20-2025,P0246,Singapore_DC,ESP,50.0,25,241.09
INV000419,2025-06-19,P0031,SINGAPORE DC,jpn,117.0,10,366.93
INV004484,2025-09-17,P0202,Dubai DC,chn,105.0,20 ,532.73
INV001848,01-26-2024,P0280,Singapore DC,can,90.0,50,336.14
INV005048,2025-02-19,P0016,Dubai DC,IND,39.0,20,1431.29
INV004109,2023-10-28, P0405 ,Sydney DC,JPN,31.0,20 ,979.25
INV005173,2025/01/20,P0459,Singapore DC,VNM,121.0,25,$232.90
INV006119,2023-04-01,P0267,Dallas DC,ITA,75.0,20 ,1423.61
INV002504,28/09/2023,P0188,  FRANKFURT DC ,ESP,23.0,50 units,
INV002830,2023-05-31,P0094,Manila DC,mex,98.0,10,$321.40
INV004558,2024-04-25,P0166,SYDNEY  DC,FRA,145.0,20,"$1,551.16"
INV005024,21/12/2024,P0133,Sydney DC,FRA,243.0,50 units,N/A
INV007287,2025-08-18,P0250,Singapore DC,HKG,20.0,20 ,460.88
INV004929,2025-08-18,P0397,Dubai Warehouse,UKR,18.0,50,$314.52
INV004309,2023-01-31,P0393,Frankfurt Warehouse,FRA,129.0,10,822.49
INV007177,05-20-2025,P0210,dallas dc  ,IND,17.0,10,166.60
INV004912,08-23-2024,P0171, Sydney Warehouse,CHN,104.0,10,683.25
INV005471,2024-09-22,P0366,Frankfurt_DC,NZL,107.0,20 ,305.37
INV006991,2023-05-31,P0115,Singapore_DC,chn,105.0,10,1730.87
INV001436,2025-09-17,P0175,Frankfurt DC,SAU,39.0,10,297.28
INV002573,2025-02-19,P0381,Dubai_DC,MEX,102.0,50,554.55
INV001412,2024-05-25,P0435,Sydney Warehouse,PHL,65.0,20 ,780.15
INV002168,21/03/2025,P0356,Singapore Warehouse,CHN,26.0,20 ,$437.24
INV007493,2025-07-19,P0166,Singapore DC,NZL,48.0,,1551.16
INV002648,06-30-2023,P0158,Frankfurt DC,VNM,74.0,20 ,308.39
INV001830,2023-10-28,P0324,Frankfurt Warehouse,ESP,73.0,null,216.85
INV001709,2025-04-20,p0405,Singapore DC,ZAF,97.0,20,979.25
INV005671,2025-10-17,P0319, Manila DC, VNM,4.0,20,204.98
INV000117,2023-08-29,P0164,Manila Warehouse,GRC,122.0,25,$433.13
INV005031,2025-11-16,P0388,DALLAS DC,TWN,-22.0,50 units,70.63
INV004403,2023-01-31,P0367,Sydney DC,ARE,44.0,25,$160.24
INV004905,06-24-2024,P0079,Singapore Warehouse,HKG,6.0,20,106.59
INV003684,27/11/2023,P0185,Sydney Warehouse,FRA,239.0,50 units,159.37
INV007311,2025-03-21,P0342,Sydney DC,IDN,66.0,20,45.41
INV006099,2023-10-28,P0008,,USA,96.0,20 ,$998.45
INV000408,2023-10-28,P0245,Dubai DC,USA,42.0,25,520.27
INV003666,2024-06-24,P0279,Dubai DC,GRC,116.0,50 units,"$1,042.70"
INV001508,2023-10-28,P0115,Singapore DC,BRA,102.0,20,1730.87
INV003047,2025-08-18,P0032,Singapore DC,GHA,-12.0,50,67.52
INV004684,2025-03-21,P0358,NULL,ISR,127.0,10,$362.65
INV004422,24/07/2024,P0041,Dallas DC, SAU,15.0,10,384.99
INV002734,10-22-2024,P9476,null,KOR,58.0,50 units,124.22
INV005238,2025/05/20,P0093,SINGAPORE DC, AUS,42.0,50,219.16
INV000764,2025-09-17,P0283,Frankfurt DC,CHN,25.0,50,409.25
INV003920,29/08/2023,P0398,dallas dc,IRL,355.0,10,378.76
INV002603,"Nov 27, 2023",P0182,DUBAI DC,BRA,12.0,50,$148.98
INV002891,04-01-2023,P0353,Dallas DC,CHN,138.0,20 ,396.59
INV002494,2023-07-30,P0042,Sydney DC,AUT,21.0,20,$237.95
INV006902,2024-07-24,P0284,Manila DC,IND,38.0,25,1835.64
INV003091,2024-03-26,P0295,Manila Warehouse,BRA,34.0,20 ,946.64
INV007194,28/10/2023,P0314,  Sydney DC ,ZAF,27.0,10,183.07
INV004256,2023-03-02,P0416,singapore dc,IND,-10.0,10,"$1,613.05"
INV004607,03-26-2024,P0207,Sydney DC,PHL,81.0,25,288.40
INV006646,31/01/2023,P0064,Sydney_DC, GBR,128.0,25,287.78
INV002092,2023-04-01,P0254,Dubai DC,USA,109.0,25,$302.07
INV002836,2023-07-30,P0241,Sydney DC,NULL,117.0,20,85.47
INV005412,2025-06-19,P0469,Dubai DC,KOR,,25,$811.02
INV007718,2023-10-28,P0115,Singapore DC,KEN,40.0,25,1730.87
INV005919,2025-04-20,P0310,Frankfurt DC,CHN,350.0,25,543.12
INV000360,2025-07-19,P0321,Dubai DC,USA,66.0,20,$207.69
INV002776,20/04/2025,p0403,DALLAS DC,,183.0,20 ,1444.81
INV004480,2025-08-18,P0361,FRANKFURT DC,FRA,58.0,50 units,192.49
INV000748,2023-10-28,P0389,Dallas DC  ,NGA,,20 ,80.58
INV005864,2023-11-27,P0457,Frankfurt Warehouse,DEU,-16.0,50,$80.12
INV000493,2023-01-31,P0121, Sydney DC,IND,113.0,50 units,386.62
INV007780,24/06/2024,p0089,SYDNEY DC,USA,135.0,20 ,800.59
INV007505,"Jan 01, 2023",P0047,Dallas DC,TWN,17.0,25,453.19
INV001243,03-26-2024,P0208,singapore dc,GBR,121.0,50,$877.53
INV007498,2024-02-25,P0218,Manila DC,CHE,78.0,25,1050.16
INV001149,2025-06-19,P0051,Sydney DC,KOR,62.0,50,154.89
INV001323,2024-03-26,P0288,Frankfurt DC, SGP,69.0,50,1385.69
INV006845,2024-12-21,P0312,Dallas DC,DNK,264.0,20,1807.34
INV004524,10-28-2023,P0369,Singapore DC,THA,70.0,20 ,887.73
INV003805,"Jul 24, 2024",P0421,Frankfurt DC,EGY,74.0,20,$95.44
INV007204,2024-01-26,P0186,dubai dc,USA,61.0,20 ,346.78
INV001693,08-23-2024,P0180,Dubai DC,CAN,110.0,20,216.26
INV000515,"Nov 27, 2023",p0306,Dubai DC,SGP,60.0,20 ,282.77
INV005556,2024-10-22,P0191,Dallas_DC,THA,31.0,,54.17
INV000025,27/11/2023,P0100,Sydney DC,CHN,120.0,20,"$1,301.31"
INV007378,2024-03-26,P0082,Sydney Warehouse,BRA,40.0,50 units,80.04
INV006881,2023-05-01,P0316,Sydney DC,DEU,14.0,50,348.67
INV005264,2025-07-19,P0062,Dubai DC,FRA,148.0,25,51.02
INV000314,2023-11-27,P0366,Sydney DC,FRA,34.0,20 ,305.37
INV001166,2025-04-20,P0027,Frankfurt DC,PHL,184.0,50 units,46.93
INV000786,2023-07-30,P0409,Frankfurt DC,CAN,49.0,20 ,701.25
INV004770,2024-02-25,P0072,Frankfurt_DC,FRA,48.0,20 ,63.48
INV002645,,P9867,Sydney DC,BRA,34.0,50,67.52
INV003561,03-21-2025,P0476,SINGAPORE DC,EGY,64.0,20,1318.12
INV004245,19/07/2025,P0373,Dubai DC,ESP,56.0,20,1196.41
INV000395,25/02/2024,P0442,Dubai DC,VNM,57.0,50,186.37
INV003409,2023-05-31,P0156,Dubai DC  ,,27.0,25,N/A
INV002863,27/11/2023,P0179, Frankfurt Warehouse,GBR,75.0,20,52.95
INV000052,2023-04-01,P0338,FRANKFURT DC,ESP,103.0,10,"$1,282.83"
INV004074,2025-01-20,P0096,Manila DC, PHL,100.0,25,70.56
INV002654,2024-07-24,P0288,Dubai DC,IND,214.0,,1385.69
INV006446,2025-06-19,p0088,dubai dc,CHN,99.0,50,313.77
INV000913,2025-09-17,P0083,Dallas DC,CHN,-26.0,50 units,439.01
INV004520,2025-06-19,P0447,SINGAPORE DC,ITA,96.0,20 ,358.93
INV001344,01-31-2023,P0093,Singapore DC,ESP,8.0,20,$219.16
INV006521,2025-07-19,P0381,  Manila DC ,PHL,60.0,20,554.55
INV006408,20/04/2025,P0119,Singapore_DC,DEU,,25,799.93
INV000468,04-01-2023,P0266,Frankfurt_DC,JPN,69.0,20,382.81
INV000292,04-20-2025,P0128,Dubai DC,DEU,67.0,10,1658.67
INV007271,2023-03-02, P0379 ,Dallas DC,NULL,-12.0,50 units,1921.81
INV005590,2024-08-23,P0009,Dallas DC,IND,21.0,10,"$1,370.71"
INV004969,"May 25, 2024",P0420,Dubai DC,ARG,22.0,20 ,272.48
INV000494,2025-07-19,P0020,SYDNEY DC,AUS,60.0,20 ,$264.27
INV006164,2023-11-27,P0440,Frankfurt Warehouse,USA,44.0,20 ,$382.33
INV002113,2025-05-20,P0391,Dubai DC, CHL,94.0,50 units,334.44
INV007250,2024-04-25,P0051,Singapore DC,NLD,107.0,20 ,154.89
INV002316,2024-01-26,P0158,manila dc,USA,177.0,10,308.39
INV001213,2024-08-23,P0107,Frankfurt DC, AUT,92.0,20,353.21
INV007393,2024-09-22,P0181,Manila DC  ,JPN,142.0,50,448.40
INV003318,09-17-2025,P0313,Frankfurt DC,AUS,76.0,10,"$1,008.89"
INV004024,2025-09-17,P0307,Singapore DC,CAN,33.0,25,$754.66
INV007513,2025-08-18,P0260, Dubai DC,MYS,81.0,25,135.64
INV004086,2025-11-16,P0067,Sydney DC,JPN,130.0,10,468.83
INV005851,2025-08-18,P0437,null,AUT,110.0,20 ,121.14
INV005553,"Jan 31, 2023",P0372,Dallas Warehouse,CHN,,,187.16
INV005998,2023-12-27,P0040,Frankfurt_DC,HKG,121.0,50,"$1,140.69"
INV000037,2025-06-19,P0277,Dallas DC,,79.0,10,1102.84
INV000526,2025-01-20,P0221,dubai dc,MEX,149.0,50,$497.92
INV003702,2025-11-16,P0235,DUBAI DC,BGD,133.0,20,$162.49
INV002194,2024/10/22,P0110,  Sydney DC ,CHN,29.0,20 ,600.07
INV001687,2025-07-19,P0171,Dubai DC,ESP,95.0,20,683.25
INV005872,2023-09-28,p0161,Dallas DC,SAU,24.0,10,NULL
INV005340,2025-09-17,P0428,Manila DC,IND,36.0,25,830.75
INV007610,2023/01/01,P0192,dubai dc,BRA,53.0,50 units,204.18
INV005575,16/11/2025,P0460,Manila DC,FRA,65.0,25,29.99
INV006627,2023-07-30,P0321,Manila DC,GBR,29.0,20,207.69
INV004171,2024-05-25,P0266,Dubai DC,NLD,114.0,50,$382.81
INV001549,2023-08-29,P0413,Frankfurt DC,MEX,45.0,50 units,$69.90
INV000245,"Sep 17, 2025",P0266, frankfurt dc,CHN,52.0,20,382.81
INV000625,2023-11-27,P0295,Sydney DC,USA,43.0,null,946.64
INV000145,2024-10-22,P0101,Manila DC,CAN,96.0,50 units,402.58
INV004978,25/05/2024,P0217,Dallas DC,AUT,74.0,10,1062.54
INV002847,2025-11-16,P0447,Frankfurt_DC,TUR,44.0,50,$358.93
INV000820,2024-02-25,P0444,Dubai Warehouse,fra,91.0,50 units,86.60
INV004249,2024-01-26,P0168,Frankfurt DC,ITA,21.0,20,616.44
INV007163,21/12/2024,P0202,Dubai DC,FRA,,25,532.73
INV005564,2024-04-25,P0460,Dallas DC,AUS,77.0,N/A,29.99
INV004391,2025-05-20,P0048,SINGAPORE DC,KEN,24.0,50 units,
INV003379,27/11/2023,P0476,Dallas DC, THA,35.0,25,1318.12
INV007016,29/08/2023,P0444,Singapore_DC,ESP,-11.0,50 units,null
INV007371,2023-11-27,P0403,Manila DC,NLD,76.0,null,1444.81
INV001064,2024-12-21,P0202,dallas dc  ,VNM,22.0,20 ,532.73
INV001929,2024-09-22,P0051,Frankfurt DC,CHN,-29.0,,154.89
INV003534,2024-03-26,P0400,,USA,29.0,20,$476.94
INV001161,2024-04-25,P0195,Sydney DC,mex,119.0,20,616.31
INV007708,"Jan 26, 2024",P0353,Sydney Warehouse,ZAF,13.0,N/A,396.59
INV002094,"Jun 24, 2024",P0406,Dallas Warehouse,RUS,144.0,20 ,224.75
INV003884,2023-01-01,P0385,Dallas DC,SGP,47.0,50 units,310.64
INV005476,2025-01-20,P0072,Frankfurt DC,USA,18.0,20,63.48
INV002815,2024-07-24,P0094,Frankfurt DC,aut,29.0,25,321.40
INV001806,2024-02-25,P0049,Manila DC,IND,179.0,50 units,554.43
INV003431,2023-11-27,P0413,Manila DC  ,IND,22.0,50,69.90
INV000835,25/04/2024,P0158,Manila_DC, ARE,71.0,10,308.39
INV003999,"Oct 17, 2025",P0179,Dallas DC,MYS,40.0,50 units,$52.95
INV006615,09-22-2024,P0086,Sydney DC,twn,,10,772.42
INV007160,2023-10-28,P0357,Singapore DC  ,ITA,18.0,20 ,252.01
INV001008,2023-12-27,P0176,Singapore DC,GBR,84.0,10,$374.00
INV007732,2023-10-28,P0108,Frankfurt DC,USA,222.0,20 ,324.47
INV006703,2024-05-25,P0096,manila dc,USA,217.0,20 ,
INV007612,2024-12-21,P0023,Manila DC,NULL,60.0,20,806.82
INV005738,2023-07-30,P0211,Manila DC,COL,129.0,20,411.76
INV005039,2024-04-25,P0432,Frankfurt DC,AUS,142.0,20,863.37
INV001792,2025-06-19,P0260,Singapore DC,GBR,153.0,20,$135.64
INV003928,23/08/2024,P0239,Frankfurt DC,HKG,12.0,25,1152.66
INV000674,"May 31, 2023",P0397,Dubai DC,GBR,100.0,10,314.52
INV005877,2025-08-18,P0068,dubai dc,ESP,126.0,50,362.47
INV007148,2023-08-29,P0447,Manila DC,GBR,12.0,50,358.93
INV003515,2023-05-31,P0449,Dubai DC  ,CHN,23.0,25,1342.38
INV005182,"Oct 28, 2023",P0240,Singapore DC,DEU,50.0,20 ,337.12
INV005260,2024-09-22,P0239,Sydney DC,PHL,82.0,20,1152.66
INV000202,2024-09-22,P0110,Frankfurt DC,DEU,60.0,20,600.07
INV007491,07-24-2024,P0407,Frankfurt DC,FRA,121.0,50 units,500.30
INV004900,09-22-2024,P0283,Dallas DC,JPN,13.0,25,409.25
INV003410,2024-08-23,P0220,Singapore DC,IND,136.0,25,153.59
INV003682,2024-07-24,P0389,Singapore DC,KOR,41.0,25,$80.58
INV001001,"Dec 21, 2024",P0450,NULL,NULL,87.0,20 ,184.31
INV000360,2025-07-19,P0321,Dubai DC,USA,66.0,20,$207.69
INV004535,2025-01-20,P0018,Dallas DC,IDN,113.0,50,211.76
INV005651,2025-05-20,P0329,Manila Warehouse,IND,86.0,50,361.49
INV001762,2024-01-26,P0283,Frankfurt DC,POL,182.0,20 ,NULL
INV005434,2024-11-21,P0408,  Sydney DC ,DEU,188.0,20,$753.00
INV002360,2024-10-22,P0226,Manila_DC,GBR,155.0,25,98.71
INV007537,2024/08/23,P0243, Sydney DC,THA,110.0,10,179.19
INV004223,2023-04-01,P0047,Dallas DC,CAN,0.0,50,453.19
INV007750,2024-08-23,P0062,DALLAS DC,KOR,22.0,20,null
INV007623,2024-02-25,P0237,Singapore DC,EGY,45.0,20,1085.44
INV006177,2023-01-31,P0200,Sydney Warehouse, GBR,209.0,50,508.90
INV000306,2025-04-20,P0227,Singapore_DC,ITA,155.0,10,153.94
INV007617,2023-05-31,P0190,Dubai DC,AUS,7.0,25,492.51
INV006013,2024-12-21,P0407,Frankfurt DC,IND,172.0,50,500.30
INV006831,2023-07-30,P0385,Singapore DC  ,,91.0,50,310.64
INV006052,2025-04-20,P0290,Dubai DC  ,VNM,38.0,20 ,571.76
INV000431,2023-12-27,P0162,Singapore  DC,GHA,68.0,25,"$1,169.94"
INV003879,2025-08-18,P0208,Dubai DC,,89.0,,877.53
INV007625,2024-01-26,P0407,Manila DC,can,116.0,20,$500.30
INV000487,2024-01-26,P0074,DALLAS DC,KEN,52.0,20,393.85
INV002363,03-26-2024,P0017,Dubai DC,esp,101.0,50,542.06
INV001175,2024-04-25,P0240,Singapore DC,GBR,48.0,10,337.12
INV003662,2024-10-22,P0096,Dubai DC,IND,53.0,50,70.56
INV005854,"Dec 27, 2023",P0406, Dallas DC,CHN,51.0,20,224.75
INV002999,2024-09-22,P0169,Manila DC,chn,7.0,50,888.63
INV007673,2024-12-21,P0185,Singapore Warehouse,USA,35.0,10,159.37
INV000328,2025/04/20,P0248,sydney dc,SGP,57.0,50 units,75.05
INV001306,21/03/2025,P0250,Dubai DC,CHN,30.0,null,460.88
INV005701,2024-12-21,P0152,Sydney DC,ITA,97.0,20,373.91
INV005917,2023-09-28,P0210,Dubai DC,USA,84.0,20 ,166.60
INV004635,30/06/2023,P0322,Manila DC  ,CHN,88.0,20 ,109.08
INV000713,2025-06-19,P0371,Dubai DC,USA,70.0,50,239.13
INV002797,2024-06-24,P0177,Manila DC,GBR,200.0,50,1340.72
INV003133,2023-03-02,P0061,Sydney DC,DNK,81.0,10,860.02
INV007102,2025-04-20,P0261,Manila_DC,IDN,63.0,20,353.51
INV001885,2023-07-30,P0063,Sydney DC,deu,31.0,50 units,$660.25
INV002017,2025-11-16,p0119,dubai dc,ARE,122.0,50 units,799.93
INV005561,2025-02-19,P0460,Singapore DC,,47.0,20 ,29.99
INV002232,2023-04-01,P0287,MANILA DC,GBR,39.0,50 units,
INV001485,"Oct 17, 2025",P0044,Frankfurt DC,RUS,79.0,50 units,346.35
INV001067,2025-01-20,p0110, FRANKFURT DC,NULL,156.0,null,600.07
INV004396,2024-09-22,P0301,,GBR,115.0,20,327.68
INV001023,2025-11-16,P0297,Manila DC,DNK,22.0,50,$461.52
INV004737,2023-08-29,P0361,Singapore DC,POL,122.0,20,192.49
INV005934,2025-04-20,P0184,Sydney DC,POL,55.0,20,1643.13
INV002455,2025-09-17,P0146,Manila DC,CHN,4.0,20 ,321.68
INV000038,"Apr 01, 2023",P0398,NULL,SGP,20.0,50 units,378.76
INV007373,2025-04-20,P0332,Dubai DC,MEX,70.0,50,1529.57
INV001102,"Oct 22, 2024",P0332,Sydney DC,chn,63.0,50 units,1529.57
INV001363,2023-07-30,P0367,Dubai DC,SGP,-22.0,50,160.24
INV001351,2025-09-17,P0299,Singapore DC,deu,81.0,50 units,358.99
INV004295,2023-11-27,P0398,dallas dc,KOR,61.0,50,378.76
INV004825,20/04/2025,P0303,FRANKFURT DC,FRA,84.0,50 units,614.16
INV004848,21/03/2025,P0317,Frankfurt DC  ,THA,90.0,50,1558.47
INV006254,06-30-2023, P0134 ,Dubai DC,DEU,11.0,50 units,1526.45
INV005267,2025-01-20,P0424, Sydney DC,GBR,104.0,10,295.04
INV006088,2023-01-31,P0113,sydney dc,GBR,175.0,10,413.87
INV001832,2024-04-25,P0071,Manila_DC,IND,72.0,,$540.88
INV002244,2025-11-16,P0218,Singapore  DC,UKR,130.0,50,1050.16
INV000452,2024-07-24,P0373,Manila DC  ,BGD,35.0,20 ,"$1,196.41"
INV001968,02-19-2025,P0353,Sydney DC,GBR,217.0,25,396.59
INV004276,2024-11-21,P0036,dubai dc,BRA,86.0,50,169.53
INV001983,2023-12-27,P0275,FRANKFURT DC,jpn,21.0,10,223.15
INV005650,2024-06-24,P0426,Frankfurt_DC  ,DNK,78.0,25,1094.68
INV003546,2024-06-24,P0374,Dubai DC,MEX,24.0,20 ,1275.24
INV002333,2023-07-30, P0398 ,Sydney DC,KEN,,25,378.76
INV003037,2025-05-20,P0178,Manila DC,nzl,99.0,NULL,$940.91
INV007147,2024-05-25,P0234,N/A,ESP,73.0,20,$819.95
INV000739,29/08/2023,P0297,Singapore DC,NZL,41.0,25,461.52
INV003026,2023-12-27,P0051,Sydney DC  ,MEX,64.0,25,154.89
INV000700,2025-09-17,P0086,Dubai DC,IND,150.0,20,772.42
INV007454,2023-07-30,P0331,Manila DC,DEU,143.0,10,647.08
INV005549,2025-01-20,P0427,sydney dc,COL,26.0,50 units,169.17
INV000440,2023-01-31, P0431 ,Singapore DC,IND,16.0,25,52.60
INV005364,2023-08-29,P0173,Frankfurt DC,IRL,25.0,50,N/A
INV004817,2025-06-19,P0205,Frankfurt_DC,THA,197.0,,1984.39
INV004664,2025-02-19,P0062,Dallas DC,CAN,69.0,50,$51.02
INV004881,2023-01-01,P0128,manila dc,CHN,85.0,20,1658.67
INV003803,2025-09-17,P0030,Manila DC,IDN,42.0,25,$155.94
INV004965,2025-08-18,P0368,Dallas  DC, AUS,-9.0,25,$523.59
INV007731,30/06/2023,P0139,Dubai_DC,CHN,130.0,20,383.11
INV003980,2024-05-25,P0267,SINGAPORE DC,,27.0,50,"$1,423.61"
INV006327,2024-06-24,P0124,Sydney Warehouse,USA,246.0,20,867.56
INV004442,24/06/2024,P0129,Dubai DC,aut,271.0,20 ,191.69
INV002948,2024-03-26,P0274, dubai dc,MEX,180.0,50,744.08
INV006622,09-17-2025,P0454, Manila DC,DEU,63.0,50 units,220.83
INV005192,2023-04-01,P0479,Frankfurt DC,BRA,66.0,50 units,$128.08
INV001516,2024/10/22,P0159,DUBAI DC,USA,159.0,10,201.99
INV002411,2025-04-20,P0336,dubai dc,VNM,196.0,50 units,null
INV006639,2024-07-24,P0094,Sydney DC,JPN,39.0,25,$321.40
INV003149,24/07/2024,P0039,Manila DC,USA,75.0,20 ,246.42
INV002143,30/07/2023,P0035,dallas dc,NULL,74.0,25,153.63
INV005071,2023-05-31,P0227,Frankfurt Warehouse,phl,71.0,20 ,153.94
INV001492,2024-11-21,P0170, Singapore DC,CHL,80.0,20 ,$333.68
INV000642,2023-07-30,P0303,Dubai DC,VNM,86.0,25,614.16
INV004509,2025-08-18,P0410, Dubai DC,ITA,102.0,20 ,475.18
INV004806,2025-11-16,P0112, Dubai DC, CHN,22.0,25,239.40
INV004617,2023-12-27,P0036,Singapore DC,JPN,24.0,10,169.53
INV006455,31/01/2023,P0083,Dallas DC,NULL,75.0,25,439.01
INV003615,2023-10-28,P0479,Singapore_DC,CHN,18.0,25,128.08
INV005361,2023-05-31,P0105, Manila_DC,bra,23.0,10,333.17
INV005978,2023-08-29,P0376, Manila DC,IND,116.0,10,415.01
INV005683,2025-02-19,P0175,Sydney DC,NZL,70.0,25,$297.28
INV004297,2023/10/28,P0308,NULL,tha,31.0,20,654.35
INV003800,2023-10-28,P0461, manila dc,ARG,68.0,25,$163.23
INV006552,"Sep 28, 2023",P0198,Sydney DC,USA,110.0,50,672.93
INV002949,2024-01-26,P0280,Dubai DC,THA,169.0,25,336.14
INV004227,2023-05-31,P0472,Manila DC,HKG,91.0,20,205.84
INV007100,2023-06-30,P0426,Sydney DC,SGP,97.0,25,1094.68
INV002082,2024-10-22,P0411,Dubai DC,IND,63.0,10,112.44
INV002977,2024-04-25,P0287,Dallas DC,ESP,17.0,50,77.25
INV001822,2023-11-27,P0092,dubai dc,GBR,113.0,10,234.17
INV001989,2024-10-22,P0167,Frankfurt DC,chn,93.0,10,690.29
INV002377,2023-01-01,P0450,Frankfurt  DC,DEU,65.0,50 units,$184.31
INV005987,2023-05-31,P0339,Manila DC  ,EGY,51.0,20 ,1349.99
INV004609,2023-01-01,P0403,sydney dc,ITA,15.0,25,1444.81
INV002065,2023-11-27,P0422,Manila DC,NLD,79.0,50,669.35
INV004243,2024-01-26,P0287,singapore dc,USA,22.0,null,null
INV007644,2025-04-20,P0204,Sydney DC  ,USA,62.0,10,690.23
INV001875,2023-04-01,P0439,Sydney DC,BRA,17.0,25,783.98
INV007012,2023-06-30,P0136,Dubai Warehouse,JPN,157.0,,124.40
INV002328,2024-10-22,P0350,Singapore_DC,USA,51.0,20,153.70
INV001487,04-20-2025,P0151,singapore dc,POL,38.0,10,569.23
INV001248,2023-05-01,P0058,Dallas DC,USA,96.0,25,1363.40
INV007389,2023-08-29,P0183,Frankfurt DC,NGA,65.0,50 units,248.45
INV001501,2024-06-24,P0379,Dallas DC,IRL,71.0,20 ,1921.81
INV002100,"Sep 22, 2024",P0330,manila dc,MEX,,20,$203.65
INV007255,2025-01-20,P0267,Sydney DC,BRA,90.0,20,"$1,423.61"
INV000909,07-30-2023,P0117,Manila DC,USA,125.0,20,460.72
INV005194,2024-06-24,P0003,Singapore DC  , JPN,23.0,20,517.78
INV001837,20/05/2025,P0161,Frankfurt DC,MEX,205.0,50,651.95
INV004423,2025-09-17,P0426,Manila DC  ,IND,16.0,20,"$1,094.68"
INV005573,2023-01-31,P0295,Dubai DC,CHN,3.0,20 ,946.64
INV001165,2023-01-31,P0285,Dallas DC,JPN,267.0,50 units,93.53
INV004395,2025-05-20,P0071,Singapore DC,CHN,340.0,20 ,$540.88
INV007382,2023-05-31,P0404,Manila DC,CHN,151.0,10,1036.52
INV005232,2024-03-26,P0353,NULL, IRL,37.0,50 units,396.59
INV000614,2024-01-26,P0207,Sydney DC,tha,49.0,20 ,288.40
INV007499,2025-09-17,P0071,Sydney_DC,,66.0,50,$540.88
INV007366,2023-03-02,P0194,Manila DC,HKG,36.0,N/A,292.89
INV005406,2025-09-17,P0320,Dubai DC,SAU,28.0,25,355.65
INV001811,2025-04-20,P0119,Frankfurt DC,ITA,75.0,50,799.93
INV006602,10-17-2025,P0151,N/A,CHN,123.0,25,569.23
INV007134,19/07/2025,P0353,Sydney DC,CHN,236.0,25,$396.59
INV006306,2023-08-29,P0298,DALLAS DC,CHN,94.0,50,132.31
INV007023,2024-02-25,P0167,Manila DC,PHL,49.0,25,
INV003860,2024-10-22,P0089,Manila Warehouse,tur,81.0,10,$800.59
INV006959,2025-07-19,P0406,Dallas DC,CHN,41.0,25,224.75
INV002749,17/09/2025,P0204,NULL,GBR,34.0,20 ,690.23
INV001148,2024-10-22,P0445,Sydney DC,CHN,6.0,25,446.87
INV003228,2023-05-31,P0004,Dubai_DC,DEU,33.0,20 ,$455.02
INV001112,2023-01-01,P0152,Manila DC,EGY,65.0,20,$373.91
INV000696,31/01/2023,P0428,Sydney Warehouse,IDN,199.0,20 ,$830.75
INV002967,2023-07-30,P0121,Singapore DC,SAU,77.0,25,386.62
INV005852,2025-09-17,P0129,MANILA DC,KOR,93.0,20 ,191.69
INV005929,23/08/2024,P0305,Frankfurt DC,esp,64.0,50 units,$465.44
INV000772,2025-11-16,P0039,dubai dc  ,HKG,142.0,20,246.42
INV001670,2025-04-20,P0040,Manila DC,PAK,121.0,50,1140.69
INV003849,2023-07-30,P0392,Dallas DC,ESP,18.0,50 units,$788.36
INV000129,2024-02-25,P0334,Sydney DC,GBR,51.0,25,577.38
INV005413,2025-11-16,P0173,Sydney  DC,mys,36.0,,147.36
INV004662,2024-03-26,P0101,Manila DC,POL,34.0,50,402.58
INV000225,2023-08-29,P0241, Sydney DC,NGA,,25,85.47
INV003878,2023-10-28,P0113,Sydney  DC,GRC,192.0,20 ,413.87
INV004360,2023-12-27,P0070,Sydney_DC,idn,33.0,10,250.81
INV002961,27/11/2023,P0282,  Manila DC ,PHL,187.0,50 units,363.15
INV002826,2023-12-27,P0181,Manila DC,CHN,148.0,N/A,448.40
INV001643,2023-06-30,P0377,Sydney DC,ZAF,69.0,25,212.18
INV003910,2025-05-20,P0147,Singapore DC,are,39.0,20,769.31
INV001704,2024-07-24,P0309,Dubai_DC,IDN,105.0,10,277.16
INV001920,2024-05-25,P0032,Singapore_DC,IND,45.0,null,67.52
INV004323,2023-05-01,P0296,Singapore DC,PHL,57.0,50 units,$218.07
INV002175,2024-02-25,P0288, Dallas DC,BRA,10.0,25,"$1,385.69"
INV000988,2024-11-21,P0270,Dallas DC,NGA,101.0,10,275.84
INV007356,"Aug 18, 2025",P0450,Singapore DC,GBR,87.0,20 ,184.31
INV000516,2023-12-27,P0387,Dubai DC, USA,97.0,50 units,1508.16
INV001343,2023/10/28,P0110,DUBAI DC,PHL,18.0,50,600.07
INV005390,2024-09-22,P0275,Dubai DC,IND,28.0,10,223.15
INV004876,2025-11-16,P0078,Dallas DC,JPN,76.0,10,$338.99
INV001798,2023-12-27,P0298,Dallas DC,TUR,18.0,25,132.31
INV000702,2023-01-01,P0302,  SYDNEY DC ,USA,118.0,20 ,242.70
INV007233,2023-11-27,P0257,sydney dc,KOR,95.0,20,30.10
INV003232,2025-01-20,P0001,Singapore DC,usa,39.0,20,$198.33
INV005302,2023-03-02, P0044 ,Dubai DC,AUT,12.0,20 ,346.35
INV005135,2025-03-21,p0223,Manila DC,CHL,22.0,50,$291.25
INV005585,2024-12-21,P0472,Sydney DC,SGP,47.0,10,205.84
INV000206,2025-03-21,P0447,frankfurt dc  ,USA,173.0,20,358.93
INV004732,2023-12-27,P0440,Frankfurt DC,BRA,87.0,20 ,$382.33
INV001768,2023-11-27,P0367,Dallas DC,CAN,70.0,20 ,160.24
INV000101,2024-02-25,P0253,Dallas Warehouse,deu,47.0,10,125.30
INV000446,06-19-2025,P0048,Sydney Warehouse,IRL,89.0,NULL,$605.53
INV005962,"Oct 22, 2024",P0343,Sydney DC,IDN,23.0,50,368.11
INV007741,2025-08-18,P0163,Singapore DC,CHN,57.0,50,539.88
INV005579,2024-08-23,P0210,Singapore DC,USA,26.0,20,166.60
INV004602,2023-07-30,P0361,Sydney Warehouse,MEX,160.0,10,$192.49
INV006085,"Aug 18, 2025",p0233,Manila DC,CHN,4.0,25,305.52
INV000990,2024-10-22,P0058,Frankfurt DC,FRA,32.0,25,1363.40
INV006855,2023-07-30,P0128,Dubai DC,jpn,226.0,20,"$1,658.67"
INV001013,2023-10-28,P0006,Sydney DC,IRL,113.0,50,507.59
INV001443,2024-06-24,P0163,Dubai DC,ARE,76.0,20,539.88
INV001671,2023-06-30,P0326,Dubai DC,ind,59.0,20 ,895.97
INV000454,28/09/2023,P0424,Manila DC,USA,81.0,50,295.04
INV006679,07-19-2025,P0224,Manila  DC,CHN,100.0,50,141.71
INV000977,2023-11-27,P0299,Manila DC,GBR,9.0,20,$358.99
INV002343,2023-05-01,P0169,Dubai_DC  ,USA,,50,888.63
INV000569,2024-03-26,P0319,Frankfurt DC,SAU,48.0,50 units,204.98
INV004699,2023-03-02,P0383,MANILA DC,EGY,91.0,50,1881.86
INV001380,2025-09-17,P0009,Singapore DC,NLD,70.0,20 ,1370.71
INV004193,2025-06-19,P0383,Singapore DC,CHN,114.0,N/A,1881.86
INV000089,2024-10-22, P0147 ,DALLAS DC,ESP,55.0,50,769.31
INV005534,2025-03-21,P0122,Manila_DC,GBR,39.0,50 units,180.96
INV002055,2023-11-27,P0395, Manila_DC,IND,50.0,50 units,$282.19
INV005409,"May 20, 2025",P0334,DALLAS DC,USA,122.0,20 ,577.38
INV007225,2023-01-01,P0338,Manila DC,gbr,184.0,50 units,1282.83
INV000289,2025-10-17,P9819,Sydney DC,PHL,100.0,50,$118.94
INV006820,2024-09-22,P0445,SINGAPORE DC,ESP,39.0,25,446.87
INV006062,"Jul 24, 2024",P0090,Dubai DC,MYS,106.0,50,81.60
INV000525,2025-09-17,P0150,Frankfurt DC,PRT,47.0,10,603.49
INV003539,2024-10-22,P0037,  Sydney DC ,CHN,186.0,20 ,235.52
INV006736,30/07/2023,P0228,Dubai_DC,IND,,20 ,143.79
INV004548,2025-10-17,P0106,Singapore DC  ,PAK,68.0,50 units,140.18
INV003029,2024-01-26,P0182,Frankfurt DC,CAN,74.0,25,148.98
INV003439,2023-04-01,P0295,Sydney DC,USA,41.0,50 units,946.64
INV002545,01-26-2024,P0386,Dubai DC,ISR,40.0,10,639.66
INV000498,04-20-2025,P0242,dallas dc,SGP,167.0,20 ,$31.06
INV002018,2023-11-27, P0035 ,Frankfurt_DC,NULL,203.0,50,153.63
INV002821,2025-03-21,P0403,Manila DC,BRA,,50,1444.81
INV002625,2024-03-26,P0341,Dallas Warehouse,USA,75.0,20 ,159.67
INV004879,2024-11-21,P0350,SYDNEY DC,egy,58.0,25,153.70
INV002379,2024-10-22,P0310, Manila DC,PHL,170.0,50 units,543.12
INV005244,2024-06-24,P0269,Dallas_DC,BRA,256.0,20,$394.90
INV005172,2025-05-20,P0071,Manila_DC,PHL,92.0,50,540.88
INV000341,2023/05/01,P0134,Manila Warehouse,SGP,,25,1526.45
INV004790,01/01/2023,P0065,Singapore DC,CHN,127.0,20,275.70
INV006110,2025-03-21,P0108,SINGAPORE DC,,115.0,20,$324.47
INV007660,2025-01-20,P0119,Singapore DC  ,ITA,77.0,20 ,799.93
INV002224,2023-12-27,P0237, Singapore DC,MAR,41.0,50 units,N/A
INV000066,2024-11-21,P0357,MANILA DC,CHN,126.0,50,252.01
INV000912,01/05/2023,P0470,MANILA DC  ,rus,63.0,25,104.73
INV003155,2023-07-30,P0040,Dallas Warehouse,SGP,15.0,25,1140.69
INV006490,2024-11-21,P0162,Singapore DC,BRA,20.0,20,1169.94
INV001475,2024-03-26,P0063,Singapore DC,RUS,180.0,20 ,660.25
INV003922,22/10/2024,P0308,Dubai DC, AUS,24.0,50 units,654.35
INV007071,2025-09-17,P0368,sydney dc,chn,28.0,50,523.59
INV002528,06-30-2023,P0002,Frankfurt Warehouse,DEU,177.0,50 units,$39.13
INV000951,19/02/2025,P0237,Manila DC,phl,54.0,20,1085.44
INV002869,2025-03-21,P0386,Singapore DC,USA,156.0,25,639.66
INV000471,2024-02-25,P0398,Singapore  DC,KOR,12.0,50,$378.76
INV005307,2024-03-26, P0189 ,SYDNEY DC,ESP,29.0,20 ,118.94
INV003096,"May 20, 2025",P0164,null,IND,35.0,20,433.13
INV002574,"Feb 25, 2024",P0131,Manila DC,MEX,61.0,10,$315.08
INV005019,2024-05-25,P0060,dallas dc,ITA,31.0,25,720.76
INV000368,04-25-2024,P0165,Singapore DC,idn,99.0,20 ,1599.84
INV002059,2025-01-20,P0031,Manila DC,KEN,219.0,50,$366.93
INV004864,31/01/2023,P0210,Manila DC,DEU,41.0,25,166.60
INV003822,2024-05-25,P0025,  manila dc , ISR,43.0,50,NULL
INV006800,2025-06-19,P0360,Sydney DC,MYS,21.0,20 ,"$1,572.12"
INV005974,2024-02-25,P0425,Manila DC,ITA,175.0,10,$385.09
INV004907,2023-12-27,P0445,Frankfurt DC,CHN,116.0,25,446.87
INV006561,2025-07-19,P0387,Frankfurt DC,GBR,49.0,50 units,1508.16
INV003767,2025-04-20,P0344,Frankfurt_DC,CHN,109.0,25,332.94
INV002104,2025-11-16,P0009,Dallas DC,ZAF,35.0,20,1370.71
INV000582,2023-11-27,P0395,Dubai DC,USA,132.0,50 units,282.19
INV006102,2024-11-21,P0052,manila dc,MAR,80.0,50 units,150.88
INV003588,2024-03-26,P0128,Manila DC,CAN,32.0,25,"$1,658.67"
INV001162,2025-05-20,P0177,Singapore DC,zaf,6.0,50,1340.72
INV005836,2023-05-31,P0011,Sydney  DC,NGA,61.0,20 ,90.19
INV005205,2023-07-30,P0215,Dubai DC  ,ITA,94.0,10,1135.32
INV003223,2024-10-22,P0414,Manila DC, JPN,16.0,20,
INV000116,2023-01-01,P0171,Dubai DC,CHN,85.0,20,683.25
INV007195,2025-04-20,P0291, Dubai Warehouse,CHN,86.0,20,42.01
INV006021,2024-05-25,P0457,Dubai DC,ARE,39.0,20 ,$80.12
INV007285,2024-07-24,P0193,Sydney DC, VNM,43.0,20,$442.33
INV005347,2024-08-23,P0474,Dubai Warehouse,THA,43.0,10,184.38
INV003256,2023-04-01,P0408,Sydney DC,USA,25.0,20,753.00
INV007164,2025-02-19,P0146, Dubai DC,GBR,50.0,,321.68
INV006912,"Feb 19, 2025",P0258,Dubai_DC,AUS,61.0,10,945.16
INV005171,2023-08-29,P0296,Manila DC,CHE,7.0,25,
INV006209,2024-08-23,P0014,Manila DC,COL,124.0,20,331.38
INV003691,2024-07-24,P0365,Singapore DC,tha,38.0,10,98.50
INV001539,2024-02-25,P0056, Dallas DC,NZL,64.0,20,$529.55
INV005518,20/04/2025,P0072,Singapore DC,PHL,127.0,20 ,63.48
INV000777,2024-08-23,P0025, sydney dc,KEN,76.0,50 units,369.52
INV005294,"Nov 27, 2023",P0133,Manila DC,CHN,47.0,20 ,23.07
INV007468,2024-02-25,P0344,DUBAI DC,POL,119.0,50,$332.94
INV001151,2025-11-16,P0123,Dallas DC,ITA,72.0,50,617.89
INV002177,18/08/2025,P0088,  Singapore DC ,USA,67.0,20 ,313.77
INV005467,06-19-2025,P0201,manila dc,CAN,41.0,50,805.03
INV005438,2024-05-25, P0041 ,SINGAPORE DC,IDN,,25,384.99
INV005740,"Nov 16, 2025",P0194,NULL,MEX,98.0,50,$292.89
INV005261,2025-10-17,P0410,Sydney DC,PRT,117.0,25,$475.18
INV004487,2024-07-24,P0359,sydney dc,fra,63.0,10,88.54
INV005292,28/09/2023,P0101,singapore dc,CHN,121.0,20 ,402.58
INV002102,2024-11-21,P0136,Singapore DC,ESP,104.0,10,124.40
INV006026,2024-05-25,P0172,  sydney dc ,CHL,-22.0,20 ,1137.31
INV002589,2023-01-31,P0105,Dallas DC,ITA,23.0,50 units,333.17
INV001503,2023-05-01,P0480,Dallas DC,DEU,0.0,20,
INV007644,2025-04-20,P0204,Sydney DC  ,USA,62.0,10,690.23
INV002351,01-01-2023,P0384,Sydney DC,USA,25.0,25,814.69
INV002619,2024-05-25,P9726,Dubai DC,AUS,94.0,10,$324.47
INV005960,2025-06-19,P0265,Frankfurt_DC,TWN,37.0,25,NULL
INV006219,2023-03-02,P0273,Frankfurt Warehouse,THA,13.0,50 units,NULL
INV005170,10-28-2023,P0376,Manila DC,IND,160.0,10,415.01
INV003135,2023-03-02,P0465,Frankfurt  DC,AUT,58.0,20 ,70.39
INV007680,2024/12/21,P0189,singapore dc,USA,39.0,20,$118.94
INV005790,2025-11-16,P0115,frankfurt dc,MAR,113.0,25,1730.87
INV000522,2025-06-19,P0071,Dubai DC  ,GRC,99.0,20,$540.88
INV004115,2023-08-29,P0081,MANILA DC,TWN,19.0,20 ,962.72
INV001557,2023-06-30,P0303,Sydney Warehouse,USA,61.0,20,614.16
INV000185,2024-10-22,P0119,Frankfurt DC,AUS,23.0,20,799.93
INV005584,2023/07/30,P0077,Sydney DC,NLD,90.0,50,138.22
INV002516,2024-03-26,P0329,Singapore DC,usa,194.0,20,361.49
INV005045,2023-03-02,P0298,Dubai_DC,CAN,91.0,10,132.31
INV001612,2024-04-25,P0459,Manila DC,USA,150.0,50 units,232.90
INV001935,17/10/2025,P0478,,USA,287.0,50 units,1422.93
INV007197,2025-05-20,P0194,Singapore DC,BRA,36.0,20,292.89
INV000757,11-21-2024,P0222,Dubai DC  ,ARG,66.0,50 units,1100.83
INV005955,2025-02-19,p0186,Frankfurt DC,IND,118.0,50 units,346.78
INV002286,2024-01-26,P0045, Dallas DC,IND,91.0,20,499.98
INV003674,2024-08-23,P0443,  Dubai DC ,usa,20.0,20 ,275.54
INV002130,2023-06-30,P0296,Frankfurt Warehouse,MEX,133.0,50 units,218.07
INV002840,2025-01-20,P0140,FRANKFURT DC,DEU,9.0,10,249.94
INV006218,2024-09-22,P0100,Singapore DC  ,MYS,,25,1301.31
INV000746,2024-03-26,P0382,Dallas DC  ,ISR,153.0,20,435.79
INV000682,"Nov 21, 2024",P0434,Manila DC,IND,52.0,20 ,508.81
INV001520,"May 31, 2023",P0384,Manila Warehouse,ARG,67.0,25,814.69
INV001294,2023-05-31,P0144,Dallas DC,GBR,29.0,,823.61
INV004538,2023-03-02,P0474,Sydney DC,NOR,129.0,20,184.38
INV006131,2023-05-31,P0396,Dubai DC,VNM,179.0,10,65.57
INV000347,01/01/2023,P0044,Dallas DC,KEN,78.0,50,346.35
INV003821,2024-09-22,P0278, Dubai DC, IDN,56.0,50 units,237.33
INV007207,2023-03-02, P0001 ,Singapore DC, MEX,223.0,50 units,$198.33
INV002757,2025-06-19,P0160,Singapore DC,GBR,105.0,20,356.16
INV006839,"May 20, 2025",P0224,Frankfurt DC,GHA,,20,141.71
INV001663,2023/12/27,P0184,Dubai DC  ,GBR,50.0,20 ,"$1,643.13"
INV004435,"Nov 21, 2024",P0460,Sydney DC,ita,50.0,20,$29.99
INV004995,24/06/2024,P0305,Dubai DC,kor,145.0,20 ,465.44
INV004572,2024/05/25,P0287,  Singapore DC ,GHA,46.0,10,null
INV005421,NULL,P0227,Frankfurt_DC  ,AUS,40.0,25,$153.94
INV001015,2025-06-19,P0422,MANILA DC,MEX,10.0,25,669.35
INV005802,25/02/2024,P0228,Singapore DC,USA,62.0,20,$143.79
INV006885,2023-01-01, P0188 ,Dallas DC  , DEU,19.0,20 ,640.49
INV003053,2023-07-30,P0126, Frankfurt Warehouse,USA,27.0,20 ,678.62
INV005474,"Nov 27, 2023",P0395,Dallas DC,CAN,59.0,50 units,282.19
INV003024,2023-08-29,P0292, Singapore DC,SGP,83.0,10,249.83
INV007412,2024-07-24,P0239,Dallas DC,usa,16.0,50 units,1152.66
INV006953,2023-01-01,P0390,Frankfurt DC,POL,64.0,25,$722.59
INV003577,2024-04-25,P0324,Singapore Warehouse,CHN,23.0,20 ,216.85
INV002084,2024-01-26,P0065,Manila Warehouse  ,BRA,56.0,50 units,275.70
INV001031,05-25-2024,P0365, Dallas DC,PHL,79.0,10,98.50
INV004495,2024-12-21,P0337,Manila DC,SAU,42.0,,634.78
INV005431,2023-01-01,P0174,Frankfurt DC,UKR,14.0,10,215.95
INV001392,2023-11-27,P0305,Dubai DC,ken,70.0,50,null
INV006047,2023-10-28,P0467,Frankfurt Warehouse,ZAF,153.0,50,147.20
INV001389,2023-11-27,P0047,Sydney_DC,SWE,42.0,10,$453.19
INV002282,2024-02-25,P0055,Sydney DC,KOR,-6.0,20,"$1,169.71"
INV005336,2023-05-31, P0185 ,Frankfurt DC,CAN,132.0,25,159.37
INV006976,2025/03/21,P0048,Dubai DC,ESP,27.0,25,605.53
INV000745,2023-08-29,P0385,Dubai DC,USA,49.0,50 units,310.64
INV000159,2024-06-24,p0385,Singapore Warehouse,DEU,-30.0,20,$310.64
INV001003,2024-09-22,P0333,MANILA DC,IRL,-27.0,null,588.69
INV006070,2023-01-01,P0029,Frankfurt DC,ESP,256.0,10,504.26
INV004654,2024-04-25,P0280,Singapore DC,DEU,80.0,20 ,336.14
INV004287,2023-01-01,P0322,Sydney_DC,GRC,45.0,20 ,109.08
INV006589,2024-02-25,P0298,Manila Warehouse,CAN,69.0,20 ,132.31
INV006799,2023-01-31, P0062 ,Dallas DC,,127.0,20 ,51.02
INV000315,04-25-2024,p0095,Sydney DC,vnm,41.0,20 ,"$1,860.84"
INV007290,2024-11-21,P0195,Dubai DC,esp,24.0,10,616.31
INV002889,2023-01-31, P0042 ,Singapore_DC,DEU,6.0,25,237.95
INV002213,2024-10-22,P0323,Dallas DC  ,NLD,23.0,10,$361.05
INV004481,20/04/2025,P0394,Frankfurt DC,THA,188.0,20,96.35
INV002217,2025-02-19,P0150,Dallas DC,ZAF,242.0,50,603.49
INV003843,2023-12-27,P0405,Dallas_DC,IND,101.0,25,$979.25
INV001227,"Oct 28, 2023",P0234, Manila DC,IND,34.0,20,819.95
INV001882,2023-01-01,P0067,Singapore DC,UKR,285.0,10,468.83
INV006967,"Jan 01, 2023",P0199,Singapore DC,,92.0,50,210.86
INV000069,"Aug 29, 2023",P0139,  Dubai_DC ,DEU,96.0,20 ,383.11
INV005868,2025-03-21,P0297,Frankfurt DC,AUS,109.0,10,$461.52
INV006453,23/08/2024,P0021,SYDNEY DC,VNM,25.0,10,286.52
INV005805,2025-07-19,P0025,Sydney DC,chn,8.0,10,$369.52
INV002708,2024-05-25,P0131,Dubai DC,esp,110.0,20 ,$315.08
INV004759,2025-05-20,P0343,MANILA DC  ,,65.0,20,$368.11
INV006836,"Apr 01, 2023",P0006,Manila DC,TWN,16.0,25,507.59
INV006003,2023-11-27,p0108,manila dc,CHN,70.0,20,$324.47
INV002922,2024-02-25,P0372,Dallas DC,MEX,,25,187.16
INV000356,2023-06-30,P0008,Dallas Warehouse,ARE,14.0,25,$998.45
INV000635,2023/05/31,P0422,Dubai_DC,POL,55.0,25,669.35
INV005122,2024-10-22,P0308,Dallas DC,THA,47.0,50 units,654.35
INV006973,2024-09-22,P0366,Dallas_DC,ARG,-28.0,50,
INV005463,2023-05-01,P0232,Dubai_DC,CHN,83.0,20,109.54
INV005007,2024-02-25,P0019,Dallas_DC,SGP,,10,$961.87
INV000537,2025-04-20,P0084,Dallas Warehouse,VNM,36.0,50,1693.83
INV003797,2023-05-31,P0075,SYDNEY DC,USA,82.0,20 ,182.37
INV005385,2025-09-17,P0049,Frankfurt DC,PRT,128.0,50,554.43
INV006279,2023-10-28,P0325, SINGAPORE DC,CHN,34.0,25,64.79
INV005226,2024-04-25,P0287,  Sydney DC ,chl,100.0,10,77.25
INV006575,30/06/2023,P0005,Manila DC,KOR,160.0,20 ,206.85
INV001992,2025-09-17,P0196,Frankfurt DC,CHE,67.0,20 ,120.35
INV004334,2023-03-02,P0061,Manila Warehouse,AUT,199.0,20 ,$860.02
INV003157,2024-04-25,P0226,  Sydney DC , CHL,48.0,20,$98.71
INV002354,2023-04-01,P0437,Frankfurt Warehouse,ZAF,23.0,50 units,121.14
INV004923,2025-02-19,P0086,NULL,RUS,136.0,50 units,772.42
INV000886,24/06/2024,P0033,Manila DC,USA,69.0,50,908.66
INV000047,2024-01-26,P0444,Frankfurt_DC,FRA,58.0,20 ,86.60
INV002582,2023-03-02,P0167,Singapore DC,ESP,31.0,20 ,690.29
INV007603,2024-09-22,P0076,Sydney Warehouse,CHL,208.0,50 units,1500.98
INV001573,2023-01-31,P0155,Singapore DC, TWN,4.0,20,352.91
INV005240,2024-11-21,P0259,Manila DC,PHL,47.0,20 ,230.93
INV003143,2025-01-20,p0429, Manila Warehouse,TUR,52.0,50 units,$494.45
INV004768,01/04/2023,P0069,Dallas DC,ESP,88.0,50,166.99
INV001658,05-20-2025,P0184,NULL,KOR,144.0,50,1643.13
INV002089,02-25-2024,P9847,MANILA DC,AUT,80.0,20,161.79
INV000211,2025/09/17,P0432,Sydney DC,THA,162.0,20 ,863.37
INV004061,2023-11-27,P0268,Manila DC,ita,91.0,50,489.43
INV001107,2023-05-31,P0340, Sydney DC,usa,32.0,10,117.81
INV002576,2024-04-25,P0103,Dallas DC,CAN,25.0,NULL,$192.46
INV004794,2025/07/19,P0439,Frankfurt DC,KEN,157.0,50,783.98
INV003041,10-22-2024,P0209,Singapore DC,USA,70.0,25,34.39
INV002276,2023-05-31,P0243,Singapore  DC,GBR,37.0,25,179.19
INV007721,2023-01-01,P0024,Frankfurt_DC,BGD,,20 ,$541.27
INV006228,"Oct 28, 2023",P0085,dubai dc,POL,60.0,20,781.85
INV003839,27/12/2023,P0309,Dallas_DC,JPN,179.0,10,277.16
INV003552,2024-08-23,P0252,Manila DC,IND,58.0,20,255.86
INV007705,2023-04-01,P0304,Sydney DC,JPN,185.0,20 ,888.37
INV003947,2025-10-17,P0377,Dallas_DC,IDN,133.0,20 ,212.18
INV001862,2023-07-30,P0200,Dallas DC,ESP,85.0,50 units,508.90
INV003357,2023-10-28,P0010,Singapore DC,tha,118.0,50 units,$362.45
INV002900,2024-09-22,P0087,Singapore DC,VNM,34.0,50 units,573.99
INV006941,05-01-2023,P0378,Dubai DC,NULL,169.0,20,$119.14
INV002264,2025-01-20,P0274,Frankfurt DC,CHN,41.0,50 units,744.08
INV000122,2023-01-01,P0453,Dallas DC,ITA,212.0,20 ,1512.26
INV006688,2023-11-27,P0333,Sydney Warehouse,FRA,70.0,20 ,588.69
INV001654,01-26-2024,P0277,manila dc  ,USA,44.0,20,1102.84
INV002353,2023-05-31,P0344,Sydney_DC  ,THA,305.0,50,$332.94
INV003197,NULL,P0084,  Dallas DC ,CHN,56.0,50 units,1693.83
INV006212,2024-12-21,P0283,Singapore DC,IND,37.0,20,$409.25
INV005992,2025-02-19,P0032, Frankfurt DC,,23.0,50 units,67.52
INV006617,2023-10-28,P0314,Manila DC, IND,201.0,N/A,$183.07
INV001773,2023-11-27,P0010,FRANKFURT DC,SWE,62.0,20 ,null
INV000082,2025-01-20,P0243,Sydney DC,SAU,134.0,25,$179.19
INV006083,2024-11-21,P0309,Dubai_DC,FRA,69.0,20 ,$277.16
INV002570,2025-11-16,P0283,Dallas  DC,DEU,95.0,20,409.25
INV004692,2024-01-26,P0041,Frankfurt DC,MEX,156.0,10,384.99
INV002608,2025-06-19,p0126, Sydney DC,USA,81.0,50,678.62
INV005383,2024-03-26,P0350,Singapore  DC,NULL,137.0,50 units,153.70
INV000946,"Jun 19, 2025",P0164,Dubai_DC,NLD,59.0,50 units,433.13
INV007048,04-25-2024,P0225,Sydney DC,VNM,7.0,10,413.07
INV000543,2024-10-22,P0392,Sydney DC,ESP,77.0,50 units,788.36
INV005319,2025-10-17,P0170,Manila DC,IND,50.0,10,333.68
INV006506,16/11/2025,P0305,Frankfurt DC, CHN,63.0,50,465.44
INV000670,2024-09-22,P0060,Singapore DC,BGD,42.0,N/A,720.76
INV002187,2025-04-20,P0450,DALLAS DC,JPN,87.0,50 units,184.31
INV000558,27/11/2023,P0096,Manila DC,TWN,46.0,,70.56
INV006173,22/09/2024,P0210,Dubai DC,DEU,36.0,50,$166.60
INV001911,2023-05-01,P0024,manila dc,usa,14.0,50,$541.27
INV007448,,P0003,SYDNEY DC,BGD,29.0,20 ,517.78
INV000680,2025-08-18,P0096,Singapore DC,JPN,141.0,10,70.56
INV007661,08-18-2025,P0313,MANILA DC,SWE,132.0,10,1008.89
INV001761,08-23-2024,P0233,Sydney DC,HKG,29.0,20,305.52
INV005957,2023-05-31,P0206,  Sydney DC ,BRA,204.0,50,281.59
INV000593,2025-01-20,P0234,Dubai DC,BRA,25.0,50,819.95
INV002403,2025/09/17,P0348,Manila  DC,THA,153.0,10,114.39
INV001131,2025-02-19,P0140,Dallas DC,AUS,23.0,20 ,249.94
INV006560,2023-10-28, P0161 ,Dubai DC,THA,56.0,20,$651.95
INV005594,2023-09-28,P0261,singapore dc, CHN,69.0,20 ,353.51
INV002693,01/05/2023,P0436, Dubai DC,USA,105.0,10,383.56
INV003841,2025-11-16,P0174,Sydney Warehouse,AUS,67.0,10,215.95
INV005137,10-22-2024,P0226,N/A,IND,112.0,10,98.71
INV003009,2025-03-21,P0388,Dubai Warehouse,VNM,39.0,10,70.63
INV000643,2025-09-17,P0015,Singapore DC,GRC,55.0,25,299.01
INV005457,2023-12-27,P0342,Frankfurt_DC  ,CHN,97.0,50 units,45.41
INV006616,31/05/2023,P0077,Sydney DC,ita,76.0,50 units,$138.22
INV004066,17/09/2025,P0334,Sydney DC,KOR,36.0,50,577.38
INV004498,2025-06-19, P0425 , Dubai DC,POL,45.0,50,385.09
INV001644,2023-01-01,P0351,Dubai DC,SGP,30.0,50 units,343.53
INV006641,01-26-2024,P0169,Manila DC,CHN,95.0,20,888.63
INV007162,2023-07-30, P0049 ,,ken,182.0,20,554.43
INV007686,02-25-2024,P0291,Manila_DC,twn,112.0,10,42.01
INV004300,2025-09-17,P0100,Manila DC,USA,61.0,50 units,
INV000076,2023-08-29,P0129,Dubai DC,IND,19.0,20,191.69
INV006857,24/07/2024,P0322,DUBAI DC,IND,-1.0,NULL,109.08
INV005854,"Dec 27, 2023",P0406, Dallas DC,CHN,51.0,20,224.75
INV006734,2024-01-26,P0360,Frankfurt DC,usa,,50 units,"$1,572.12"
INV000847,2023-01-31,P0336,dallas dc,MEX,9.0,50 units,180.18
INV004948,2025-01-20,P0199,Dubai DC,FRA,104.0,50,210.86
INV000945,2023-04-01,P0353,manila dc,CAN,110.0,50,396.59
INV001115,2023-04-01,P0416,Singapore_DC,AUT,41.0,25,1613.05
INV007768,17/09/2025,P0222,Manila DC,IND,195.0,50 units,"$1,100.83"
INV003117,20/05/2025,P0342,Dallas DC,MEX,56.0,50,45.41
INV004730,2024-02-25,P0009,Singapore_DC,usa,76.0,10,1370.71
INV002884,22/09/2024,P0182,Frankfurt DC,AUS,,50,148.98
INV003834,2023-04-01,P0458,Sydney DC  ,gha,71.0,20 ,482.57
INV001143,2023-01-31,P0469,Manila Warehouse,SAU,14.0,50 units,811.02
INV006288,25/02/2024,P0103,FRANKFURT DC,CHN,48.0,10,$192.46
INV007310,2025-06-19,P0237,FRANKFURT DC,RUS,21.0,50 units,1085.44
INV002474,2023-07-30,P0214,singapore dc,EGY,53.0,50,353.01
INV001564,26/01/2024,P0174,Frankfurt DC,USA,15.0,25,215.95
INV004030,2023-05-01,P0332,Dallas DC,ISR,289.0,50 units,1529.57
INV003875,2025-11-16,P0011,Singapore DC,AUS,35.0,25,90.19
INV001973,2023-01-31,P0271,Frankfurt DC,CHN,39.0,20 ,357.28
INV005103,08-23-2024,P0286,Dubai  DC,PHL,69.0,20,238.90
INV002522,2024-01-26,P0027,,AUT,70.0,10,$46.93
INV001616,27/11/2023,P0276, Singapore Warehouse,IND,143.0,20,677.68
INV002532,2025-11-16,p0222,Sydney DC,USA,17.0,20,1100.83
INV005870,2024-11-21,P0131,Dubai DC,COL,83.0,20 ,315.08
INV003495,2024-10-22,P0394,Dubai DC,NOR,76.0,25,$96.35
INV001121,2024-09-22,P0093,Manila DC,ESP,29.0,20 ,219.16
INV004492,"Jan 01, 2023",P0456,Sydney DC  ,MEX,40.0,10,302.99
INV005993,2023-05-01,P0343,Dubai DC, IDN,15.0,50,$368.11
INV002476,01-01-2023,P0457,Dubai DC,MEX,64.0,25,NULL
INV003181,2024-11-21,P0459,Manila DC,UKR,105.0,10,$232.90
INV003176,2024-02-25,P0199,Manila Warehouse,UKR,137.0,20 ,210.86
INV000666,2025-04-20,P0015,Dallas DC,GBR,58.0,50 units,$299.01
INV006292,2024-10-22,P0064,Sydney Warehouse,USA,,25,
INV000877,03-02-2023,P0107,Dallas DC,ITA,26.0,50,353.21
INV004840,2024-12-21,P0006,Frankfurt DC,,13.0,20 ,507.59
INV001400,10-22-2024,P0209,,ESP,120.0,10,34.39
INV005465,12-21-2024,P0364,Singapore DC,twn,25.0,10,610.93
INV000972,2024-11-21,P0234,Dubai DC,BGD,87.0,10,819.95
INV004017,2023-09-28,P0075,Frankfurt DC,AUS,45.0,25,182.37
INV000982,2025-03-21,P0422,Dallas DC,BRA,161.0,50,$669.35
INV001191,2023-12-27,P0456,Dallas DC,IND,58.0,null,$302.99
INV001254,2023-10-28,P0380,Sydney DC,FRA,160.0,20,1242.94
INV007829,2023-06-30,P0376,Frankfurt Warehouse, IRL,61.0,20,415.01
INV000507,2025-04-20,P0318,Manila DC,CHN,217.0,20 ,1002.24
INV004373,2024/03/26,p0358,Frankfurt DC  ,THA,44.0,20,362.65
INV000681,2023-01-01,P0319,Sydney DC, TWN,18.0,20 ,204.98
INV001442,2025-10-17,P0072,Sydney DC,GRC,48.0,20 ,$63.48
INV002470,12-27-2023,P0210,Sydney DC,FRA,93.0,10,166.60
INV001974,"Oct 22, 2024",P0380,Frankfurt DC,BRA,111.0,10,1242.94
INV004117,2023-11-27,P0088,Frankfurt DC,USA,48.0,50 units,313.77
INV002167,27/11/2023,p0023,dubai dc,NZL,173.0,50,806.82
INV004827,2024-01-26,P0243,Sydney DC,HKG,87.0,50,$179.19
INV000794,20/05/2025,P0290,Singapore DC,NOR,42.0,50,571.76
INV007720,2023-12-27,P0046,SINGAPORE DC,usa,34.0,20,1078.86
INV004497,2024-11-21,P0115,Frankfurt DC,CHN,25.0,20 ,1730.87
INV003896,2023-08-29,P0343,Dubai_DC,CAN,39.0,10,368.11
INV000173,2025/07/19,P0419,Dallas DC,MEX,78.0,20 ,1142.25
INV000520,"Jun 30, 2023",P0249,Manila DC,IND,139.0,50 units,
INV002397,20/04/2025,P0221,Dallas Warehouse,BGD,45.0,10,$497.92
INV006730,24/07/2024, P0371 ,Singapore DC,JPN,76.0,50,239.13
INV002204,2024-01-26,p0059,SINGAPORE DC,PHL,85.0,50 units,216.45
INV006412,2023-11-27,P0284,Singapore DC,BGD,144.0,50,1835.64
INV005626,2024-04-25,P0090,Dallas DC,mex,82.0,20,$81.60
INV005181,2024-01-26,P0054,manila dc,ESP,86.0,50 units,234.08
INV002895,2024-07-24,P0131, Dubai DC,DEU,20.0,50 units,315.08
INV004921,2025/05/20,P0094,Frankfurt DC,GBR,114.0,20 ,321.40
INV000099,2025-03-21,P0016,Dubai_DC, TUR,24.0,20,1431.29
INV000477,2025-01-20,P0078,Manila DC,MYS,46.0,50 units,$338.99
INV001640,2024-05-25,P0412,singapore dc,DEU,36.0,50 units,70.77
INV004041,2024-10-22,P0281,Sydney DC,usa,28.0,25,421.79
INV001632,03-21-2025,P9699, Sydney DC,JPN,26.0,25,603.49
INV003668,25/02/2024,P0298,Dubai Warehouse,PRT,47.0,25,132.31
INV002709,2024-02-25,P0129,Manila DC,ITA,29.0,20 ,191.69
INV003522,30/07/2023,P0035,dubai dc,JPN,79.0,50,153.63
INV004326,25/02/2024,P0049,,ESP,220.0,25,554.43
INV001886,2023/06/30,P0276,Frankfurt DC, FRA,286.0,10,$677.68
INV007391,"Aug 23, 2024",P0438,frankfurt dc,mar,113.0,20,$391.81
INV001478,2024-06-24,P0407,Frankfurt DC,ITA,139.0,50,500.30
INV002505,2025-10-17,P0369,Manila DC,USA,47.0,50,887.73
INV002164,"Apr 25, 2024",P0078,Dubai DC,COL,12.0,20 ,338.99
INV001267,2023-06-30,P0265,,CHE,396.0,25,1015.41
INV007421,2024-08-23,P0182,Singapore DC,GBR,83.0,20,$148.98
INV006963,2024/02/25,P0253,Dubai DC,ESP,77.0,25,$125.30
INV002288,2025-03-21,P0131,Manila DC  ,GHA,234.0,20,$315.08
INV002714,2023-05-01,P0411,Dubai DC,CHN,178.0,20 ,$112.44
INV003726,2025-09-17,P0343,DUBAI DC, SAU,213.0,50,N/A
INV003362,2024-07-24,P0172,Sydney DC,BRA,30.0,25,1137.31
INV005079,2025/10/17,P0241,Dallas DC,TWN,110.0,50,85.47
INV005662,2025-01-20,P0434,Dubai DC  ,USA,162.0,,508.81
INV003111,06-30-2023,P0248,singapore dc,ITA,24.0,NULL,75.05
INV001765,"Mar 21, 2025",P0001, Frankfurt DC,ZAF,79.0,50,$198.33
INV006054,06-24-2024,P0077,Frankfurt DC,IND,89.0,25,138.22
INV002547,2024-11-21,P0139,Singapore DC,BRA,42.0,20 ,$383.11
INV007711,2025-05-20,P0441,Sydney DC,NLD,136.0,20,717.68
INV000638,2023-01-31,P0215,Sydney_DC,FRA,22.0,10,"$1,135.32"
INV006924,2023-06-30, P0220 ,Singapore DC  ,CAN,166.0,50,153.59
INV004560,2023-11-27,p0223,Sydney DC  ,CAN,46.0,25,291.25
INV003237,20/01/2025,P0316,Singapore_DC  ,DEU,24.0,10,$348.67
INV001461,"Apr 20, 2025",P0050,Manila DC,TWN,66.0,50,$130.96
INV000258,2023-09-28,P0198,dubai dc,ZAF,23.0,20,672.93
INV001517,"Sep 22, 2024",P0327,Dallas DC,JPN,27.0,20 ,$124.47
INV003183,30/07/2023,P0314,Singapore_DC,BGD,30.0,20,$183.07
INV003100,2024-09-22,P0084,Sydney Warehouse,IND,86.0,20 ,1693.83
INV000267,,P0331,Dubai DC,ITA,55.0,10,647.08
INV004452,2024-10-22,P0406,Dubai_DC  ,GBR,30.0,N/A,224.75
INV002680,21/11/2024,P0374,Sydney_DC,PRT,110.0,50,1275.24
INV000004,2023-05-31,P0362, FRANKFURT DC, CHN,62.0,20,469.11
INV002850,2023-08-29,P0478,singapore dc  ,USA,172.0,20 ,"$1,422.93"
INV001560,"Nov 27, 2023",P0265,Dallas DC,USA,35.0,25,1015.41
INV000509,2024-08-23,P0277,Dubai DC,IND,26.0,50,1102.84
INV006256,2025-05-20,P0207,Manila DC,CHN,,50 units,288.40
INV001939,2023-12-27,P0304,Frankfurt DC,USA,84.0,50,888.37
INV006075,2023-05-01,P0146,Manila DC,CAN,65.0,50,$321.68
INV001152,2024-08-23,P0276,MANILA DC,RUS,70.0,20,$677.68
INV003268,2024-09-22,P0311,Singapore DC,USA,117.0,10,$556.63
INV004883,2025-11-16,P0450, Dubai DC,ITA,144.0,20 ,184.31
INV006379,10-28-2023,P0310,Sydney DC,SAU,52.0,50,543.12
INV001158,2024-07-24,P0017,Dallas DC,GBR,36.0,25,542.06
INV005982,2024-02-25,P0293,Frankfurt DC,ITA,113.0,10,1874.55
INV005546,27/12/2023,P0351,MANILA DC,DEU,66.0,25,$343.53
INV002954,2025-09-17,P0024, Dallas_DC,JPN,146.0,20,541.27
INV006008,01/04/2023,P0200,Manila DC,AUS,47.0,50,508.90
INV003754,2024/08/23,P0055,Singapore_DC,THA,41.0,25,"$1,169.71"
INV005589,2025-06-19,P0163, Manila DC,NULL,26.0,25,539.88
INV006430,2023-04-01,P0309,Sydney DC,KOR,66.0,50,277.16
INV006214,2023-05-31,P0261,Dubai DC,NLD,24.0,10,353.51
INV005401,2023-03-02,P0375,Dubai DC,,,10,$253.01
INV000539,2023-04-01,P0013,Dubai  DC,nga,44.0,50,403.24
INV003093,02-19-2025,P9030,dubai dc,NLD,28.0,50,155.94
INV007341,2024-03-26,P0311,Dallas DC,USA,46.0,50 units,556.63
INV004449,05-25-2024,P0061,Dubai DC, POL,68.0,25,860.02
INV006702,2024-04-25,P0346,singapore dc,ESP,27.0,50,243.91
INV004488,2024-07-24,P0059, Manila DC,COL,20.0,50 units,216.45
INV002138,"May 25, 2024",P0445,MANILA DC,USA,5.0,25,446.87
INV004943,2023-11-27,P0008,Manila DC,NOR,17.0,50 units,$998.45
INV004815,2025-09-17,P0455,sydney dc,USA,23.0,10,491.96
INV006353,2023-06-30,P0143,Dubai DC,SGP,46.0,50 units,1273.62
INV003710,2025-01-20,P0031,Singapore DC,deu,38.0,25,366.93
INV000899,2025/01/20,P0006,DUBAI DC, MEX,24.0,50 units,507.59
INV002042,2023-03-02,P0375,singapore dc,,27.0,20,253.01
INV002592,2024-10-22, P0406 ,Frankfurt Warehouse  ,USA,62.0,50 units,224.75
INV004854,2023-11-27,P9042,Frankfurt DC  ,can,65.0,10,216.85
INV000599,2025-02-19,P0374, Dubai_DC,zaf,265.0,20 ,1275.24
INV002921,21/03/2025,P0256, Frankfurt DC,BRA,-19.0,20,266.93
INV006382,2024-12-21,P0466,frankfurt dc,VNM,104.0,50,965.94
INV007576,2025-08-18,P0029,FRANKFURT DC,MEX,72.0,20 ,504.26
INV001041,2024-09-22,P0051,DALLAS DC,JPN,37.0,50,154.89
INV000687,2023-01-31,P0378,Sydney DC,NZL,69.0,50,119.14
INV001313,07-30-2023,P0338,Frankfurt Warehouse,TUR,129.0,25,1282.83
INV005037,2023-11-27,P0012,Dallas Warehouse,VNM,72.0,20,$68.12
INV006370,2025-11-16,P0385,Manila DC,sgp,59.0,20,310.64
INV001584,2023-12-27,P0261,Manila DC,SAU,32.0,10,353.51
INV004510,02/03/2023,P0421,sydney dc,KOR,208.0,20,95.44
INV004436,2024-12-21,P9067,Dallas Warehouse,GRC,204.0,10,542.06
INV002911,2024-06-24,P0020,Dallas_DC,chn,26.0,50 units,264.27
INV003584,2024-10-22,P0093, sydney dc,,28.0,50 units,$219.16
INV000068,2025-10-17,P0437,SINGAPORE DC,AUS,29.0,10,121.14
INV001357,2023-01-01,P0010,Singapore DC,CHN,57.0,25,362.45
INV000542,2025-07-19,P0305, Dubai DC,ARE,32.0,25,465.44
INV001133,2023-10-28,P0280,SYDNEY DC, MEX,,50 units,$336.14
INV007174,2025-04-20,P0357,Dallas DC,CHN,63.0,50 units,$252.01
INV000282,19/02/2025,P0276,Dallas DC,IND,93.0,20 ,677.68
INV005405,2023-08-29,P0215, DUBAI DC,CHN,46.0,20,1135.32
INV005076,2023/04/01,P0091,Singapore DC  ,usa,,20,$85.53
INV002049,2023-01-31,P0093,Dallas DC,fra,86.0,20,$219.16
INV001714,2023-06-30,P9442,Singapore DC,FRA,178.0,50 units,230.93
INV003134,2023-05-01,P0361,singapore dc,USA,126.0,25,192.49
INV006002,2025-10-17,P0262,Sydney DC,ESP,94.0,10,181.62
INV007022,"Apr 25, 2024",P0386,Sydney DC,GBR,33.0,25,639.66
INV004318,07-24-2024,P0191,Dubai_DC,IND,26.0,null,54.17
INV002295,2023-11-27,P0093,Singapore DC,ESP,112.0,50,219.16
INV006746,2023-07-30,P0233,Manila DC,POL,150.0,50,305.52
INV004103,2025-01-20,P0031,Manila DC,CHN,52.0,20 ,366.93
INV006240,2024-05-25,P0429,Manila DC  ,RUS,,10,494.45
INV006059,2024-04-25,P0421,singapore dc,USA,72.0,20 ,95.44
INV005536,01-31-2023,P9464,Dallas DC,AUS,43.0,20 ,338.99
INV007355,2023-06-30,P0038,SYDNEY DC, RUS,6.0,25,805.43
INV006752,2023-07-30,P0374,Singapore DC,PAK,81.0,50 units,"$1,275.24"
INV004410,04-01-2023, P0310 ,Singapore DC,AUS,33.0,50 units,543.12
INV004850,2023-12-27,P0122,Manila DC,ESP,77.0,20 ,180.96
INV004473,2024-04-25,P0325,Dubai DC, UKR,30.0,20 ,NULL
INV007059,08-18-2025, P0411 ,Dubai_DC,PAK,131.0,20,$112.44
INV005313,2024-09-22,P0327,Dubai DC,fra,143.0,50 units,124.47
INV000317,01/04/2023,P0308,Sydney_DC,GBR,98.0,25,654.35
INV003628,2024-04-25,P0219,N/A, BGD,83.0,10,228.15
INV000030,2025-04-20, P0308 ,Singapore DC,NLD,12.0,25,654.35
INV001720,2023-10-28,P0069,SYDNEY DC,MYS,179.0,50 units,166.99
INV006319,22/10/2024,P0057,Dallas DC, JPN,131.0,20 ,583.38
INV002851,2023-01-01,P0458,Dubai DC,CHN,49.0,20 ,482.57
INV007187,2023-07-30,P0132,dubai dc,DEU,45.0,20 ,239.74
INV006853,2024-10-22,P0478,Manila Warehouse,TWN,76.0,50 units,NULL
INV006850,06-30-2023,P0448,Manila DC,GHA,32.0,20,196.16
INV003712,2023-08-29,P0420, Frankfurt DC,GRC,92.0,N/A,$272.48
INV002939,2023/01/01,P0179,FRANKFURT DC,ITA,260.0,25,52.95
INV002917,"Feb 25, 2024", P0157 ,Sydney DC,ESP,13.0,20 ,428.62
INV005935,2024-08-23,P0191,Manila DC,TWN,87.0,50 units,54.17
INV000787,2024-07-24,P0450,Manila DC,USA,46.0,20 ,184.31
INV000874,"Sep 28, 2023",P0082,Sydney_DC,FRA,71.0,20 ,80.04
INV004094,2024-08-23,P0439,Dubai DC,CHE,93.0,50 units,783.98
INV003086,01-20-2025,P0111,Sydney Warehouse,deu,69.0,25,393.07
INV002470,12-27-2023,P0210,Sydney DC,FRA,93.0,10,166.60
INV004871,2023-01-01,P0003,DALLAS DC,VNM,236.0,,517.78
INV000691,2024-03-26,P0283,MANILA DC,,70.0,20 ,$409.25
INV006866,21/11/2024,P0355,Sydney DC,IND,45.0,50 units,$245.67
INV003045,2024-03-26,P0025,Singapore DC,IND,76.0,50,369.52
INV004661,2023/05/31,P0350,Singapore DC,MEX,32.0,10,$153.70
INV007353,2025-10-17,P0338,Manila DC,PHL,69.0,50,1282.83
INV001180,2025-09-17,P0041,DALLAS DC,ARG,57.0,10,384.99
INV004823,09-17-2025,P0391,Dallas DC,GBR,41.0,20,334.44
INV007239,11-21-2024,P0210, Dubai_DC,USA,31.0,50,$166.60
INV006090,2025/08/18,P0188,Dallas DC,SAU,22.0,20 ,640.49
INV000278,2024-06-24,P0352,Sydney DC,,119.0,20,$176.94
INV003243,2025-11-16,P0021,Frankfurt DC,USA,10.0,20,286.52
INV005647,2025-07-19,P0208,Dubai DC,GBR,71.0,50,877.53
INV006103,2024-09-22,P0263,Dubai DC,col,40.0,20 ,367.49
INV000523,2023-12-27, P0284 ,Sydney DC,COL,90.0,25,1835.64
INV000130,"Aug 23, 2024",P0424,Sydney DC,GBR,100.0,25,$295.04
INV001711,2024-12-21,P0415,FRANKFURT DC,CHN,141.0,10,1145.24
INV003904,2024-01-26,P0433,Sydney Warehouse,,3.0,50 units,388.52
INV005124,"Jun 24, 2024",P0467,DUBAI DC,CAN,145.0,50 units,147.20
INV000808,2024-07-24,P0268,Singapore DC,ESP,5.0,20 ,$489.43
INV001896,11-21-2024,P0271,FRANKFURT DC,NLD,106.0,10,357.28
INV001383,2023-11-27,P0445,Singapore DC,NLD,129.0,25,446.87
INV006919,26/01/2024, P0014 , Dallas DC,USA,93.0,20 ,331.38
INV000762,2024-05-25,P0326,Dubai  DC,BRA,202.0,10,895.97
INV002387,"Aug 18, 2025",P0219,Dallas DC  ,usa,72.0,50 units,$228.15
INV004168,01-20-2025,P0133,Dubai_DC,SAU,128.0,50 units,23.07
INV004612,2025-09-17,P0159,Manila DC,USA,110.0,25,$201.99
INV002598,2025/09/17,P0325,  manila dc ,CHN,47.0,null,$64.79
INV000531,2025-09-17,P0066,  Dallas Warehouse ,MYS,32.0,null,243.76
INV003851,2025-09-17,P0034,Manila DC,NZL,44.0,20 ,84.58
INV003583,2023-01-31, P0039 ,Singapore DC,SWE,67.0,20 ,246.42
INV001424,"Apr 20, 2025",P0084,Dubai DC, USA,48.0,20,1693.83
INV006511,2025-05-20,P0190,singapore dc,ZAF,148.0,50,492.51
INV002921,21/03/2025,P0256, Frankfurt DC,BRA,-19.0,20,266.93
INV000611,2024-01-26,P0347,Singapore_DC,EGY,67.0,25,405.34
INV007793,2023-08-29,P0364,  Frankfurt DC ,bra,36.0,10,610.93
INV005745,25/02/2024,P0361,  Singapore DC ,arg,101.0,20,192.49
INV006391,2024-08-23,P0060,Dubai DC,VNM,64.0,20,$720.76
INV004754,2025-05-20,P0346,Dubai DC,POL,48.0,50,243.91
INV003654,2024-01-26,P0456,Dallas DC,BRA,51.0,10,302.99
INV005221,2024-12-21,P0190,Manila DC,,132.0,20,$492.51
INV006580,2023-06-30,P0467,Singapore DC,UKR,-2.0,20 ,147.20
INV007556,2024-04-25,P0317,Dubai  DC,BRA,21.0,50 units,N/A
INV006098,21/12/2024,P0015,Manila DC,RUS,115.0,10,$299.01
INV004184,2023-07-30,P0306,Manila DC, TUR,56.0,50,282.77
INV002090,2023-05-31,P0353,Manila_DC,IND,72.0,20 ,396.59
INV005632,2025-01-20,P0012,Dallas DC,USA,313.0,25,68.12
INV007663,21/11/2024,P0185,Sydney DC, GBR,124.0,50 units,159.37
INV005848,2023-05-31,P0470,Sydney  DC,ITA,40.0,50 units,$104.73
INV004031,03-02-2023,P0367,Sydney DC  ,tha,29.0,50,$160.24
INV005566,2023-01-31,P0192,Dubai DC,DNK,227.0,25,204.18
INV006324,2025-11-16,P0393,Manila Warehouse,ITA,107.0,20 ,822.49
INV005380,17/10/2025,P0193,N/A,CHN,62.0,25,442.33
INV007401,2023-04-01,P0104,Dallas Warehouse,fra,21.0,20 ,1095.97
INV003828,2025-10-17,p0087, Singapore DC,POL,40.0,10,573.99
INV005082,2023-01-31, P0312 ,Frankfurt DC,KOR,130.0,25,1807.34
INV003066,01-26-2024,P0272,dubai dc,ESP,79.0,NULL,$160.33
INV006456,2024-02-25,P0310,Manila DC,NZL,114.0,50 units,543.12
INV004051,2023-10-28,P0334,Manila DC,IND,28.0,25,577.38
INV004141,2023-01-31,P0040,Dallas_DC,vnm,60.0,10,"$1,140.69"
INV000570,2023-11-27,p0465,Sydney DC,PHL,95.0,50 units,70.39
INV005085,29/08/2023,P0090,Manila DC,KEN,,50 units,N/A
INV005539,2025-10-17,P0304, Dallas DC,USA,62.0,25,888.37
INV005737,08-29-2023,P0219,Frankfurt DC,THA,,25,228.15
INV003759,"May 31, 2023",P0349,Manila DC,IND,110.0,50,1417.16
INV006607,23/08/2024,P0033,Frankfurt DC,CAN,25.0,20 ,$908.66
INV001684,19/02/2025,P0062,Manila DC,GBR,77.0,10,51.02
INV005526,2024-05-25,P0338,Sydney DC,can,8.0,10,1282.83
INV003076,2024-02-25,P0440,Manila DC,chn,71.0,10,$382.33
INV001398,2023/01/01,P0468,SINGAPORE DC,hkg,55.0,10,182.15
INV002359,11-21-2024,P0479,Singapore Warehouse,GRC,86.0,50 units,128.08
INV001105,2025-01-20,P0142,Dallas Warehouse,THA,90.0,50 units,
INV000663,2024-01-26,P0125,Sydney DC,NZL,24.0,50,275.50
INV002460,20/05/2025, P0147 ,frankfurt dc,CAN,154.0,20 ,769.31
INV002663,2024/10/22,P0303,null,GHA,163.0,20 ,614.16
INV001317,02-19-2025,P0399,Singapore DC,ITA,138.0,20 ,234.10
INV004220,2023-03-02,P0044,Singapore_DC,NULL,8.0,20 ,346.35
INV007442,21/03/2025,P0309,Sydney DC,COL,80.0,20,277.16
INV007700,2024-06-24, P0325 ,Dallas DC,ESP,80.0,50 units,64.79
INV006975,2025-05-20,P0131,Sydney_DC,IND,82.0,10,315.08
INV000922,"Sep 17, 2025",p0062,Frankfurt DC,UKR,-16.0,25,51.02
INV007664,"Dec 21, 2024",p0217,Dallas DC,ISR,25.0,20 ,1062.54
INV003372,2025-05-20,P0434,Dallas DC,usa,21.0,20,508.81
INV000734,01/04/2023,P0270,Frankfurt DC,JPN,154.0,25,275.84
INV007638,28/10/2023,P0024,Manila DC,USA,31.0,20 ,541.27
INV005911,2024-03-26,P0326,manila dc,VNM,128.0,25,895.97
INV001244,02/03/2023,P0301,frankfurt dc,MAR,40.0,50 units,327.68
INV002613,2023-10-28,P0010,Singapore DC,UKR,16.0,50,362.45
INV002293,2023-05-31,P0099,Sydney Warehouse,POL,133.0,20,376.17
INV000381,2025-10-17,P0463,Dallas DC  ,CHN,24.0,50,"$1,421.36"
INV000378,2023-04-01,P0279,,TUR,42.0,10,1042.70
INV001871,30/06/2023,P0364,Sydney_DC,CHN,141.0,20,610.93
INV001106,2023-04-01,P0381,Sydney DC,ind,87.0,20,554.55
INV002370,2023-06-30,P0027,singapore dc,NULL,20.0,20,$46.93
INV006783,11-16-2025,P0329,Singapore DC,DEU,22.0,25,361.49
INV006612,23/08/2024,P0055,Frankfurt Warehouse,SGP,,50,1169.71
INV004105,"Jan 31, 2023",P0027,Manila DC,CAN,21.0,50 units,$46.93
INV001915,2025-04-20,P0060,N/A,MYS,71.0,20 ,720.76
INV004328,2024-11-21, P0053 , Sydney DC,IND,30.0,50 units,71.16
INV001836,"Sep 28, 2023",P0043,Sydney Warehouse,RUS,24.0,20 ,226.16
INV006774,2023-08-29,P0479,Sydney DC  ,CHL,145.0,50,128.08
INV000873,2024-10-22,P0161,N/A,USA,66.0,20 ,651.95
INV004580,02/03/2023,P0460,Manila DC,VNM,61.0,10,$29.99
INV004601,"May 31, 2023",P0323,Sydney DC,PHL,60.0,20 ,$361.05
INV004491,08-23-2024,P0072,Dallas DC,GBR,26.0,20,63.48
INV006818,2025-05-20,P0122,Singapore DC,IND,92.0,50 units,180.96
INV000123,2023-01-31,P0083,Manila DC,IRL,81.0,20 ,$439.01
INV005191,2023-05-31,P0441,Frankfurt DC,CHE,51.0,null,717.68
INV005317,2024-07-24,P0457,singapore dc,KOR,109.0,N/A,80.12
INV000302,2023-04-01,P0266,Sydney_DC,SGP,68.0,20 ,382.81
INV006847,08-29-2023,P0148,Sydney DC,ARG,,20 ,1458.45
INV003487,2025-02-19,P0135, Dallas_DC, SAU,70.0,25,20.57
INV004220,2023-03-02,P0044,Singapore_DC,NULL,8.0,20 ,346.35
INV003724,"Jun 19, 2025",P0316,DALLAS DC,THA,43.0,50 units,348.67
INV001212,2024-04-25,P0307,Singapore_DC,USA,160.0,20,754.66
INV000729,2024-02-25,P0308,Sydney DC,TWN,65.0,20,654.35
INV000262,2023-03-02,P0014,Singapore DC  ,ARE,39.0,50 units,331.38
INV005728,2023-06-30,P0153,Sydney DC  ,ARG,28.0,,377.27
INV001333,"May 31, 2023",P0294,SINGAPORE DC,ARE,53.0,25,290.11
INV006454,2024-11-21,P0359,Manila Warehouse,TWN,111.0,20,88.54
INV002692,30/06/2023,P0066,dubai dc,JPN,169.0,50,243.76
INV000401,2023/07/30,P0229,null,chn,83.0,20,$397.81
INV007811,2024-11-21,P0370,dubai dc,PAK,64.0,25,286.28
INV005254,2024-06-24,P0014,dallas dc,NZL,112.0,10,331.38
INV002408,2025-03-21,P0459,Dubai Warehouse,GBR,11.0,20 ,232.90
INV005999,2025-07-19,P0095,Manila DC,DNK,105.0,50,1860.84
INV003802,01/04/2023,P0347,manila dc  ,ISR,47.0,10,$405.34
INV005620,2023-07-30,p0014,DUBAI DC,CHE,54.0,25,331.38
INV006100,2025-07-19,P0437,SINGAPORE DC,nzl,19.0,25,121.14
INV003995,2025-08-18,p0293,Dallas DC,RUS,74.0,25,1874.55
INV003294,2024-05-25,P0459,Dubai_DC,GBR,28.0,20,NULL
INV006058,27/11/2023,P0344,Sydney_DC,MEX,129.0,50,332.94
INV002711,2025-04-20,P0404,manila dc,USA,44.0,20 ,1036.52
INV000377,28/10/2023,P0264,Sydney Warehouse  ,SAU,118.0,20 ,"$1,444.31"
INV006497,2024-07-24,P0076, Frankfurt Warehouse,DEU,40.0,50 units,1500.98
INV005040,2023-08-29,P0287,Sydney DC,CHN,128.0,25,77.25
INV005710,2024-08-23,P0078,Manila DC, IND,60.0,25,338.99
INV003783,2025-09-17,P0175,Sydney DC,IRL,72.0,20 ,297.28
INV005915,2024/11/21,P0167,Sydney DC,ESP,110.0,20 ,690.29
INV000072,2023-10-28,P0054,,IDN,179.0,50,234.08
INV004021,24/07/2024,P0217,Manila DC,rus,38.0,50 units,1062.54
INV006278,2025-02-19,P0382,Frankfurt DC,KOR,8.0,20,$435.79
INV001411,2025-09-17,P0249,Frankfurt DC  ,AUT,92.0,50 units,58.66
INV003285,01-01-2023,P0456,SINGAPORE DC  ,,32.0,20,302.99
INV004227,2023-05-31,P0472,Manila DC,HKG,91.0,20,205.84
INV003565,2025-09-17,P0192,Dallas Warehouse,KEN,82.0,25,204.18
INV006206,10-28-2023,P0141,Manila Warehouse,IND,166.0,50 units,70.64
INV006674,2025-10-17, P0348 , SYDNEY DC,MAR,16.0,20,114.39
INV006927,,P0380,Singapore DC,GBR,22.0,50,1242.94
INV004526,2024-09-22,P0285,Singapore Warehouse,FRA,4.0,20,$93.53
INV005208,29/08/2023,P0158,Singapore Warehouse,AUS,-6.0,10,308.39
INV005206,2024-10-22,P0266, Sydney_DC,CHN,47.0,20,382.81
INV006979,2023-09-28,P0046,Dallas DC,ESP,79.0,50,1078.86
INV000142,2025-05-20,P0246,Manila DC,PAK,50.0,10,241.09
INV002124,2025-10-17,P0389,Singapore_DC,USA,25.0,25,80.58
INV006231,2024-03-26,P0066,DALLAS DC,ESP,104.0,50 units,$243.76
INV001058,"Nov 21, 2024",P0228,Dubai Warehouse, CAN,,25,143.79
INV002586,2024-06-24,P0283,Sydney DC,CHN,141.0,10,409.25
INV007355,2023-06-30,P0038,SYDNEY DC, RUS,6.0,25,805.43
INV000055,01/05/2023,P0115,Sydney_DC,MYS,155.0,,1730.87
INV002110,2023-01-31,P0232,Frankfurt_DC,,58.0,20,109.54
INV004225,2023-03-02,P0401,Singapore DC,MYS,82.0,25,148.27
INV000628,2023-05-01,P0392,Singapore DC,,55.0,50 units,788.36
INV006586,2024-09-22,P0430,Singapore DC,BGD,109.0,20,138.13
INV006016,2023-05-31,P0092,Sydney DC,USA,115.0,20,234.17
INV004185,"Oct 17, 2025",P0253,Dallas DC,ken,119.0,25,125.30
INV001217,2024-08-23,P0011,singapore dc,POL,156.0,50,90.19
INV000619,2025-03-21,P0106,Sydney DC,CHE,114.0,50 units,140.18
INV003073,2025-04-20,P0463,manila dc,ARG,55.0,10,1421.36
INV002552,2025-03-21,P0424,Frankfurt DC,ARE,23.0,10,295.04
INV005675,2025-08-18,p0028,Singapore_DC,USA,27.0,20 ,1533.09
INV000314,2023-11-27,P0366,Sydney DC,FRA,34.0,20 ,305.37
INV000807,2025-01-20,P0174,Dallas DC  ,NOR,66.0,20 ,$215.95
INV004307,2024-03-26,P0058,Sydney DC,FRA,41.0,25,1363.40
INV005369,2024-07-24,P0181,Dallas DC,JPN,123.0,50 units,$448.40
INV001035,2023-01-01,P0407,Sydney DC,CAN,28.0,20,500.30
INV004916,2025-01-20,P0014,DUBAI DC,RUS,156.0,20,331.38
INV003330,2024-11-21,P0018,Dubai_DC,USA,268.0,20,211.76
INV006629,2025-09-17,P0207,Manila DC,PHL,26.0,20,288.40
INV003401,2023/12/27,P0102,Dubai DC,USA,25.0,50,2178.97
INV004212,2023-03-02,P0130,Frankfurt DC,CHN,42.0,50,833.76
INV001007,22/10/2024,P0407,Dubai DC, ARE,44.0,10,500.30
INV003157,2024-04-25,P0226,  Sydney DC , CHL,48.0,20,$98.71
INV001616,27/11/2023,P0276, Singapore Warehouse,IND,143.0,20,677.68
INV002940,2025/04/20,P0063,Manila Warehouse,DEU,79.0,50 units,null
INV000015,2023-05-01,P0471,Dubai Warehouse,KEN,89.0,50 units,124.22
INV002501,2023-05-01,P0183,Singapore DC,CHN,51.0,20 ,$248.45
INV006387,2024-02-25,P0191,Sydney DC,JPN,217.0,25,54.17
INV000985,22/09/2024,P0011,Frankfurt DC,CHN,95.0,25,90.19
INV003122,2025-10-17,P0410,Frankfurt DC,IRL,7.0,25,475.18
INV001391,2024-02-25,P0027,Dubai_DC  , MAR,22.0,20,46.93
INV000479,2025-03-21,P0344,FRANKFURT DC,BRA,52.0,50,332.94
INV002794,2023-05-01,P0023,Manila DC,GBR,88.0,20 ,806.82
INV007167,2024-09-22,P0097,DALLAS DC,ITA,158.0,25,$546.06
INV001414,2025-11-16,P0145,null,CAN,11.0,50,NULL
INV002486,2024-11-21,P0221,singapore dc,ARG,19.0,10,$497.92
INV003923,2025-08-18,P0324,Dallas DC,SAU,32.0,,216.85
INV004974,31/05/2023,P0246,Frankfurt DC, AUT,25.0,20,
INV000214,2024-04-25,P0036,Sydney_DC,GRC,58.0,20,169.53
INV002179,"May 20, 2025",P0163,Sydney DC,ARE,17.0,20 ,539.88
INV004642,2023/01/01,P0007,Manila_DC,USA,36.0,20 ,102.94
INV000613,2023-05-01,P0339,Frankfurt_DC,CAN,51.0,20,1349.99
INV000615,29/08/2023,P0384,DALLAS DC,GBR,149.0,20 ,$814.69
INV004325,2023-12-27,P0455,Manila Warehouse,IND,59.0,10,$491.96
INV007069,2025-09-17,P0003,Frankfurt DC,CAN,11.0,20 ,517.78
INV001555,2023-07-30,P0246,manila dc,BGD,34.0,20,241.09
INV000843,2023-07-30,P0370,Manila_DC,THA,47.0,10,286.28
INV000083,2023-04-01,P0424,Singapore DC,FRA,55.0,20 ,
INV002561,2025-08-18,P0088,NULL, ESP,118.0,20,$313.77
INV003196,2024-01-26, P0131 ,,DNK,21.0,20 ,315.08
INV006905,2024-05-25,P0191,Manila DC,RUS,28.0,50 units,54.17
INV000915,2023-05-01,P0075,Sydney_DC,MEX,93.0,25,182.37
INV001393,11-16-2025,P0205,Sydney DC,FRA,48.0,25,1984.39
INV002462,01-26-2024,P0056,Frankfurt DC,CHN,292.0,20,529.55
INV002299,2025-03-21,P0460,N/A,DEU,100.0,20 ,29.99
INV007679,2023-01-01,P0053, Dallas Warehouse,ITA,39.0,10,71.16
INV004599,2023-08-29,P0333,Singapore DC, FRA,22.0,20,588.69
INV004573,2024-09-22,P0213,Singapore DC,USA,36.0,20,667.20
INV000656,17/10/2025,P0345,Dubai DC,NLD,33.0,20 ,$223.23
INV004710,2024-11-21,P0002,Dallas DC,DNK,67.0,50,39.13
INV005094,2023-06-30,P0369, Singapore_DC,BRA,115.0,20,887.73
INV006897,2025-07-19,P0266,Singapore DC  ,CAN,110.0,50 units,$382.81
INV001300,"Jul 24, 2024",P0367, Manila DC,CAN,150.0,50,160.24
INV006343,2024-12-21,P0385,MANILA DC,CHN,144.0,20 ,$310.64
INV001427,18/08/2025,P0432,SYDNEY DC,PHL,48.0,50 units,863.37
INV002146,2024-01-26,P0357,Dallas Warehouse,,11.0,25,252.01
INV001338,2024-10-22,P0043,DUBAI  DC,SAU,118.0,10,226.16
INV004525,2025/07/19,P0350,Dubai DC,FRA,193.0,50,153.70
INV004528,2025-09-17,P0425, Manila DC,USA,132.0,50 units,$385.09
INV001574,2023-12-27,P0297,Singapore DC,PAK,3.0,20 ,461.52
INV005248,2024-10-22,P0252,Manila Warehouse, AUS,157.0,20,NULL
INV000594,25/02/2024,P0356,Frankfurt DC,KOR,33.0,10,437.24
INV002490,2025-03-21,P0077,Sydney DC  ,PHL,-15.0,20 ,138.22
INV002105,2025-08-18,P0068,Singapore Warehouse,,74.0,20 ,362.47
INV004651,2023-06-30,P0247,Manila DC,CHN,17.0,10,356.04
INV005209,2024-10-22,P0085,N/A,POL,54.0,20 ,$781.85
INV005862,2025-02-19, P0466 ,Manila DC,BRA,56.0,20 ,965.94
INV001908,2023-01-01,P0087,Dubai Warehouse,MEX,80.0,,573.99
INV003082,2024-09-22,p0388,Singapore DC,BRA,33.0,20 ,70.63
INV007725,2023-01-31,P0203, Sydney DC,CHN,78.0,20 ,1175.51
INV002056,2023-01-01,P0321,Sydney Warehouse,PHL,86.0,50 units,$207.69
INV006665,2024-09-22,P0003,singapore dc,NULL,134.0,50 units,517.78
INV004652,2025-06-19,P0282,Sydney DC,BGD,71.0,20,363.15
INV001981,2023-08-29,P0007,MANILA  DC,FRA,79.0,50 units,102.94
INV004255,2024-02-25,P0344,Dallas DC,,53.0,20,332.94
INV006202,17/10/2025,P0405,Dallas DC,USA,157.0,20 ,979.25
INV002185,2025-11-16,P0079,SYDNEY DC,sau,20.0,20,$106.59
INV002469,"Sep 22, 2024",P0359,Dallas DC,chn,18.0,50 units,88.54
INV002666,2024-05-25,P0172,Frankfurt DC,SWE,92.0,50,1137.31
INV001944,2024-02-25,P0190, Sydney_DC,ARE,27.0,50,$492.51
INV003171,2024-10-22,P0452,  Dallas DC ,SAU,118.0,50 units,162.81
INV007809,2025/02/19,P0236,Frankfurt DC,FRA,63.0,20,510.62
INV002269,2023-05-01,P0136,Dallas DC,JPN,48.0,50,$124.40
INV001895,2024-11-21,P0328,MANILA DC,PHL,118.0,50,$152.54
INV003070,2024-09-22,P0024, Singapore DC,USA,,NULL,541.27
INV000354,2025-01-20,P0116,Dubai DC,USA,111.0,20 ,170.55
INV003842,2025/10/17,P0229,Dallas DC,GBR,169.0,20,397.81
INV006141,2024-02-25,P0290,Manila DC,CHE,,10,571.76
INV007483,2023-07-30,P0136,Dubai Warehouse,kor,169.0,50,124.40
INV001528,2025-11-16,P0251,Dubai DC,AUS,115.0,25,1041.74
INV005914,2025-02-19,P0192,  Frankfurt DC ,ARE,,50 units,$204.18
INV001845,2023-04-01,P0455,Dallas DC,CHN,26.0,50 units,491.96
INV001088,09-22-2024,P0373,Dallas Warehouse,USA,23.0,50 units,1196.41
INV003973,28/10/2023,P0321,Frankfurt DC,USA,85.0,20,207.69
INV002778,2023/01/01,P0266,Sydney DC  ,USA,63.0,50,382.81
INV002682,"Jan 01, 2023",P0083,Sydney DC,JPN,181.0,20 ,$439.01
INV004131,01-26-2024,P0033,Frankfurt DC,JPN,25.0,25,908.66
INV007333,2023-01-31,P0221,Dubai DC,COL,49.0,50 units,$497.92
INV002697,2025-01-20,P0387,Dubai DC,SWE,90.0,50 units,1508.16
INV003067,2025-08-18, P0010 , Singapore_DC,ARE,19.0,50 units,362.45
INV003889,2023/11/27,P0137,null,CHN,62.0,10,1095.34
INV000560,2025/10/17,P0447,Sydney DC,USA,233.0,20,358.93
INV003835,2024-09-22,P0290,Frankfurt DC,ITA,122.0,10,571.76
INV000980,2023-01-01,P0044,Singapore DC,ISR,88.0,50 units,$346.35
INV005759,2023-08-29,P0319,Singapore DC,CAN,43.0,50,$204.98
INV003236,25/02/2024,P0066,Dubai DC,IND,45.0,null,243.76
INV002080,2023-10-28,P0214,Singapore DC,,238.0,20 ,353.01
INV002454,2025-07-19,P0429,Sydney DC,PHL,55.0,50 units,494.45
INV004045,2023-03-02,P0453,Sydney DC,USA,59.0,10,1512.26
INV002974,2025-02-19,P0241,Singapore DC,HKG,100.0,NULL,85.47
INV000760,2024-07-24,P0252,Dallas  DC,fra,,20 ,255.86
INV006661,2023-09-28,P0463,Dubai_DC,KOR,108.0,25,1421.36
INV004004,2024-09-22,P0298,Singapore_DC,USA,10.0,20,132.31
INV004294,2025-02-19,P0279,Manila DC,mex,22.0,10,1042.70
INV002228,2024-06-24,P0215,Singapore DC,BRA,39.0,20 ,1135.32
INV007551,2023-01-01,P0083,manila dc,vnm,153.0,50 units,439.01
INV002088,2024-05-25,P0079,Dubai DC,JPN,41.0,25,106.59
INV006189,2025-01-20,P0451,Dallas DC,mys,77.0,50 units,271.84
INV005128,2024-06-24,P0379,singapore dc,FRA,83.0,50,1921.81
INV006207,2024-09-22,P0285,Manila DC,CAN,49.0,50 units,$93.53
INV001439,10-28-2023,P0044,  Manila DC ,ARE,47.0,20 ,346.35
INV002331,2023-01-01,P0031,Singapore DC,FRA,208.0,25,366.93
INV000271,2023-12-27,P0047,Frankfurt DC,SGP,124.0,10,453.19
INV003806,2023-05-31,P0314,Singapore Warehouse,JPN,98.0,50,183.07
INV002750,2023-09-28,P0354,Frankfurt DC,USA,57.0,50,439.66
INV003270,2023-03-02,P0478,Manila DC,KOR,58.0,20,1422.93
INV002825,26/01/2024,p0250,Dubai DC,chn,64.0,50,460.88
INV003227,18/08/2025,P0237,Frankfurt DC  ,POL,320.0,20 ,1085.44
INV003116,28/09/2023,P0453,Manila DC,IRL,132.0,50,1512.26
INV004222,2023-08-29,P0334,Dallas Warehouse,KEN,49.0,20,577.38
INV001932,2024-01-26,P0412,Sydney DC,BRA,42.0,20 ,70.77
INV002558,2025-04-20,P0008,Dallas DC,MAR,45.0,10,998.45
INV000230,2023-05-01,P0413,Manila DC  ,CAN,142.0,25,$69.90
INV004971,01-31-2023,P0126,Singapore DC,pak,109.0,50,678.62
INV002487,2025-04-20,P0069,Manila  DC,NGA,103.0,10,166.99
INV001950,30/07/2023,P0041,NULL,PAK,32.0,10,$384.99
INV002780,2023-01-31,P0379,Frankfurt DC,GBR,78.0,20 ,1921.81
INV000998,2025-03-21, P0014 ,MANILA DC,IDN,35.0,50 units,331.38
INV004081,2024/02/25,P0213,Manila_DC,USA,99.0,20 ,$667.20
INV003166,2025/05/20,P0233,Sydney DC,CAN,93.0,10,305.52
INV000591,2023-10-28, P0447 ,SINGAPORE DC,GBR,78.0,50,$358.93
INV000897,2023-12-27,P0280,Frankfurt DC  ,ESP,137.0,50,336.14
INV005727,2023-01-01,P0465,NULL,CHL,84.0,20,$70.39
INV003365,2025-07-19, P0405 ,sydney dc,CAN,35.0,50,979.25
INV004239,05-25-2024,P0471, Sydney DC, USA,66.0,10,124.22
INV001375,05-25-2024,P0318,  Singapore DC ,KEN,76.0,50 units,1002.24
INV000581,2025-11-16,P0474,Singapore DC,HKG,37.0,20,184.38
INV002485,22/10/2024,P0387,Singapore_DC,ARE,24.0,20 ,1508.16
INV007047,2025-07-19,P0013,DALLAS DC,KOR,44.0,20,403.24
INV000782,2023-04-01,P0362,Dubai DC,PAK,49.0,20 ,$469.11
INV001335,2024-01-26,P0224,Singapore_DC,SGP,39.0,20 ,141.71
INV006854,2023-11-27,P0151,Frankfurt DC,NLD,45.0,10,569.23
INV001931,2024-09-22,P0072,Dallas Warehouse  ,BRA,,50,$63.48
INV002633,,P0026,Singapore DC,IDN,33.0,25,155.86
INV000461,2023-08-29,P0162,Dubai_DC,ISR,74.0,25,1169.94
INV000017,2023/04/01,P0386,Sydney DC,PHL,68.0,20,$639.66
INV002155,26/01/2024,P0332,Dallas DC,USA,,50,1529.57
INV002932,2023-01-31,P0095,Singapore DC,USA,17.0,50,1860.84
INV002441,2024-10-22,P0284,Singapore_DC,CHN,,20,1835.64
INV005525,28/10/2023, P0400 ,Manila DC,GBR,51.0,25,476.94
INV004833,2025-05-20,P0087,Manila DC,idn,25.0,50 units,null
INV005541,2023-04-01,P0048,Singapore DC,MEX,61.0,50 units,$605.53
INV006548,2024-01-26,P0472,sydney dc  ,USA,99.0,50,$205.84
INV006504,2024-11-21,P0175,Singapore Warehouse,MYS,62.0,10,$297.28
INV005814,2024-06-24,P0143,Frankfurt DC,FRA,62.0,50 units,1273.62
INV000776,2025-04-20,P0116, Sydney DC,AUS,113.0,50 units,170.55
INV006032,2023-01-01,P0392,Manila DC,USA,9.0,20 ,788.36
INV006312,2024-03-26,P0105,Manila DC  ,KOR,87.0,50,$333.17
INV004780,2024-09-22,P0454,Dallas DC,JPN,129.0,50 units,$220.83
INV006282,2025-07-19,P0139,Dallas DC, CHN,155.0,25,$383.11
INV002817,2024-01-26,P0303,Manila DC,AUS,59.0,10,614.16
INV006284,03-02-2023,P0358,Sydney Warehouse,CAN,106.0,10,362.65
INV000152,2023-04-01,P0154,Dubai DC  ,PHL,98.0,10,"$1,402.93"
INV007802,2025-07-19, P0080 ,Manila_DC,THA,18.0,25,$208.69
INV007827,27/12/2023,P0367,Dallas DC,USA,17.0,25,$160.24
INV001459,2024-02-25,P0115,Dubai DC,NLD,60.0,20 ,1730.87
INV004415,"Oct 17, 2025",P0285,Sydney DC,GBR,47.0,20 ,$93.53
INV006773,03-26-2024,P0450,Singapore DC,ind,43.0,50 units,$184.31
INV006805,2023-05-31,P0171,Manila DC  ,irl,97.0,20,683.25
INV006943,2024-02-25,P0185,Dallas DC,KEN,42.0,20,null
INV002421,04-01-2023,P0415,Frankfurt DC,MEX,129.0,20,1145.24
INV007472,01/04/2023,P0154,Manila DC,ARE,83.0,20 ,1402.93
INV004486,2025-03-21,P0283,  Sydney_DC ,VNM,90.0,10,409.25
INV004641,2023-09-28,P0036,Dubai DC,IND,53.0,20 ,$169.53
INV000325,2023-07-30,P0280,Dubai DC  ,DEU,67.0,20 ,N/A
INV002008,2023-04-01,P0231,Dallas DC, ITA,91.0,20 ,1464.89
INV006663,2023-04-01,P0273,Sydney DC,ITA,23.0,20 ,1649.21
INV002261,2024-12-21, P0328 , Frankfurt DC,FRA,65.0,50 units,152.54
INV000162,2023-09-28,P0117, Dubai DC,GBR,21.0,10,460.72
INV006950,2024-06-24,P0127,Frankfurt Warehouse,CHN,182.0,20 ,1057.48
INV005222,2025-05-20,P0092,Frankfurt DC,GBR,27.0,20 ,234.17
INV004803,2025-08-18,P0267,Singapore DC,CAN,,50 units,"$1,423.61"
INV005668,05-25-2024,P0467,Dubai Warehouse,deu,189.0,50,$147.20
INV006751,28/09/2023,P0349,dubai dc,VNM,20.0,10,"$1,417.16"
INV000792,2025-09-17,P0221,Singapore DC,VNM,32.0,20 ,497.92
INV006077,2024-07-24,P0196,null,NLD,51.0,20 ,120.35
INV001662,2023-06-30,P0333,DALLAS DC,JPN,,50,$588.69
INV002436,2024-02-25,P0096,Dubai DC,NOR,21.0,10,$70.56
INV004988,2024-08-23,P0287,Dubai DC, MEX,90.0,20,77.25
INV006468,2023-12-27,p0204,Dallas_DC,,37.0,20 ,690.23
INV000508,2023-05-31,P0180,Dubai DC,PAK,158.0,25,216.26
INV003906,2024-11-21,P0363,Dubai DC,AUS,46.0,20 ,620.30
INV003548,2023-07-30,P0342,Manila DC  ,NGA,36.0,20 ,45.41
INV000403,2025-01-20,P0293,Frankfurt DC,IDN,177.0,10,1874.55
INV005113,"Jun 24, 2024",P0135,Singapore DC,KEN,118.0,25,$20.57
INV001295,29/08/2023,P0127,Sydney DC,DEU,52.0,10,1057.48
INV002523,2025-01-20,P0219,Singapore Warehouse,AUT,151.0,25,228.15
INV001717,2023-06-30,P0366,Dubai DC,ITA,36.0,50,305.37
INV000890,2024-04-25,P0235,Manila DC,ARE,9.0,20 ,162.49
INV000659,2024-01-26,P0093,Manila_DC,IDN,55.0,10,$219.16
INV002278,2025-06-19,P0291,Manila DC,DEU,81.0,25,42.01
INV003406,2025-04-20,P0162,Frankfurt DC, CHN,44.0,10,1169.94
INV006659,2024-09-22,P0426,Singapore DC,ESP,123.0,25,1094.68
INV004745,2024-04-25,P0450,Dallas DC,USA,35.0,50 units,184.31
INV000196,2025-01-20,P0402,Sydney DC, IND,65.0,25,223.17
INV007494,2025-05-20,P0235,dubai dc,FRA,17.0,20 ,$162.49
INV003040,2025-01-20,P0078,Frankfurt DC,AUS,162.0,50 units,338.99
INV004629,2023-09-28,P0369,Dallas  DC,ESP,131.0,50,887.73
INV002186,2024-07-24,P0423,Sydney DC,CAN,78.0,50 units,235.59
INV005614,2024-06-24,P0053,Dubai DC,kor,192.0,10,71.16
INV007667,2025-09-17,P0133,Sydney DC,DEU,116.0,25,23.07
INV002527,21/12/2024,P0039,SINGAPORE DC,DEU,89.0,20 ,246.42
INV007111,NULL,P0178,  Dallas DC ,GHA,-25.0,50,$940.91
INV001978,03-26-2024,P0080,Dallas DC,chn,87.0,10,208.69
INV007590,2023-12-27,P0145,Sydney DC,chn,42.0,50 units,$290.68
INV002350,2024-06-24,P0479,manila dc,CHN,141.0,20 ,128.08
INV000701,2024-12-21,P0167,Frankfurt DC,CHN,90.0,25,690.29
INV001404,20/01/2025,P0052,SINGAPORE DC,GBR,73.0,25,150.88
INV002399,2024-06-24,P0034, Dallas DC,IND,116.0,50 units,84.58
INV006740,2024-01-26,p0051,Singapore DC,TWN,18.0,10,154.89
INV003586,2024-01-26,P0403,Dubai DC,ZAF,51.0,25,null
INV006394,2023-04-01,P0272,Manila DC,AUS,140.0,20,160.33
INV006380,2023-04-01,P0186,Frankfurt DC,FRA,103.0,null,346.78
INV000885,2024-01-26,P0362,Sydney DC, ESP,128.0,10,469.11
INV000587,2025-07-19,P0446,sydney dc,FRA,151.0,50 units,106.11
INV000679,2024-06-24,P0264,Manila DC,THA,50.0,50 units,1444.31
INV003226,01/05/2023,P0311,Sydney_DC,CHN,-13.0,25,556.63
INV000931,2025-02-19,P0231,FRANKFURT DC,aus,116.0,50,1464.89
INV006152,2024-07-24,P0462,Manila DC,DEU,39.0,50,567.16
INV000257,2023-01-01,P0086,Frankfurt DC,sgp,20.0,10,$772.42
INV004540,2025-10-17,p0292,NULL,hkg,94.0,50 units,249.83
INV002434,2025-01-20,P0002,Dubai DC,mar,84.0,20,39.13
INV002509,2025-11-16,P0477,Singapore DC,GBR,29.0,50,703.10
INV003263,2025-09-17,P0223,Dallas DC,GBR,37.0,50,291.25
INV007736,2025-07-19,P0060,Dubai DC,SAU,50.0,50 units,720.76
INV001190,2025-09-17,P0361,DALLAS DC,USA,245.0,25,$192.49
INV003626,2025-04-20,P0252,Dallas  DC,,113.0,20 ,255.86
INV007446,2024-03-26,p0051,Frankfurt DC,JPN,109.0,50 units,154.89
INV006500,2024-08-23,P0182,Manila DC,CHN,185.0,10,148.98
INV002063,2025-01-20,P0155,Manila Warehouse,CHN,-17.0,50,$352.91
INV000330,2024-12-21,P0339,Dallas  DC,CAN,121.0,50,1349.99
INV003945,2024-12-21,P0213,DALLAS DC,CHE,91.0,20,$667.20
INV002307,2024-03-26,P9416,Dallas DC,NLD,78.0,50,117.81
INV004489,2025-08-18,P0010,manila dc,HKG,250.0,10,null
INV006130,,P0435,manila dc,RUS,77.0,10,780.15
INV007025,2025-11-16,P0390,Singapore DC,MAR,186.0,20,722.59
INV000963,04-01-2023,P0410,Dallas DC,MEX,6.0,50 units,$475.18
INV006112,2024-07-24,P0010,Dallas_DC, HKG,19.0,10,$362.45
INV001953,2024-04-25,P0066,Frankfurt DC,BRA,95.0,50 units,243.76
INV004447,2023-05-01, P0171 ,MANILA DC,USA,76.0,null,683.25
INV006999,2024-03-26,P0438,Manila DC,usa,94.0,50,$391.81
INV007198,2024-02-25,P0249,Manila DC  ,CHN,84.0,20 ,58.66
INV005005,24/06/2024,P0369,Dubai_DC,IDN,73.0,25,887.73
INV005806,2025-10-17,P0393,Dallas DC,POL,63.0,,822.49
INV004190,2023-01-01,P0089, Singapore DC,BRA,57.0,10,800.59
INV001028,2023/07/30,P0371,Frankfurt Warehouse,USA,163.0,20 ,239.13
INV004338,30/07/2023,P0300,SINGAPORE DC,GBR,185.0,20 ,242.73
INV006528,"Dec 21, 2024",P0305,Dallas DC,NULL,245.0,10,$465.44
INV003470,2024-06-24,P0131,Dubai DC,hkg,9.0,,315.08
INV007501,2024-12-21,P0089,Dallas DC,BRA,48.0,20 ,800.59
INV003837,01-26-2024,P0377,Frankfurt DC,GRC,126.0,10,$212.18
INV001924,2023-11-27,P0191,Manila DC,GBR,71.0,20 ,54.17
INV006461,2023-08-29,P0085,SYDNEY DC,GBR,99.0,50 units,781.85
INV001512,23/08/2024,P0140,Dallas Warehouse,IDN,109.0,50 units,249.94
INV000269,03-26-2024,P0330,Frankfurt DC,BRA,78.0,50 units,203.65
INV007652,09-22-2024,P0024,Frankfurt DC,BRA,32.0,50,$541.27
INV005603,2025-04-20,P0093,Sydney DC,CHN,37.0,50,219.16
INV001239,2024-06-24,P0205,Dubai DC,GBR,311.0,25,1984.39
INV002079,"Mar 21, 2025",P0171,Frankfurt DC,ARG,129.0,25,683.25
INV006974,2024-02-25,P0261,SINGAPORE DC,IDN,86.0,25,353.51
INV007328,"Aug 29, 2023",P0263, Frankfurt_DC,BRA,127.0,50 units,$367.49
INV002629,2025-04-20,P0006,Sydney_DC,CHN,76.0,50 units,507.59
INV002852,2025-09-17,P0318,Singapore DC,fra,65.0,25,"$1,002.24"
INV005981,"May 25, 2024",P0137,Manila DC,GBR,30.0,25,1095.34
INV003287,2024-08-23,P0031,Dallas_DC,USA,15.0,20,
INV001242,2025-08-18,P0065,Singapore DC,USA,19.0,50,275.70
INV002260,2024-07-24,P0372,Singapore Warehouse,CHN,216.0,50,$187.16
INV001044,2024-12-21,P0149,Sydney DC,GBR,-7.0,20 ,$235.24
INV001110,2025-06-19,P9312,Dubai DC,DEU,58.0,50 units,98.71
INV005012,20/05/2025,P0207,Sydney  DC,NGA,98.0,20,288.40
INV001672,2023-04-01,P0190,Frankfurt DC,DNK,73.0,25,$492.51
INV007236,2024-12-21,P0141,Singapore DC,MYS,22.0,25,70.64
INV002518,2023/10/28,P0166,Manila DC,CHN,128.0,20 ,1551.16
INV006792,2023-05-31,P0352,Dallas DC,USA,98.0,10,176.94
INV000153,2023-10-28,P0326, Manila DC,SAU,99.0,10,895.97
INV004994,2024-03-26,P0200,Dubai DC,USA,169.0,50 units,508.90
INV003259,2023-01-31,P0268,Frankfurt DC,mys,118.0,20 ,$489.43
INV004909,2025-04-20,P0078,Dallas DC,PHL,84.0,20,338.99
INV006092,2025-04-20,P0259, Manila DC,ITA,24.0,10,230.93
INV001826,2023-10-28,P0162,Singapore DC  ,GBR,177.0,20,1169.94
INV004394,2025-07-19,P0159,SINGAPORE DC, CHN,55.0,10,201.99
INV001526,2025-02-19,P0445,Dallas DC,AUS,40.0,20 ,446.87
INV003277,2023-06-30,P0158, Dubai DC,USA,31.0,10,308.39
INV003225,19/07/2025,P0276,,SGP,28.0,10,677.68
INV007332,2024-10-22,P0330,  Manila DC ,POL,171.0,50 units,203.65
INV007231,03-21-2025,P0316,Dubai DC,ZAF,39.0,20 ,$348.67
INV003360,2023-09-28,P0461,Frankfurt Warehouse,BRA,127.0,50 units,163.23
INV001207,2025-05-20,P0213,Manila DC,CAN,118.0,10,667.20
INV001091,01-31-2023,P0118,N/A,CAN,,10,169.30
INV000228,22/09/2024,P0062,Dallas DC,USA,,50 units,51.02
INV003342,2024-12-21,P0056,Frankfurt_DC,CHN,,20,529.55
INV000379,2025-07-19,P0359,Manila_DC,CAN,60.0,50 units,88.54
INV003137,2024-12-21,P0258,Dallas DC,usa,69.0,20 ,945.16
INV001030,2023-07-30,P0258,Frankfurt DC,HKG,175.0,20,945.16
INV002378,2023-04-01,P0218,Dubai DC,USA,129.0,20 ,N/A
INV007432,2023-05-31,P0452,Singapore DC,IND,170.0,20,162.81
INV004460,2023-01-01,P0307,Manila DC,CHN,108.0,20,754.66
INV002595,2023-06-30,P0106,Sydney DC,jpn,82.0,10,140.18
INV006969,02-25-2024,P0172,Dallas_DC,IND,81.0,25,"$1,137.31"
INV006168,2025-11-16,P0030,Dallas DC  ,USA,121.0,25,$155.94
INV004751,2024-02-25,P0263,DALLAS DC,CHN,80.0,25,367.49
INV006864,2024-05-25,P0436,Frankfurt_DC,USA,141.0,20,383.56
INV003949,2023/04/01,P0012,Manila DC,SGP,70.0,25,68.12
INV000747,"Jun 30, 2023",P0472,Manila DC,PAK,153.0,20,205.84
INV006060,19/06/2025,P0165,Manila DC,ITA,33.0,25,"$1,599.84"
INV001385,2023-05-01,P0120,Manila Warehouse,AUS,154.0,25,344.85
INV006921,27/12/2023,P0186,Frankfurt DC, NOR,156.0,50 units,$346.78
INV005029,2024-11-21,P0327,Dallas DC,USA,66.0,25,124.47
INV000491,2023-04-01,P0106,Dallas DC,SGP,105.0,50 units,140.18
INV004832,2024-09-22,P0039,Frankfurt DC,THA,-10.0,25,246.42
INV000653,10-17-2025,P0329, Manila_DC,NULL,81.0,10,$361.49
INV006127,2024-12-21,P0433,  Frankfurt DC ,HKG,57.0,20 ,388.52
INV004033,2024-02-25,P0184,Singapore DC,CHN,-1.0,10,1643.13
INV001806,2024-02-25,P0049,Manila DC,IND,179.0,50 units,554.43
INV004482,2024-09-22,P0106, Dallas_DC,DEU,90.0,10,140.18
INV006181,2025-01-20,P0411,Manila_DC,PHL,11.0,NULL,112.44
INV003141,04-20-2025,P0294,Sydney DC,DEU,77.0,10,290.11
INV006480,2023-10-28,P0298,Dubai DC,AUS,81.0,10,132.31
INV006764,2023-01-31,P0241,Sydney DC,ZAF,40.0,50 units,$85.47
INV001387,2025-07-19,P0291,frankfurt dc,IND,103.0,20 ,42.01
INV004723,2025-11-16,P0242,manila dc,USA,153.0,20,31.06
INV007230,2024-04-25,P0267,manila dc,TUR,67.0,20,1423.61
INV000917,2023-01-31,P0203,Dallas DC,CHN,118.0,20 ,1175.51
INV004966,NULL,P0352,Singapore_DC,che,,50 units,176.94
INV006760,21/03/2025,P0383,Manila DC,USA,95.0,50,"$1,881.86"
INV004038,2023/04/01,P0366,Manila Warehouse,bra,67.0,25,305.37
INV005850,2023-11-27,p0144,Frankfurt DC, DNK,,25,823.61
INV004788,2025/11/16,P0354,Sydney DC,COL,177.0,10,$439.66
INV005473,30/06/2023,P0369,Manila DC,,83.0,25,887.73
INV001463,2025-02-19,P0398,Sydney DC, IND,16.0,50 units,$378.76
INV004065,"Mar 02, 2023", P0074 ,Dallas DC,IRL,75.0,25,393.85
INV002069,2023-01-31,P0125,DALLAS DC  ,CHE,31.0,20 ,275.50
INV006724,2023-05-31,P0290,  Dallas DC ,idn,82.0,50,571.76
INV003445,04-01-2023,P0329, DALLAS DC,usa,100.0,25,$361.49
INV005762,2024-07-24,P0286, Dallas DC,FRA,46.0,25,238.90
INV005754,2024-02-25,P0249,Singapore DC, NLD,99.0,50,N/A
INV005529,2023-03-02,P0177, Sydney_DC,GBR,14.0,10,1340.72
INV002220,2023/03/02,P0111,Sydney DC,POL,49.0,50,393.07
INV007580,2024-01-26,P0058,Singapore DC,SGP,69.0,20 ,"$1,363.40"
INV001542,2023-01-31,P0166,Dallas Warehouse  ,ESP,33.0,10,1551.16
INV000448,"May 20, 2025",P0091,Manila_DC,ESP,225.0,50,$85.53
INV004456,2023-10-28,P0248,Singapore DC,zaf,31.0,20,$75.05
INV002919,20/01/2025,P0053,Dubai_DC,THA,92.0,20 ,71.16
INV004893,2025-06-19,P0022,Dallas DC,EGY,139.0,50 units,282.63
INV005412,2025-06-19,P0469,Dubai DC,KOR,,25,$811.02
INV001925,20/04/2025,P0156,Sydney DC,FRA,27.0,50,$190.53
INV001047,25/05/2024,P0051,DUBAI DC,SGP,22.0,50 units,154.89
INV002341,2025-05-20,P0163,Frankfurt DC,SGP,150.0,25,539.88
INV004733,05-25-2024,P0300,  Singapore DC ,JPN,31.0,50 units,242.73
INV002620,2023-03-02,P0235,Singapore DC,VNM,139.0,10,162.49
INV000277,NULL,P0040,Frankfurt DC,AUS,92.0,10,1140.69
INV002717,2025-01-20,P0415,Dubai DC,UKR,125.0,50,1145.24
INV000071,,P0221,dubai dc,GBR,18.0,10,$497.92
INV002108,18/08/2025,P0140,Dallas DC,CHN,93.0,20,null
INV000727,2023-04-01,P0018,Singapore DC,USA,64.0,50,211.76
INV005355,2023-01-31,P0200,Dallas DC,esp,116.0,20 ,508.90
INV005889,2025-11-16,p0147,Frankfurt DC,KOR,,50 units,769.31
INV006322,2024-10-22,P0336,Sydney DC,IND,66.0,,180.18
INV000326,01-20-2025,P0475,Sydney  DC,DEU,98.0,20,$265.34
INV002819,2023-07-30,P0366,Dubai_DC,bra,107.0,10,305.37
INV007525,2024-04-25,P0126,manila dc,IDN,57.0,10,678.62
INV006377,2023-12-27,P0211,manila dc,ISR,16.0,25,411.76
INV001626,31/01/2023,P0133,  Singapore DC ,CHN,92.0,25,23.07
INV002540,2025-02-19,P0388,Dubai DC,SAU,130.0,50 units,70.63
INV006176,2023-07-30,P0331,Dubai  DC,FRA,137.0,10,647.08
INV002212,2025-06-19,P0341,Frankfurt DC,BGD,113.0,25,159.67
INV006375,2023-03-02,P0325,Dubai DC,USA,55.0,25,64.79
INV005047,23/08/2024,P0013,Sydney DC,CAN,39.0,50 units,403.24
INV002644,2024-10-22,P0021,Dubai DC,GBR,61.0,50 units,286.52
INV005437,04-01-2023,P0385,Dubai DC,BRA,45.0,50 units,310.64
INV005513,2025-09-17,P0120,Dallas DC,ITA,107.0,50,344.85
INV001081,2024-02-25,P0258,Dubai_DC,EGY,,20 ,945.16
INV001040,09-28-2023,P0398,Manila DC,ISR,124.0,50 units,378.76
INV003129,2023-10-28,P0031,Sydney Warehouse,TWN,7.0,25,366.93
INV007820,2023-07-30,P0258,Singapore Warehouse,RUS,33.0,25,945.16
INV001893,2023-12-27,p0031,singapore dc  ,HKG,40.0,20 ,366.93
INV005927,2024-09-22,P0180,Manila DC,NZL,122.0,10,216.26
INV001246,2024-05-25,P0172,Manila  DC,MEX,20.0,20,"$1,137.31"
INV003624,2023/11/27,P0356,Manila DC,bgd,64.0,20 ,437.24
INV006421,2023-12-27,P0087,Dubai DC  ,USA,123.0,50 units,573.99
INV001488,2023-08-29,P0456,Dubai DC,CAN,,20 ,302.99
INV006907,2023-01-01,P0384,Manila DC,ITA,93.0,20,$814.69
INV007666,22/09/2024,P0349,Frankfurt  DC,CHN,47.0,50 units,1417.16
INV000565,2023-03-02,P0298,Frankfurt DC,prt,105.0,20,132.31
INV004836,2023-01-31,P0321,Sydney DC,NGA,111.0,10,207.69
INV000104,2025-09-17,P0264,Singapore DC,GRC,5.0,10,1444.31
INV005428,2024-06-24,P0225,Singapore DC,USA,82.0,20 ,413.07
INV003962,2024/07/24, P0468 ,Frankfurt DC,CAN,221.0,20 ,182.15
INV002560,2023-05-01,P0185,frankfurt dc,AUS,63.0,50 units,159.37
INV003145,24/06/2024,p0244,Frankfurt DC  ,POL,198.0,N/A,1489.89
INV003707,2025-05-20,P0049,Frankfurt DC,ITA,82.0,25,554.43
INV003859,2024-09-22,P0152,Sydney DC, USA,23.0,20,$373.91
INV006466,21/11/2024,P0449,Singapore DC,TWN,39.0,50,"$1,342.38"
INV007685,2023-04-01,P0050,Singapore DC,IND,72.0,20 ,130.96
INV004429,2025-06-19,P0279,Dubai DC,PHL,95.0,10,1042.70
INV001468,2025-08-18,P0445,Dubai DC,CHN,35.0,20,446.87
INV007041,17/10/2025,P0461,Singapore DC,ZAF,43.0,10,163.23
INV005100,22/10/2024,P0470,Dallas DC, COL,11.0,20,104.73
INV005606,"Sep 17, 2025",P0460,Sydney DC,ARE,118.0,20 ,29.99
INV006949,2024-09-22,P0047,Manila DC,PHL,251.0,20 ,453.19
INV006373,2024-10-22,p0375,NULL,KOR,192.0,10,253.01
INV001851,2024-08-23,P0462,DALLAS DC,SAU,49.0,25,$567.16
INV002007,2024-04-25,P9954,Manila DC,USA,70.0,20,80.04
INV001018,2025-09-17,P0125,Dubai DC,UKR,43.0,25,275.50
INV003868,2025-08-18,P0096, SYDNEY DC,,50.0,20 ,70.56
INV006246,2023-12-27,P0061,Manila DC,MEX,76.0,10,$860.02
INV000157,02/03/2023,P0391,Frankfurt DC,usa,110.0,20,$334.44
INV005371,2024-10-22,P0452,Dubai DC,ITA,89.0,50,162.81
INV000926,2023-03-02,P0089,Dubai DC,ESP,69.0,null,800.59
INV000869,05-01-2023,P0005,DUBAI DC,CAN,27.0,50,206.85
INV005874,2024-08-23,P0178,Dubai DC,nga,77.0,20 ,$940.91
INV000305,2024-07-24,P0109,Dubai Warehouse, MAR,95.0,10,$878.89
INV003165,NULL,P0326,Manila DC,AUS,90.0,50,895.97
INV004417,2023-01-31,P0112,Frankfurt DC,USA,43.0,50 units,239.40
INV003658,2023-11-27,P0012,Manila DC, AUS,104.0,20,68.12
INV005337,2025-11-16,P0243,Sydney DC  ,USA,111.0,50 units,179.19
INV002271,2024-02-25,P0282,Singapore DC,NOR,42.0,20,$363.15
INV004595,"Nov 27, 2023",P0346,Dubai DC,DEU,38.0,50,243.91
INV001827,2023-08-29,P0303,Dubai DC,DEU,110.0,20,614.16
INV007219,2023-11-27,P0141,DUBAI DC,GBR,127.0,50,70.64
INV001998,2023-05-01,P0402,Frankfurt_DC,USA,92.0,50 units,$223.17
INV004254,2023-11-27,P0109,Dallas Warehouse,usa,42.0,50,878.89
INV006174,2023-11-27,p0244,,usa,129.0,10,1489.89
INV005847,2024-10-22,P0359,  Dubai DC ,deu,170.0,50,88.54
INV003454,2023-08-29,P0192,Singapore  DC,DEU,26.0,25,204.18
INV007153,2024-09-22,P0369,Dallas DC,CHN,62.0,50,$887.73
INV004082,"Dec 21, 2024",P0197,dubai dc,IND,95.0,25,$488.47
INV001299,2024-07-24, P0464 ,Dubai DC,ARE,-1.0,20 ,$584.53
INV005051,2023/05/01,P0454,Dallas Warehouse,GRC,130.0,20,220.83
INV004172,11-27-2023,P0350,  Singapore_DC ,USA,108.0,10,$153.70
INV002925,2024-02-25,P0012,Singapore DC,CHN,143.0,20 ,NULL
INV005132,2023-03-02,P0397,Manila DC,USA,65.0,50,314.52
INV001183,2025-09-17,P0414,Manila DC,AUS,63.0,25,313.48
INV005049,2025-10-17,P0330,Manila DC,ARE,86.0,50 units,203.65
INV004516,2024-11-21,P0149,Singapore Warehouse,RUS,57.0,50,$235.24
INV000191,05-01-2023,P0305, Dallas DC,IND,40.0,20 ,465.44
INV006117,2023-06-30,P0157,Sydney DC,ITA,24.0,25,
INV006265,2023-05-31,P0241,Sydney_DC,IND,238.0,50 units,85.47
INV005370,NULL,P0396,Dubai DC,ARE,149.0,10,65.57
INV000929,2024-02-25,P0035,singapore dc,SAU,118.0,50,153.63
INV001196,05-01-2023,P0401,Manila DC,ZAF,17.0,20,148.27
INV004583,30/07/2023,P0032,SYDNEY DC,CAN,12.0,50 units,67.52
INV005811,2025-11-16,P0369, dubai dc,POL,25.0,50 units,887.73
INV003549,19/02/2025,P9035,Manila DC,THA,65.0,20 ,$651.95
INV006893,2025-10-17,P0332,Dallas_DC,GBR,90.0,25,1529.57
INV001681,2023-01-31,P0177,Sydney DC,ARG,60.0,50,"$1,340.72"
INV003925,26/01/2024,P0190,Frankfurt_DC,DEU,24.0,50,492.51
INV006094,21/12/2024,P0391,Sydney DC,CHE,121.0,25,334.44
INV006031,2025-09-17,P0360,DUBAI DC,HKG,209.0,20 ,1572.12
INV002036,05-01-2023,P0169,frankfurt dc,can,31.0,20,$888.63
INV005491,2023-03-02,P0354,DUBAI DC,AUS,44.0,50 units,439.66
INV003332,2025-05-20,P0480,Frankfurt_DC,GBR,39.0,25,435.01
INV003760,2023-08-29,P0208,sydney dc,NGA,57.0,20 ,877.53
INV000084,2024-05-25,P0255,dallas dc,ZAF,32.0,50 units,359.56
INV006696,08-23-2024,P0270,singapore dc,GBR,,20,$275.84
INV006163,2023-01-31,P0093,Frankfurt  DC,ESP,,20,219.16
INV003335,2024-05-25,P0150, manila dc,ZAF,38.0,20,603.49
INV000559,10-22-2024,P0170,Dallas DC,TWN,23.0,50 units,$333.68
INV002229,2025-11-16,P0384,Singapore DC,NLD,54.0,20,814.69
INV001890,2025-01-20,P0455,Manila DC,CHN,307.0,10,491.96
INV000239,2023-12-27,P0279,Manila Warehouse,JPN,107.0,NULL,1042.70
INV001769,2023/10/28,P0270, DALLAS DC,DEU,115.0,25,$275.84
INV000610,2025-04-20,P0035,manila dc, MEX,59.0,20,NULL
INV000333,2023-12-27,P0028,Frankfurt DC,CHN,155.0,50,1533.09
INV004197,2023-07-30,P0022,Singapore DC,NULL,-9.0,NULL,$282.63
INV003969,2025-04-20,p0061,Dubai DC,MEX,83.0,20,860.02
INV001892,2024-09-22,P0078,Singapore DC  ,AUS,67.0,50,338.99
INV002200,2023-08-29,P0076,Dubai DC,MEX,99.0,25,1500.98
INV005708,2025-09-17,P0370,Singapore DC  ,rus,32.0,25,286.28
INV001046,2023-10-28,P0175,Singapore DC,GBR,104.0,20,297.28
INV006722,2025-10-17,P0438,Dubai DC,DEU,15.0,10,null
INV007133,2024-04-25,P0362,Sydney DC,EGY,118.0,25,469.11
INV007751,2025-11-16,p0057,Manila DC,BRA,103.0,20 ,583.38
INV006050,2024-03-26,P0221,Dallas DC,DEU,67.0,50,497.92
INV003012,2023-04-01,P0139, singapore dc,AUS,22.0,10,383.11
INV007564,2024-06-24,P0093,Dubai Warehouse,AUS,49.0,10,219.16
INV007469,24/06/2024,P0134,Sydney DC,IND,227.0,10,1526.45
INV002493,2024-10-22,P0343,Dubai DC,MYS,103.0,50,$368.11
INV002796,05-20-2025,P0065,Dallas DC,CAN,36.0,20,275.70
INV007620,2024-09-22,P0041,Dubai DC,arg,,50,null
INV007339,2023-03-02,P0423,Dubai  Warehouse,FRA,84.0,20,235.59
INV001754,2024-05-25,P0393,Frankfurt Warehouse,MAR,-15.0,,822.49
INV005200,2025-02-19,P0110,SYDNEY DC,,145.0,10,600.07
INV005089,2024-06-24,P0311,Singapore Warehouse,NLD,85.0,NULL,556.63
INV003509,2025-01-20,P0317,Manila DC,KOR,102.0,20 ,"$1,558.47"
INV003692,2023-12-27,P0144,Sydney_DC,USA,30.0,,823.61
INV000821,2024-07-24,p0263,DALLAS DC,ITA,206.0,50 units,$367.49
INV006777,31/01/2023,P0023,Frankfurt DC,PHL,176.0,50 units,$806.82
INV002432,2025-09-17,p0276,Dallas DC  ,IND,29.0,25,677.68
INV006603,2024-03-26,P0160,Manila DC  ,GBR,46.0,50 units,356.16
INV005681,2023-06-30,P0053,Frankfurt DC,VNM,69.0,50,$71.16
INV007030,12-27-2023,P0065,Manila DC,COL,128.0,25,275.70
INV000167,2025-07-19,P0193,singapore dc,ISR,33.0,50,442.33
INV001205,2025-10-17,P0403,frankfurt dc,HKG,32.0,20,1444.81
INV000151,2023-01-31,P0190,Singapore_DC,USA,40.0,20 ,492.51
INV004192,2024-03-26,P0329, Frankfurt DC,POL,62.0,25,$361.49
INV006116,2024-02-25,P9425,dubai dc  ,COL,120.0,20,243.91
INV003629,2025-01-20,P0132,Singapore DC  ,DEU,164.0,50,239.74
INV005822,10-22-2024,P0197, Sydney DC,KOR,188.0,25,488.47
INV003404,2024-08-23,P0023,NULL,CHN,127.0,20,$806.82
INV003146,2023-05-31,P0160,manila dc,GBR,33.0,20,$356.16
INV000592,2025-06-19,P0229,Sydney Warehouse,ITA,49.0,,397.81
INV004650,19/07/2025,P0411,Singapore DC,CAN,92.0,10,$112.44
INV000235,2025-08-18,P0266,Singapore DC,AUT,99.0,50 units,382.81
INV003083,2023-06-30,P0185,Frankfurt_DC,USA,103.0,50,159.37
INV007008,2024-10-22,P0181,Frankfurt Warehouse,KOR,64.0,50 units,448.40
INV006992,2024-09-22,P0383,MANILA DC,bra,77.0,50 units,1881.86
INV006940,2025-01-20,P0329,Manila DC  ,KOR,80.0,25,$361.49
INV000309,21/03/2025,P0381,Dubai DC,NLD,121.0,10,554.55
INV006572,2023-03-02,P9040,Sydney DC,ITA,13.0,null,$272.48
INV001366,17/10/2025,P0450,null,FRA,35.0,20 ,$184.31
INV002448,2025-11-16,P0417,manila dc,AUS,65.0,50,1542.72
INV000572,2025-05-20,P0067,Manila DC,USA,104.0,20,468.83
INV002637,2025-03-21, P0219 ,FRANKFURT DC,deu,22.0,50,$228.15
INV003282,29/08/2023,P0246,Sydney DC,mar,255.0,10,$241.09
INV007497,08-29-2023,P0091,  Manila DC ,ZAF,66.0,50,85.53
INV004813,05-01-2023,P0463,dallas  dc, DEU,16.0,10,1421.36
INV002002,2023-01-01,P0113,Dallas DC,,47.0,20 ,$413.87
INV006328,19/02/2025,P0471,dubai dc,NGA,5.0,10,124.22
INV006526,2025/03/21,P0468,SYDNEY DC,,103.0,20,$182.15
INV006588,2024-11-21,p0255,singapore dc,ZAF,-2.0,50,359.56
INV005664,06-19-2025,P0110,Manila DC,sgp,34.0,10,600.07
INV006436,2024-11-21,P0233,Singapore DC  ,KEN,76.0,50,305.52
INV004932,2025-01-20,P0068,Sydney DC,USA,126.0,50 units,$362.47
INV007083,2025-01-20,P0473,Frankfurt DC,chn,203.0,50 units,846.99
INV007362,"Sep 22, 2024",p0221,Singapore DC,AUS,144.0,50 units,497.92
INV000927,2023-01-31,P0284,FRANKFURT DC,FRA,88.0,25,1835.64
INV002085,2023-12-27,P0459,Sydney DC, ESP,40.0,50,232.90
INV005096,2025-09-17,P0209,Manila_DC,ESP,178.0,50 units,null
INV006221,2025-08-18, P0066 ,Manila DC,DEU,15.0,10,243.76
INV004587,2024-07-24,P0337,Frankfurt DC,ITA,43.0,20 ,
INV006314,"Apr 01, 2023",P0005,Frankfurt DC,AUS,116.0,50,206.85
INV002655,2023-06-30,P0408,Sydney DC,THA,54.0,20,753.00
INV006041,2023-01-31,P0217,null,CHL,84.0,25,1062.54
INV006655,2024-08-23,P0007,NULL,GRC,171.0,10,$102.94
INV007110,31/01/2023,P0322,Dallas_DC,USA,59.0,20 ,$109.08
INV005619,2025-07-19, P0380 ,Dallas DC,FRA,42.0,20,1242.94
INV002658,2023-05-31,P0104,sydney dc,NZL,22.0,50,1095.97
INV000744,2024-05-25,P0394,manila  dc,CAN,66.0,20,96.35
INV003338,28/10/2023,P0122,FRANKFURT DC,JPN,171.0,50,
INV004008,2025-07-19, P0237 ,Dallas DC,HKG,85.0,20,1085.44
INV002195,06-24-2024,P0304,Dubai DC,USA,103.0,20,888.37
INV004959,08-23-2024,P0273,Dubai DC,AUT,21.0,10,1649.21
INV001583,28/09/2023,P0090,  Singapore DC ,MEX,54.0,20,81.60
INV005676,2023-06-30,P0140,  Dubai DC ,,49.0,20 ,249.94
INV000029,2025-11-16,P0389,Dubai DC,NOR,21.0,50,80.58
INV002390,2025-11-16,P0197,Sydney DC,ARE,13.0,20 ,488.47
INV006208,2024-01-26,P0122,Dallas DC,GBR,36.0,50 units,180.96
INV001561,2024-06-24,P0318, SYDNEY DC,POL,204.0,50 units,1002.24
INV003636,2024-09-22,P0184,dallas dc,ita,85.0,10,1643.13
INV004696,2025-05-20,P0325,,ARG,20.0,25,64.79
INV007410,2025-01-20,P0142,Dubai Warehouse, ISR,34.0,50 units,178.82
INV004341,2023-01-01,P0314,Frankfurt_DC,PHL,54.0,20,183.07
INV004908,2024-04-25,P0221,Sydney DC,col,155.0,,$497.92
INV007017,2023-01-31,p0210,Dubai DC,CAN,56.0,20,166.60
INV007364,2023/06/30,P0391,, MEX,58.0,25,334.44
INV002483,06-30-2023,P0457,manila dc,CAN,35.0,25,$80.12
INV000974,2024-08-23,P0023,dubai dc,CHE,76.0,50 units,$806.82
INV003721,2025-09-17,P0239,Singapore DC,SAU,37.0,20 ,1152.66
INV005486,2025-03-21,P0100,Frankfurt Warehouse,IDN,63.0,50,1301.31
INV001779,03-21-2025,P0353,NULL,USA,62.0,25,396.59
INV002842,2025-03-21,P0285,Singapore DC,ARE,48.0,20,
INV005210,2024-05-25,P0181,  Singapore DC ,CHN,31.0,50,$448.40
INV000625,2023-11-27,P0295,Sydney DC,USA,43.0,null,946.64
INV004164,17/09/2025,P0032,Manila DC,KOR,107.0,50 units,67.52
INV001847,2025-06-19,P0397,Dubai_DC,FRA,197.0,,314.52
INV007107,2024-08-23,P0007,sydney dc,kor,109.0,N/A,$102.94
INV006159,2025-06-19,P0417, Dallas DC,USA,5.0,20 ,"$1,542.72"
INV001271,01/05/2023,P0454,Singapore DC,USA,261.0,25,$220.83
INV006596,2023-04-01,P0373,sydney dc,DEU,13.0,25,1196.41
INV006541,2023-05-31,P0100, Manila DC,IDN,24.0,50 units,1301.31
INV007396,2024-09-22,P0364,Dubai Warehouse,SGP,16.0,50 units,610.93
INV001976,2023-01-01,P0063,Dubai DC,KOR,-11.0,20 ,660.25
INV003963,2023-07-30, P0276 , Singapore DC,CAN,67.0,50,677.68
INV004155,2023-07-30,P0456,Dubai Warehouse,TWN,207.0,20,302.99
INV001610,2024-05-25,P0202,Dubai DC,IDN,86.0,20,532.73
INV006581,2024-04-25,P0191,Dubai DC,NLD,84.0,50,54.17
INV006883,"Jan 01, 2023",P0448,Manila DC,,141.0,20,196.16
INV005386,2023-03-02,P0054,Dubai DC,GBR,5.0,20,$234.08
INV000079,2024-08-23,P0199,Dallas DC,DEU,110.0,10,210.86
INV002098,2024-03-26,P0176,Dallas DC,TWN,117.0,50,374.00
INV003630,2023-08-29,P0254,Dubai DC,PRT,72.0,,302.07
INV006906,2025-11-16,P0247,Frankfurt Warehouse,THA,125.0,10,356.04
INV007688,17/09/2025,P0341,FRANKFURT DC,AUT,144.0,50 units,159.67
INV007489,2025-04-20,P0013,Frankfurt DC,HKG,113.0,25,$403.24
INV002046,2024-04-25,P0195,Dallas DC,DEU,89.0,20 ,616.31
INV007641,05-20-2025,P0247,Manila DC,SGP,62.0,25,$356.04
INV005218,2025-04-20,P0089,Sydney DC,ARE,93.0,50 units,$800.59
INV005381,2024-01-26,P0174,Frankfurt DC,DEU,95.0,10,215.95
INV003862,2024-07-24,P0014,Dallas DC,VNM,19.0,20 ,331.38
INV006785,17/10/2025,P0219,,TUR,155.0,25,228.15
INV006765,2023-04-01,P0361,Frankfurt DC,USA,74.0,50 units,192.49
INV007305,2023-06-30,P0250,Frankfurt_DC,usa,164.0,50 units,460.88
INV004910,2023-09-28,P0198,NULL,MEX,161.0,20 ,672.93
INV006652,2025-03-21,P0374,DALLAS DC,CHL,157.0,50,1275.24
INV005308,"Dec 21, 2024",P0300,Frankfurt  DC,DNK,34.0,50,242.73
INV005104,20/05/2025,P0388,, THA,42.0,50 units,70.63
INV006564,2023/08/29,P0220,Frankfurt DC,USA,101.0,20,$153.59
INV003731,19/02/2025,P0476,Sydney DC,THA,44.0,50,1318.12
INV005357,2024-11-21,P0115,Singapore DC,JPN,150.0,50 units,1730.87
INV003625,2023-10-28,P0404,Frankfurt DC,jpn,160.0,10,"$1,036.52"
INV000392,2023-04-01,p0416,  Dallas Warehouse ,SAU,65.0,20,1613.05
INV007216,17/09/2025,P0262,  MANILA DC ,COL,93.0,25,181.62
INV004397,2024-12-21,P0460,Dubai DC,ITA,121.0,20,29.99
INV007823,2025-07-19,P0375,Dubai DC,FRA,89.0,50,NULL
INV002193,02-25-2024,P0007,Singapore_DC,BGD,72.0,50,102.94
INV007449,2023-06-30,P0076, singapore dc,USA,187.0,20 ,1500.98
INV005366,2025-06-19, P0181 ,Dubai DC,AUS,123.0,50,448.40
INV000607,2024/01/26,P0250,Frankfurt DC,ESP,107.0,25,$460.88
INV000372,2025-04-20,P0011,Dubai DC,POL,151.0,20,90.19
INV006005,2023-07-30,P0386,dallas dc,NLD,123.0,20,639.66
INV001218,2023-12-27,P0319,MANILA DC,GRC,21.0,25,$204.98
INV003313,05-01-2023,P0037,Singapore_DC,JPN,82.0,25,235.52
INV004658,"Aug 18, 2025",P0450,Manila DC,CHN,43.0,20,$184.31
INV004231,2024-07-24,P0282,Dubai DC,ESP,112.0,25,null
INV000331,2023-07-30,P0044,Sydney DC,COL,122.0,50 units,$346.35
INV005411,03-26-2024,P0252,SYDNEY DC,nld,19.0,50 units,255.86
INV002594,2025-06-19,P0241,sydney dc,CHN,66.0,50 units,85.47
INV007443,2023-07-30,P0049,Manila DC,USA,13.0,20 ,$554.43
INV001853,31/01/2023,P0422,dubai dc,,81.0,20 ,null
INV006194,2023-01-01,P0321,Dallas  DC,TUR,77.0,20 ,207.69
INV004534,2025-03-21,P0024,Frankfurt DC,,78.0,20 ,$541.27
INV007479,"Jun 24, 2024",P0212,dallas dc,nor,29.0,20 ,1044.35
INV003589,2023-05-01,P0217,Singapore DC,CHN,156.0,50 units,"$1,062.54"
INV003827,2025-10-17,P0125,Frankfurt_DC,ARG,50.0,50,275.50
INV006737,21/12/2024,P0177,Manila DC,RUS,68.0,50 units,"$1,340.72"
INV002117,2023-11-27,P0125,Manila Warehouse,PHL,11.0,25,275.50
INV004975,2024-05-25,P0371,singapore dc,TUR,117.0,25,239.13
INV006878,2023-09-28,P0223,null,DEU,109.0,20,291.25
INV005860,2024-02-25,P0293,Singapore DC,MEX,119.0,50,1874.55
INV007296,2024-07-24,P0049,Frankfurt  DC,CAN,30.0,10,554.43
INV005050,2023-01-31,P0403,Singapore DC,CHE,165.0,25,1444.81
INV001465,01-26-2024,P0002,Dubai_DC,CHN,63.0,20 ,$39.13
INV000720,"May 31, 2023", P0363 ,Singapore DC,esp,114.0,50,$620.30
INV001984,2025-01-20, P0021 ,singapore dc,CAN,,20 ,286.52
INV002853,2024-10-22,P0198,Sydney DC,,20.0,50 units,$672.93
INV007307,2023-01-31,P0437,Manila DC,MAR,104.0,25,121.14
INV004950,"Jan 20, 2025",P0354,Dallas DC,PHL,99.0,20 ,439.66
INV005779,2025-01-20,P0198,Frankfurt DC,AUT,9.0,10,$672.93
INV000028,2025-10-17,P0198,singapore dc,MEX,13.0,25,$672.93
INV000140,"Oct 17, 2025",P0330,Manila DC,BRA,69.0,10,203.65
INV002083,2025-02-19,P0353,Frankfurt_DC,FRA,94.0,N/A,396.59
INV001462,2025-02-19,P0427,sydney dc,GBR,28.0,20,$169.17
INV004853,2024-08-23,P0123,Frankfurt DC,,42.0,10,617.89
INV002865,2024-07-24,P0262,manila dc,SWE,192.0,20 ,181.62
INV000334,2023-06-30,P0413,Frankfurt  DC,CAN,60.0,50 units,69.90
INV000965,2023-01-01,P0085,Frankfurt_DC  ,CHN,79.0,20 ,781.85
INV001440,2024/11/21,P0397,Sydney DC,USA,40.0,50 units,314.52
INV007490,2023-11-27,P0049,Dallas Warehouse,THA,24.0,20 ,554.43
INV001795,2024-07-24,P0430,Sydney DC  ,CHE,99.0,50,138.13
INV004091,2024-11-21,P0403,Manila DC,USA,194.0,25,1444.81
INV000466,2024-10-22,P0357, dubai dc,IND,51.0,10,252.01
INV006337,2024-02-25,P0087,Dubai DC,UKR,9.0,50 units,573.99
INV006983,2023-09-28,P0388,DALLAS DC,PAK,33.0,20 ,70.63
INV005332,2024-05-25,P0150,Dubai DC,chn,81.0,10,603.49
INV004872,2024-03-26,P0331,Frankfurt Warehouse,CHN,26.0,50,647.08
INV000093,2024-04-25,P0212,Dubai DC,mys,81.0,20,1044.35
INV001466,02-25-2024,P0328,Singapore_DC,CHN,83.0,,152.54
INV000059,19/06/2025,P0278,Singapore DC,GBR,55.0,25,237.33
INV007411,"Jul 19, 2025",P0380,Dubai DC,,38.0,20,1242.94
INV004292,2023-05-31,P0207,Sydney DC,,51.0,10,$288.40
INV004973,2024-04-25,P0392,Sydney DC,CHN,57.0,50,788.36
INV001874,2023-10-28,p0472,N/A,BRA,87.0,50,205.84
INV001879,2025-10-17,P0463,NULL,,55.0,10,1421.36
INV004812,08-29-2023,P0007,Singapore DC  ,DNK,226.0,50 units,102.94
INV003858,2024-11-21,P0130,sydney dc  ,can,40.0,50 units,833.76
INV006269,2024-05-25,P0433,Frankfurt DC,AUS,50.0,25,388.52
INV001692,2023-12-27,P0304,DALLAS DC,CAN,31.0,50,888.37
INV002303,"Jan 01, 2023",P0365,Sydney DC  ,ZAF,57.0,50 units,98.50
INV007717,,P0411,Singapore DC,AUS,8.0,20,112.44
INV001824,01/05/2023,P0231,singapore dc,CHN,56.0,20 ,1464.89
INV002415,2023-11-27,P0308,Dubai DC,BGD,,25,
INV007571,2023-04-01,P0183,dallas dc,THA,7.0,10,248.45
INV005139,2023-07-30,P0250,Sydney DC,ZAF,28.0,50 units,460.88
INV003670,2023-06-30,P0249,Manila Warehouse,BGD,112.0,50 units,58.66
INV000397,"Jan 31, 2023",P0033,dallas dc,ind,21.0,10,908.66
INV007298,2023-05-01,P0437,Sydney DC,VNM,88.0,25,121.14
INV000818,12-27-2023,P0176,Singapore DC,SGP,67.0,50 units,
INV006492,2025-06-19,P0224,Sydney DC,MYS,89.0,25,141.71
INV002551,"Jan 20, 2025",P0407,DUBAI DC  ,AUT,57.0,20,500.30
INV001101,11-16-2025,P0404,Dubai DC,ISR,230.0,50 units,1036.52
INV005078,2023-05-31,P0031,Singapore DC,ARE,203.0,25,$366.93
INV003937,2024-05-25,P0066,Singapore DC,FRA,103.0,50,243.76
INV002184,07-24-2024,P0404,sydney dc,POL,14.0,50 units,1036.52
INV005865,29/08/2023,P0256,Sydney_DC,ZAF,22.0,10,266.93
INV001413,2024-02-25,P0402,Sydney DC,THA,52.0,20,223.17
INV000382,2024-04-25,P0212,Dubai DC,HKG,52.0,20 ,"$1,044.35"
INV002786,2024-05-25,P0423,Dubai  DC,usa,14.0,10,235.59
INV007837,19/06/2025,P0180,SINGAPORE DC,ITA,58.0,25,216.26
INV003556,2025-10-17,P0158,Dubai DC  ,BGD,124.0,25,308.39
INV000096,2025-05-20,P0128,Frankfurt DC  ,BRA,,20 ,1658.67
INV006434,08-29-2023,P0197,Singapore DC,TUR,77.0,50,488.47
INV003193,2023-07-30,P0023,Dubai DC,NULL,17.0,50,806.82
INV003997,04-01-2023,P0165,dubai dc,USA,84.0,20 ,1599.84
INV003425,31/05/2023,P0166,Dubai Warehouse,BRA,131.0,25,1551.16
INV004466,2025-04-20,P0344,SINGAPORE DC,ISR,18.0,20 ,332.94
INV004054,2023-01-31,P0331,Dubai DC,ESP,43.0,50,647.08
INV006022,2024-04-25,P0248,Dubai DC,RUS,21.0,50,75.05
INV004637,2025-05-20,P0154,Manila DC,ARG,102.0,20,1402.93
INV006191,2023-05-31,P0384,SYDNEY DC,MYS,41.0,20 ,814.69
INV001039,2023-01-31,P0068,Dallas Warehouse,bgd,,50 units,362.47
INV001080,2023-07-30,P0016,Sydney DC  ,KEN,32.0,50,1431.29
INV005418,2023-05-31,P0420,Dallas DC,ISR,31.0,10,272.48
INV006273,2025-10-17,P0155,Singapore_DC,ISR,,20,N/A
INV006213,2023-09-28,P0397,Frankfurt DC,JPN,26.0,20,314.52
INV000143,2024-05-25,P0001,Frankfurt_DC,GRC,61.0,20 ,$198.33
INV001914,12-21-2024,P0193,Sydney DC,DEU,23.0,50,$442.33
INV007812,"Jul 30, 2023",P0367,Sydney DC,FRA,89.0,10,160.24
INV001428,02/03/2023,P0433,Singapore_DC,IDN,137.0,20,388.52
INV003421,2025-10-17, P0059 ,Singapore DC  ,SGP,38.0,20,216.45
INV006383,"Jan 26, 2024",P0475,Frankfurt DC,USA,75.0,10,265.34
INV005964,2024-08-23,P9001,Manila DC,UKR,84.0,20,N/A
INV000092,2025-06-19,P0379,Singapore DC,MEX,43.0,50 units,1921.81
INV002751,2023-07-30,P0168,Sydney DC,SGP,103.0,50 units,$616.44
INV003038,2025-06-19,P0355,Sydney DC,DEU,78.0,null,245.67
INV005952,2023-09-28,P0018,Dubai DC,CHN,227.0,50,211.76
INV004116,2025-08-18,P0168,Dallas DC,GBR,101.0,20 ,
INV004499,2024-04-25,P0169,dallas dc,CHN,13.0,10,$888.63
INV005505,2023-03-02,P0166,SYDNEY DC,SWE,63.0,50 units,1551.16
INV005414,2023-12-27,P0291,SYDNEY DC,GBR,125.0,10,42.01
INV005211,2024-01-26,P0187,singapore dc  ,hkg,78.0,10,1292.73
INV003616,2023-01-31,P0003,manila dc,ESP,-25.0,20 ,$517.78
INV000475,2023-08-29,P0100,,ZAF,62.0,25,1301.31
INV002526,2023-08-29, P0099 ,Dallas DC,MAR,168.0,50,$376.17
INV003791,2024-11-21,P0246,Sydney DC,POL,203.0,50 units,241.09
INV003506,"Oct 22, 2024",P0433,Dubai Warehouse,USA,39.0,10,388.52
INV003880,05-31-2023,P0201,Frankfurt DC,AUS,23.0,50,805.03
INV000855,07-24-2024,P0475,Singapore DC, GRC,3.0,50 units,$265.34
INV002860,2025-02-19,P0083,Singapore DC,TWN,86.0,25,439.01
INV003568,"Apr 01, 2023",P0105,Singapore DC,BRA,-24.0,10,$333.17
INV002468,2023-09-28,P0126,Manila DC,BRA,,10,678.62
INV001273,07-24-2024,P0102,Frankfurt DC,AUS,134.0,50 units,2178.97
INV001870,2023-06-30,P0404,Frankfurt DC,TUR,39.0,50,1036.52
INV003930,01-01-2023, P0325 ,dubai dc,ZAF,100.0,20 ,64.79
INV005559,2024-11-21,P0220,Dallas  DC, JPN,114.0,25,$153.59
INV001696,19/07/2025,P0455,Singapore DC,ZAF,138.0,20,491.96
INV001943,,P0283,Frankfurt DC,CHN,52.0,10,409.25
INV004062,01/04/2023,P0467,N/A,HKG,43.0,25,$147.20
INV005514,2024-07-24,P0217,N/A, PRT,78.0,25,1062.54
INV006121,2023-05-01,P0274,Manila DC,PAK,81.0,20,744.08
INV001675,01-01-2023,P0103,Dallas DC,CAN,-18.0,25,192.46
INV003168,2023/01/31,P0208,Manila DC,twn,19.0,50 units,$877.53
INV007038,03-21-2025,P0236,Sydney_DC  ,NLD,231.0,10,510.62
INV001480,2023-10-28,P0472,Dubai DC,MAR,91.0,20 ,205.84
INV002051,2025-06-19,P0180,Frankfurt DC,MEX,60.0,20 ,$216.26
INV001625,10-22-2024,P0102,sydney dc,NLD,92.0,20 ,2178.97
INV002246,"Apr 20, 2025",P0046,Dubai DC,CHN,41.0,,1078.86
INV006657,2024-11-21,P0400,Frankfurt DC,IND,,25,476.94
INV005784,21/11/2024,P0337,Sydney_DC,ARG,,25,634.78
INV003311,2023-08-29,P0324,Frankfurt DC,HKG,13.0,25,216.85
INV007506,2025-10-17,P0243,Frankfurt DC,THA,8.0,,179.19
INV002886,2025-06-19,P0228,FRANKFURT DC,CHN,18.0,20,143.79
INV003127,2024-06-24,P0154,Singapore DC,CHN,78.0,20 ,1402.93
INV004883,2025-11-16,P0450, Dubai DC,ITA,144.0,20 ,184.31
INV001653,18/08/2025,P0349,Manila DC,CHN,180.0,50 units,1417.16
INV004163,"Aug 18, 2025",P0290,Frankfurt DC,USA,54.0,20,571.76
INV000160,2023-05-31,P0291,Dubai DC,CHL,57.0,50 units,$42.01
INV004448,,P0010,frankfurt dc,PHL,23.0,20,362.45
INV007321,2024-06-24,P0197,Dallas Warehouse,GBR,173.0,25,488.47
INV002464,2023-06-30,P0148,Sydney DC,MEX,71.0,50,1458.45
INV007367,2025-03-21,P0009,Frankfurt_DC,usa,155.0,20,1370.71
INV000087,22/10/2024,P0418,Dubai Warehouse,EGY,-21.0,20,59.53
INV004342,2025-03-21,P0406,Frankfurt DC,USA,99.0,50,$224.75
INV005744,2024-11-21,P0099,Frankfurt DC, CHL,75.0,50,376.17
INV000036,2023-03-02,P0250,Dubai DC,PHL,26.0,50 units,460.88
INV005627,2024-01-26,P0028,Dubai DC,IND,48.0,10,1533.09
INV005970,2025-11-16,P0087,Singapore DC,USA,125.0,20,$573.99
INV001111,01/04/2023,P0013,Sydney DC,HKG,112.0,50,403.24
INV004314,"Jul 19, 2025",P0159,Sydney DC,BRA,219.0,20 ,201.99
INV000246,2025-03-21,P0300,Sydney Warehouse,DEU,119.0,25,242.73
INV002868,"Jan 31, 2023", P0105 ,Dallas DC,CHN,32.0,10,333.17
INV002837,2024-12-21,P0279,Sydney Warehouse,isr,25.0,50,1042.70
INV006569,2023-06-30,P0169,Sydney DC,BRA,40.0,25,$888.63
INV006708,"Mar 02, 2023",P0413,Sydney Warehouse,chn,210.0,20,69.90
INV001290,2023-08-29,P0050,null,AUS,60.0,10,130.96
INV003719,,P0406,Sydney DC,SGP,53.0,50,$224.75
INV004260,2023/04/01,P0215,Dubai DC,DEU,33.0,50 units,1135.32
INV007312,2025-02-19,P0379,Frankfurt DC,CHN,64.0,10,"$1,921.81"
INV002838,2024-11-21,P0162,Manila DC,ARE,63.0,20,"$1,169.94"
INV007655,28/09/2023,P0471,Dallas DC,FRA,90.0,50,
INV003297,2023-05-01,P0279,Manila DC,hkg,20.0,10,1042.70
INV000600,2025-06-19,P0224,Frankfurt DC,IND,54.0,20,$141.71
INV004608,2024-01-26,P0089,manila dc  , GBR,43.0,20,800.59
INV007840,2024-07-24,P0065,Singapore DC,GBR,68.0,20 ,275.70
INV007461,06-30-2023,P0145,dubai dc,CHN,125.0,25,290.68
INV005144,"Aug 29, 2023",P0451,Sydney_DC,NOR,65.0,20 ,$271.84
INV005296,2025-08-18,P0246,Singapore DC,BGD,89.0,20 ,241.09
INV004636,2023-05-31,P0078,Dubai DC,NLD,178.0,20 ,338.99
INV000261,2023/11/27,P0259,Frankfurt DC,AUS,22.0,25,230.93
INV001568,21/11/2024,P0048,Dubai DC,THA,60.0,20,605.53
INV002305,2025-09-17,P0289,DUBAI DC, IND,8.0,50,241.69
INV000406,2024-12-21,P0231,Manila DC,IND,87.0,10,1464.89
INV000007,01/01/2023,P0184,Dallas DC,PRT,48.0,20 ,"$1,643.13"
INV002266,"Oct 28, 2023",P0384,SINGAPORE DC,FRA,46.0,20 ,814.69
INV002740,2025-09-17,P0286,Singapore DC,,,25,238.90
INV000616,2023-03-02,P0056,Dubai DC,CHN,62.0,10,529.55
INV005618,2025-11-16,P0106,Singapore DC,SGP,,50,140.18
INV003484,2025-08-18,P0177,Dallas DC,bgd,153.0,,"$1,340.72"
INV004767,2025-03-21,P0467,singapore dc,GBR,52.0,50,147.20
INV007249,2023-12-27,P0380,Manila DC,CAN,87.0,NULL,1242.94
INV002747,31/05/2023,P0143,Frankfurt DC,NZL,281.0,50 units,"$1,273.62"
INV000361,2025-01-20,P0391,Singapore DC,,72.0,50,$334.44
INV001732,"Sep 22, 2024",P0043,Sydney  DC,MAR,46.0,20 ,226.16
INV005217,2023-05-01,P0287,Dallas DC,CHE,-7.0,20,77.25
INV004606,2023-03-02,P0478,Singapore Warehouse,pol,94.0,20 ,1422.93
INV001418,09-28-2023,P0276,Frankfurt DC  ,USA,99.0,50,$677.68
INV003520,2024-07-24,P0011,DALLAS DC,chn,187.0,20 ,90.19
INV006977,2023-03-02,P0479,Frankfurt DC,HKG,21.0,10,N/A
INV005716,21/11/2024,P0459,Sydney DC,CHN,39.0,10,232.90
INV000654,,P0357,dallas dc,USA,48.0,10,null
INV002728,2024-05-25,P0383,Manila DC,IND,61.0,20,1881.86
INV001770,2023-10-28,P0448,Dubai DC,TUR,64.0,20 ,
INV002906,01-31-2023,P0419,SINGAPORE DC,nzl,7.0,50 units,1142.25
INV004887,2023-04-01,P0041, Sydney DC,AUS,,50 units,384.99
INV000090,2024-12-21,P0408,Dubai DC,PHL,160.0,20 ,753.00
INV003354,2025-10-17,P0142,sydney dc,KOR,77.0,20 ,178.82
INV001646,2023-03-02,P0222,Manila DC,CHL,86.0,50,1100.83
INV005152,2023-05-01,P0035,Singapore DC,ESP,103.0,10,153.63
INV007031,"Oct 17, 2025",P0398,Dubai DC,JPN,147.0,20,378.76
INV007482,2024-09-22,P0313,Dubai Warehouse,GHA,75.0,50,"$1,008.89"
INV001278,05-31-2023,P0205,Frankfurt DC,DEU,36.0,50,1984.39
INV006559,2023-07-30,P0348,MANILA DC,nld,38.0,50 units,$114.39
INV000882,09-22-2024,P0012,Dallas DC,TWN,73.0,20 ,68.12
INV004119,2023-12-27,P0436,Frankfurt DC,MYS,52.0,25,$383.56
INV007415,2025-09-17,P0211,Dallas DC,ZAF,48.0,20,$411.76
INV002507,2025-08-18,P0152,Sydney  DC,IND,31.0,20 ,$373.91
INV000223,2025/03/21,P0355,null,CHL,89.0,50 units,245.67
INV007645,NULL,P0074,Manila DC, CHL,140.0,20 ,393.85
INV001365,2024-02-25,P0355,Manila DC,HKG,95.0,20,245.67
INV004310,24/07/2024,P0270, Frankfurt DC,IDN,238.0,50,$275.84
INV003897,2023-04-01,P0062,Sydney DC,JPN,75.0,50,$51.02
INV006988,"Sep 17, 2025",P0373,Frankfurt DC,THA,57.0,null,1196.41
INV003021,2025-11-16,P0342, Dallas DC,TWN,92.0,20 ,45.41
INV000991,03-21-2025,P0149,Dallas DC  ,che,53.0,20,235.24
INV002517,"Jan 26, 2024",P0019,manila dc  ,MEX,25.0,50,961.87
INV007521,2023/09/28,P0329,frankfurt dc,MEX,149.0,50,$361.49
INV003359,2023-03-02,P0386,Sydney DC,USA,10.0,20 ,639.66
INV000022,2023-05-01,P0284,Frankfurt Warehouse,RUS,62.0,50 units,1835.64
INV001429,2025-11-16,P0131,Dubai DC,SGP,28.0,50,$315.08
INV004541,17/10/2025,P0306,  Dallas DC ,GBR,74.0,50 units,282.77
INV001867,2023-01-01,P0184,Dubai DC,CHN,118.0,20 ,1643.13
INV006456,2024-02-25,P0310,Manila DC,NZL,114.0,50 units,543.12
INV001858,2023-06-30,P0324, Dubai DC,CHN,79.0,50,216.85
INV003284,2024-03-26,P0349,sydney  dc, GBR,22.0,10,1417.16
INV002129,2025-10-17,P0384,Singapore DC, USA,96.0,50,814.69
INV006720,2023-01-01,P0101,Dallas DC,BRA,119.0,20 ,402.58
INV003705,06-30-2023,P0386,frankfurt dc,RUS,91.0,20,639.66
INV003205,31/05/2023,P0114,DUBAI DC,DEU,100.0,20,1572.30
INV004537,2024-11-21,P0411,Frankfurt_DC,TWN,165.0,50 units,112.44
INV002199,2023-01-01,P0280,singapore dc,ARE,133.0,50 units,336.14
INV005646,2024-02-25,P0386,Dubai Warehouse,DEU,42.0,50,$639.66
INV004976,2024-10-22,P0398,Dubai_DC,GBR,121.0,25,378.76
INV003932,2025-10-17,P0001,Manila DC,NLD,156.0,25,198.33
INV000997,25/02/2024,P0110,singapore dc,PRT,71.0,25,600.07
INV002812,2024-03-26,P0278,Singapore DC,POL,37.0,50 units,237.33
INV000947,2024-02-25,P0192,Dubai DC,PRT,90.0,20,$204.18
INV007303,18/08/2025,P0012,Manila Warehouse,SWE,41.0,10,68.12
INV002366,2023-05-31,P0119,Dubai DC,USA,24.0,20,$799.93
INV006271,30/07/2023,P0452,Dubai DC,FRA,113.0,20,162.81
INV006687,2023-05-01,p0080,Singapore DC  ,KOR,65.0,10,208.69
INV003071,2025-03-21,P0126,Frankfurt DC,TUR,27.0,20,678.62
INV004351,2023-08-29,P0234,Manila DC,POL,11.0,50 units,819.95
INV004506,2024-01-26,P0214,sydney  dc,hkg,106.0,10,N/A
INV007738,11-16-2025,P0440,manila dc,DEU,-29.0,10,382.33
INV003737,2023-12-27,P0384,Frankfurt  DC,THA,45.0,25,N/A
INV005783,2024-08-23,P0102, Frankfurt DC,DNK,85.0,50 units,2178.97
INV002223,2024-02-25,P0006,Manila DC,NZL,262.0,50,507.59
INV000490,24/07/2024,P0227,Dubai DC,NLD,-13.0,20,153.94
INV002615,2023-05-01,P0341,Sydney_DC,CAN,210.0,10,159.67
INV005680,2023-08-29,P0191,Sydney DC,CHN,114.0,20 ,null
INV003990,, P0182 ,Dubai DC,MAR,,N/A,148.98
INV002337,01-31-2023,P0328,Sydney Warehouse,USA,64.0,20,$152.54
INV000718,11-21-2024,P0142,  Sydney DC ,IND,12.0,20,178.82
INV003184,2024-05-25,P0083,Manila Warehouse,SAU,152.0,20 ,439.01
INV004604,24/06/2024,P0345,Manila DC,DEU,120.0,20,$223.23
INV003028,"Dec 21, 2024",P0241,Manila_DC,POL,144.0,50 units,85.47
INV006347,2023-05-31,P0127,dubai dc,HKG,182.0,20,1057.48
INV001986,25/05/2024,P0336,Frankfurt DC,gbr,63.0,10,180.18
INV000993,2024-05-25,P0171,Dallas DC,NLD,62.0,20,$683.25
INV000191,05-01-2023,P0305, Dallas DC,IND,40.0,20 ,465.44
INV002183,2025-04-20,P0434,Dubai DC,MEX,-23.0,NULL,508.81
INV002678,28/09/2023,P0190,N/A,,28.0,NULL,$492.51
INV007486,2024-06-24,P0400,Dubai DC,THA,177.0,50 units,
INV007375,2023-01-01,P0392,null,ESP,-23.0,10,788.36
INV001347,2024-05-25,P0348,  Manila Warehouse ,NZL,88.0,20 ,114.39
INV001591,2023-05-01,P0390,Sydney Warehouse,TUR,68.0,20,722.59
INV003653,2023-12-27,P0265,Dallas DC,ESP,104.0,20,1015.41
INV000321,"Jan 01, 2023",P0030,Manila DC,SGP,46.0,20 ,155.94
INV003126,2024-03-26,P0269,Singapore DC,JPN,72.0,20,394.90
INV003391,"Jun 19, 2025",P0249,Singapore DC,FRA,5.0,25,$58.66
INV000209,2025-07-19,P0012,  Frankfurt DC ,phl,145.0,50,68.12
INV002774,"Oct 22, 2024",P0461,Dubai DC,GRC,9.0,25,163.23
INV007785,2024-11-21,P0309,Singapore DC,CHN,47.0,20,$277.16
INV004980,2024-10-22,P0155,  Manila DC ,VNM,32.0,10,352.91
INV006610,2025-11-16,P0092,Dallas DC,TWN,41.0,50,$234.17
INV004496,2023-04-01,P0296,N/A,RUS,119.0,50 units,218.07
INV001988,2023-12-27,P0023,Frankfurt Warehouse,ARE,64.0,50 units,$806.82
INV005810,28/10/2023,P0463,DALLAS DC, PHL,54.0,20,"$1,421.36"
INV006701,2023-11-27,P0019,Dubai DC,PHL,9.0,10,961.87
INV000532,2025-01-20,P0193,Dallas DC,SGP,87.0,50,442.33
INV001897,2024-02-25,P0004,Dallas Warehouse, USA,106.0,,455.02
INV004482,2024-09-22,P0106, Dallas_DC,DEU,90.0,10,140.18
INV005682,2023-01-31,P0088, Sydney DC,IND,123.0,20,313.77
INV004502,2023-07-30,P0059,Dallas DC,USA,55.0,20,216.45
INV005250,2024-08-23,P0085,Frankfurt_DC,NZL,24.0,50 units,781.85
INV003609,2024-10-22,P0117,Dallas DC,NOR,36.0,25,460.72
INV000577,2025-01-20,P0392, Frankfurt_DC,CAN,186.0,50 units,
INV000829,2023-03-02,P0416,Manila DC,gbr,16.0,50,1613.05
INV001337,2025-03-21,P0241,Dallas DC,IND,96.0,25,85.47
INV001923,2024-06-24,P0197,Singapore DC,PHL,202.0,20 ,$488.47
INV003943,2023-09-28,P0018,Manila DC,THA,9.0,50,$211.76
INV006205,2023-10-28,P0306,Dubai DC,TWN,61.0,10,282.77
INV006304,"Jun 24, 2024",P0127,Manila DC,COL,60.0,20 ,1057.48
INV004619,2024-03-26,P0072,MANILA DC,CHN,69.0,25,63.48
INV002227,2025-06-19,P0065,Dubai DC,MEX,73.0,25,275.70
INV004057,"Aug 18, 2025",P0431,Manila DC,JPN,35.0,20 ,52.60
INV007588,2024-07-24,P0189,Frankfurt Warehouse,NZL,81.0,50,$118.94
INV000871,2024-12-21,P0444,Dallas_DC,IND,56.0,20,86.60
INV006711,2023-01-31,P0301,Singapore DC,CAN,62.0,20,327.68
INV004758,2024-03-26,P0384,Dallas DC,MEX,136.0,20 ,814.69
INV001590,2024-07-24,P0259,N/A,IRL,91.0,20,230.93
INV003817,2024-07-24,P0389,Dallas Warehouse,CAN,57.0,25,$80.58
INV003376,2025-11-16,P0351,Singapore DC,PAK,,50,343.53
INV003988,19/07/2025,P0202,Dubai DC  ,ARG,68.0,20,$532.73
INV007195,2025-04-20,P0291, Dubai Warehouse,CHN,86.0,20,42.01
INV000841,27/12/2023,P0369,Dallas Warehouse,GRC,263.0,10,887.73
INV002946,2025-11-16, P0151 ,Dallas DC,NGA,9.0,50,$569.23
INV003384,01/04/2023,P0382,Manila DC,IND,21.0,50 units,435.79
INV001913,2023-10-28,P0076,  Dallas DC ,USA,76.0,50 units,1500.98
INV007552,2023-12-27,P0005,Sydney DC,GBR,97.0,50 units,206.85
INV004152,2023-08-29,P0307,N/A,VNM,20.0,25,
INV004705,2025-03-21,P0012,Singapore_DC,THA,64.0,50 units,68.12
INV004253,2023-04-01,P0423,manila dc,COL,-5.0,20 ,235.59
INV002537,2025-07-19,P0441,Dubai DC,AUS,77.0,10,717.68
INV003551,24/07/2024,P0237, Sydney_DC,JPN,87.0,20,1085.44
INV001800,2023-12-27,P0458,sydney dc,ESP,78.0,20 ,482.57
INV006547,25/02/2024,P0417, Singapore Warehouse,HKG,113.0,25,"$1,542.72"
INV005297,01/04/2023,P0012,Singapore DC,CHN,-28.0,20,68.12
INV000588,22/10/2024,p0132,Frankfurt DC,USA,28.0,20 ,239.74
INV000387,"Dec 27, 2023",P0425,Sydney DC,nga,6.0,20,385.09
INV007656,2025-08-18,P0184,Sydney DC,IDN,286.0,25,1643.13
INV001956,2025-05-20,P0386,Frankfurt DC,COL,14.0,25,639.66
INV005162,2025-11-16, P0413 ,Dubai DC,VNM,16.0,50 units,69.90
INV000894,"Jun 19, 2025",P0085, Frankfurt DC,DEU,133.0,50,$781.85
INV006874,25/02/2024,P0160,Sydney DC,GBR,79.0,20,356.16
INV001816,30/07/2023,P0455,Dallas DC,POL,60.0,20,491.96
INV006009,2025-10-17,P0288,dubai dc,BRA,15.0,25,"$1,385.69"
INV001012,2023-12-27,P0238,Dubai DC,AUT,54.0,50,161.79
INV005904,2025-11-16,P0381, Dallas DC,BRA,,50 units,$554.55
INV005077,2025-05-20,P0311,Dubai DC,USA,169.0,25,556.63
INV003621,2023-11-27,P0364,frankfurt dc,NULL,197.0,10,$610.93
INV001283,2023-09-28,P0203,Manila  DC,zaf,244.0,50 units,1175.51
INV007350,01/01/2023,P0474,Singapore DC,TWN,245.0,10,184.38
INV001315,2025-01-20,P0393,SYDNEY DC,THA,74.0,50 units,$822.49
INV004844,2025-10-17,P0038,manila dc,BGD,31.0,50 units,805.43
INV003687,2025-01-20,P0432,Manila DC,DEU,76.0,50 units,863.37
INV001186,2024-04-25,P0027,Frankfurt DC,AUS,30.0,50 units,46.93
INV004064,2023-10-28,P0163,Singapore_DC,AUS,69.0,50 units,539.88
INV001122,2024-04-25, P0330 ,Singapore DC,,205.0,50,203.65
INV000834,04-20-2025,P0428,Frankfurt DC,DEU,53.0,50,830.75
INV001634,22/10/2024,P0457, MANILA DC, SAU,133.0,50,$80.12
INV003368,2023-06-30,P0256, Frankfurt DC,USA,219.0,25,266.93
INV003761,2025-04-20,P0419,manila dc,ZAF,23.0,25,1142.25
INV007515,24/06/2024,P0348,Singapore DC,,75.0,20,$114.39
INV005256,20/01/2025,P9651,Dallas DC,gbr,18.0,50,96.35
INV004121,2023-01-31,P0353,FRANKFURT DC,PHL,147.0,20,396.59
INV003935,"Jun 30, 2023",P0306,Singapore DC,PHL,72.0,50 units,
INV000597,2024/10/22,P0410,MANILA DC,CHN,29.0,20 ,475.18
INV000484,"Nov 21, 2024",P0473,dallas dc,KOR,30.0,25,846.99
INV006410,24/06/2024,P0414,Frankfurt DC,KEN,85.0,10,313.48
INV000805,05-20-2025,P0308,manila dc,AUS,105.0,25,654.35
INV006210,2023-01-31,P0095,SINGAPORE DC,ita,31.0,20 ,1860.84
INV004566,2024-02-25,P0259,Manila_DC,BRA,81.0,20 ,230.93
INV002050,2023-05-01,P0135,Sydney DC,GBR,94.0,20,$20.57
INV001695,2024-06-24, P0060 ,Dubai DC,DEU,16.0,20,720.76
INV001129,2023/01/31,P0265,Dubai Warehouse,USA,388.0,20,NULL
INV005921,26/01/2024,P0078,Dallas DC,THA,224.0,25,$338.99
INV000279,2024-12-21,P0307,Dallas DC,USA,56.0,50 units,$754.66
INV002039,2024-07-24,P0337,Sydney DC,USA,38.0,NULL,$634.78
INV006268,2024-08-23,P0174,Frankfurt Warehouse,USA,49.0,20,215.95
INV001554,2024-01-26,P0453,Dallas Warehouse,IRL,110.0,20,1512.26
INV007672,2023-05-31,P0069, Sydney DC,IND,107.0,50,$166.99
INV007171,2023-08-29,P0232,Manila DC,MEX,45.0,10,109.54
INV002010,2023-04-01,P0451,Dubai DC,DEU,87.0,50,271.84
INV005756,12-21-2024,P0234,Dallas DC,deu,65.0,NULL,819.95
INV005698,"May 25, 2024",P0191,Manila DC,MEX,129.0,20 ,$54.17
INV007453,"Nov 16, 2025",P0346,DUBAI DC,BGD,129.0,20 ,NULL
INV006892,2023-01-01,P0469,Sydney DC,SWE,75.0,50 units,811.02
INV007103,2024-12-21,P0448,Dallas DC,ITA,86.0,25,$196.16
INV003473,2024-04-25,P0228, Sydney DC,GRC,101.0,25,143.79
INV001829,2023-01-31,P0457,Frankfurt DC,ARG,138.0,20,80.12
INV006741,2023-09-28,P0202,Frankfurt DC,KOR,20.0,50 units,532.73
INV000815,06-19-2025,p0280,Sydney DC,ita,55.0,10,336.14
INV001873,2025-05-20,P0003,Sydney DC,EGY,77.0,20,517.78
INV000995,04-01-2023,P0457,Sydney DC,USA,82.0,25,80.12
INV006533,"Aug 29, 2023",P0274,Manila DC,ITA,43.0,50,744.08
INV003060,"Aug 23, 2024",P0324,dallas dc,NGA,7.0,25,216.85
INV004068,05-01-2023,P0046,Sydney_DC,DEU,99.0,50 units,1078.86
INV001446,2023-08-29,P0139,Manila DC,CHN,125.0,25,383.11
INV006072,02/03/2023,P0224,Dubai Warehouse,MEX,223.0,10,141.71
INV007096,,P9652,Sydney_DC,USA,113.0,10,252.01
INV002215,2025-04-20,P0147,Dubai DC,BGD,119.0,20 ,769.31
INV003862,2024-07-24,P0014,Dallas DC,VNM,19.0,20 ,331.38
INV002047,2025-11-16,P0102,Manila DC,zaf,167.0,25,2178.97
INV003254,2023-01-31,P0063,Frankfurt DC,PHL,115.0,20 ,660.25
INV002933,"Jul 19, 2025",P0365,Manila DC,MAR,29.0,10,98.50
INV006073,2024-07-24,P0174,Sydney DC,JPN,70.0,50,215.95
INV006695,2023-09-28,P0292,Dubai DC,USA,10.0,50,249.83
INV006806,2023-07-30,P0219,dubai dc  ,UKR,97.0,10,228.15
INV001085,2025-11-16, P0241 ,Singapore  DC,POL,121.0,20 ,85.47
INV005547,2024-01-26,P0276,Singapore Warehouse,SGP,47.0,20 ,677.68
INV004316,08-18-2025,P0477,Dubai DC,TWN,55.0,20,703.10
INV007419,2023-05-01,P0076,Dubai DC,NULL,91.0,20 ,1500.98
INV006166,2024-08-23,p0470,Singapore Warehouse,aus,92.0,20 ,104.73
INV007149,2023-10-28,P0408, Dallas DC,TWN,29.0,,753.00
INV007155,06-24-2024,P0312,Singapore DC,SAU,119.0,25,1807.34
INV003290,2025-07-19,P0443,singapore dc,IND,93.0,20 ,275.54
INV007684,2025-08-18,P0449,Singapore Warehouse  ,VNM,34.0,10,1342.38
INV003998,2024-08-23,P0138,Dubai DC, DEU,112.0,20,385.32
INV003207,2025-09-17,P0298,Frankfurt DC,SAU,,20 ,132.31
INV003765,2024-03-26,P0044,Sydney_DC  ,IND,208.0,20 ,346.35
INV004353,2024-02-25,P0054,Frankfurt DC,POL,59.0,20 ,234.08
INV000851,2025-06-19,P0381,Singapore DC,ZAF,83.0,25,554.55
INV005375,2024-12-21,P0084,Dubai DC,CAN,75.0,25,1693.83
INV006331,2023-05-01,P0094,Dubai DC,kor,107.0,20 ,$321.40
INV006540,2024-12-21,P0449,Dubai DC, HKG,139.0,25,1342.38
INV002270,2024-04-25,P0413, Manila_DC,USA,,50 units,69.90
INV001250,2023-05-31,P0396,Frankfurt DC,,,20,65.57
INV007004,2023-01-31,P0173,Dubai Warehouse,CAN,88.0,25,147.36
INV004275,2024-01-26,P0015,Manila DC,MAR,92.0,50,299.01
INV006778,2025-07-19,P0180,Manila DC,ZAF,76.0,50,216.26
INV004108,2023-06-30,P0009,frankfurt dc,USA,103.0,10,1370.71
INV003291,2023-05-01,P0277,sydney dc,GBR,48.0,10,1102.84
INV003852,2024-11-21,P0131,Singapore_DC,NULL,143.0,25,315.08
INV004899,2025-11-16,P0272,Dubai DC,ITA,99.0,25,160.33
INV001705,30/06/2023,P0105,manila dc,USA,12.0,25,333.17
INV001685,2023-05-31,P0185,Singapore DC,PHL,170.0,10,159.37
INV003548,2023-07-30,P0342,Manila DC  ,NGA,36.0,20 ,45.41
INV005533,2023-01-01,P0215,Frankfurt DC,DEU,68.0,20 ,"$1,135.32"
INV007235,2025-11-16,P0203,Dallas DC,NOR,50.0,20,"$1,175.51"
INV001138,2024-04-25,P0130,Singapore DC,TUR,24.0,10,833.76
INV001379,10-28-2023,P0446,Manila DC, HKG,161.0,10,106.11
INV004221,01-01-2023,P9584,dubai dc,SGP,54.0,50,93.53
INV000632,25/05/2024,P0156,Singapore DC,PHL,176.0,10,190.53
INV006860,"Sep 17, 2025",P0138,Dallas DC,MEX,21.0,20 ,385.32
INV002936,2025-08-18,P0406,Sydney DC, ZAF,118.0,50 units,224.75
INV004984,2024-03-26,P0155,Dubai Warehouse,CAN,51.0,50,N/A
INV006146,05-20-2025, P0301 ,null,POL,58.0,25,327.68
INV007606,20/01/2025,P0362,Frankfurt DC,TUR,22.0,50,469.11
INV000806,2024-09-22,P0280,Sydney DC,BRA,119.0,25,336.14
INV004674,2025-09-17,P0267, Manila DC,BRA,44.0,10,1423.61
INV004892,2024-08-23,P0278,Frankfurt DC,VNM,7.0,50 units,237.33
INV001917,2024-06-24,P0123,Sydney DC  ,KEN,22.0,50,617.89
INV003079,2023-11-27,P0437,Manila DC,SGP,82.0,10,121.14
INV003446,"Mar 26, 2024",P0398,Manila DC,USA,94.0,50,378.76
INV004224,2025-05-20,P0323,Dubai_DC,PHL,-19.0,50,361.05
INV000737,2025-08-18,P0439,null,POL,73.0,20 ,$783.98
INV005992,2025-02-19,P0032, Frankfurt DC,,23.0,50 units,67.52
INV003877,2025-04-20,P0137,Sydney DC,GBR,151.0,20,1095.34
INV003685,2024-09-22,P0099,FRANKFURT DC,MEX,76.0,20,376.17
INV002023,2023-01-31,P0170,Dallas  DC,VNM,18.0,25,333.68
INV000161,2025-10-17,P0075,Frankfurt DC,CHN,35.0,20 ,$182.37
INV005163,01-01-2023,P0239,Manila DC,AUT,135.0,25,"$1,152.66"
INV000243,2023-06-30,P0195,Sydney DC,USA,27.0,20 ,616.31
INV000060,2023-09-28,P0082,Singapore_DC,chn,51.0,20,$80.04
INV004922,2025-07-19,P0069,Singapore DC,GBR,61.0,10,166.99
INV006473,2023-05-01,P0412,Singapore DC,TWN,33.0,50 units,$70.77
INV004240,2025-03-21,P0238,manila dc,CAN,135.0,25,161.79
INV002923,2023-01-01,P0306,Dallas DC  ,CAN,103.0,10,282.77
INV005166,2024-12-21,P0196, Singapore DC,IND,64.0,null,120.35
INV005786,05-25-2024,P0447,Frankfurt DC,BGD,57.0,20 ,358.93
INV000026,2023-01-31,P0329,Sydney DC,CAN,40.0,20 ,361.49
INV000422,2024-10-22,P0406,Manila DC,USA,34.0,50 units,224.75
INV005947,18/08/2025,P0416,Manila DC,PHL,84.0,50 units,1613.05
INV007484,2023-01-01,P0089,Manila_DC,PHL,237.0,50 units,800.59
INV006693,2024-02-25,P0263,Manila Warehouse,are,,50,N/A
INV002737,2024-08-23,P0344, frankfurt dc,PHL,9.0,25,332.94
INV006620,2024-06-24, P0345 ,Manila DC,ARE,128.0,25,$223.23
INV004886,2025-01-20,P0272,Manila DC,GBR,56.0,20,
INV006849,2025-04-20,P0109,Manila DC,KOR,27.0,10,$878.89
INV004961,30/06/2023,P0210,Sydney DC,TUR,117.0,50 units,166.60
INV004647,2023-05-31,P0051,Manila_DC,CAN,45.0,50 units,154.89
INV005189,2023-07-30,P9352,Manila DC,HKG,38.0,20,1730.87
INV001305,"Jan 26, 2024",P0263,Singapore DC,PAK,66.0,20,367.49
INV004702,28/09/2023,P0016,Dubai_DC,aus,30.0,25,1431.29
INV005203,2024-08-23,P9463,Dallas DC,CAN,-19.0,50,385.32
INV002831,2023-05-01,P0262,Dallas DC,ISR,42.0,50,181.62
INV002317,2025-03-21,P0271,Sydney DC,CHN,64.0,20 ,357.28
INV002700,2024-11-21,P0331,Dubai DC,ITA,44.0,10,647.08
INV006580,2023-06-30,P0467,Singapore DC,UKR,-2.0,20 ,147.20
INV007128,"Aug 29, 2023",P0082,Dallas Warehouse,IRL,82.0,20,80.04
INV000114,"Jan 26, 2024",P0114,Dubai DC  ,FRA,39.0,10,1572.30
INV001607,2023-04-01,P0016,Manila DC,UKR,76.0,50 units,1431.29
INV002024,"Jul 24, 2024",P0353,Manila DC,BGD,55.0,20,396.59
INV006237,2023-09-28,P0394,Manila DC,SAU,65.0,50,$96.35
INV004228,11-27-2023,P0410,NULL,ZAF,144.0,20 ,null
INV003540,2024-01-26,P0123,Manila DC,ind,35.0,20,617.89
INV004990,10-22-2024,P0375,SYDNEY DC,PRT,115.0,20 ,253.01
INV001759,2023-03-02,P0054,Dallas_DC,NLD,26.0,20 ,$234.08
INV004752,31/01/2023,P0193,Singapore DC,NULL,18.0,25,442.33
INV006728,"Aug 23, 2024",P0023,Manila DC,MYS,63.0,25,806.82
INV001828,2023-05-31,P0178,Frankfurt DC,,48.0,20,940.91
INV003348,2024-08-23,P0198,Dallas DC,THA,27.0,10,672.93
INV004613,2025-03-21,p0143,Manila DC,USA,174.0,50 units,1273.62
INV000291,2024-12-21,P0165,Frankfurt Warehouse,pol,163.0,20,1599.84
INV000288,2024-08-23,P0405,Frankfurt_DC,AUS,139.0,50 units,979.25
INV000170,2023-01-01,P0126,FRANKFURT DC,JPN,58.0,NULL,$678.62
INV001783,"Oct 17, 2025",P0370,Manila DC,ESP,37.0,20,$286.28
INV007447,"May 20, 2025",P0386,Dallas DC,CAN,69.0,10,$639.66
INV005424,2025-05-20, P0258 ,Singapore_DC,ukr,9.0,50,945.16
INV002874,2023-08-29,P0145, Dubai Warehouse,,12.0,20,290.68
INV002675,10-22-2024,P0442, Frankfurt DC,USA,191.0,25,186.37
INV002930,2024-02-25,P0028,Dallas DC  ,AUS,57.0,50,NULL
INV003587,2023-01-31,P0188,Dubai  DC,MEX,102.0,20,640.49
INV004014,10-17-2025,P0052,Dubai DC,JPN,25.0,50 units,150.88
INV000966,2025-09-17,P0023,Manila Warehouse,CHE,81.0,20 ,806.82
INV006623,2025-03-21,P0446,Manila DC,kor,77.0,10,106.11
INV005356,2023-07-30,P0221, Sydney DC,ESP,152.0,50,497.92
INV006630,11-27-2023,P0031,Singapore DC,TWN,27.0,50 units,366.93
INV003701,2025-02-19,P0092,Manila DC,USA,12.0,50,234.17
INV003659,2024-01-26,P0245,Frankfurt DC, CHN,106.0,20,520.27
INV005472,2025-07-19,P0367,Sydney DC,POL,50.0,50,$160.24
INV000688,2025-04-20,P0283,Singapore DC,IND,87.0,10,$409.25
INV002661,2024-06-24, P0450 ,frankfurt dc, CHL,38.0,50,184.31
INV001621,"Apr 01, 2023",P0110,Singapore DC,AUS,97.0,20 ,$600.07
INV001730,"Jul 24, 2024",P0272,FRANKFURT DC,USA,68.0,10,160.33
INV003147,2025-08-18,P0448,frankfurt dc,CHN,62.0,50 units,196.16
INV007088,2024-05-25,P0183,Dallas DC,ISR,100.0,25,248.45
INV003787,2023-06-30,P0324,Dubai DC,JPN,72.0,10,$216.85
INV006841,2025-10-17,P0034,Frankfurt Warehouse  ,BRA,66.0,50 units,84.58
INV007300,2023-08-29,P0315,Sydney DC  ,USA,185.0,10,684.48
INV005835,2024-10-22,P0351,Dallas DC,SGP,294.0,50 units,343.53
INV002405,"Aug 29, 2023",P0065,Frankfurt DC,USA,25.0,50 units,275.70
INV006064,05-20-2025,P0362,Manila_DC,sau,38.0,50 units,
INV004981,2023-08-29,P0057,Sydney DC  ,NULL,55.0,20 ,$583.38
INV001751,"May 20, 2025",P0130,Frankfurt DC,ISR,13.0,50,833.76
INV004715,2023-06-30,P0083,Manila DC,AUS,25.0,25,439.01
INV005572,2024-08-23,P0336,Sydney DC,ZAF,69.0,50 units,180.18
INV002361,2024/02/25,P0295,Singapore DC,ESP,,50,946.64
INV000731,2025-11-16,P0459,Sydney DC,USA,72.0,50,232.90
INV006896,2025-11-16,P0249,Dallas DC,bra,59.0,20 ,58.66
INV004278,2023-12-27,P0391,Dubai DC,GBR,120.0,10,$334.44
INV005165,2025-04-20,P0106,DALLAS DC,USA,25.0,10,$140.18
INV002691,2025-08-18,P0271,Dallas DC,CAN,193.0,50,357.28
INV006796,2025-06-19,P0320,Dallas DC,CAN,34.0,25,355.65
INV002719,2023-09-28,P0230,Singapore DC,TWN,145.0,50,537.83
INV005341,2023-06-30,P0108,Dallas DC  ,GBR,68.0,20 ,324.47
INV002048,2025-01-20,P0432,Dubai  DC,SAU,42.0,20,863.37
INV002702,2024/09/22,P0239,Manila DC,USA,94.0,25,"$1,152.66"
INV000692,2024-12-21,P0139,Manila_DC,CAN,107.0,50 units,383.11
INV003230,2025-06-19,p0437,Singapore_DC,IND,149.0,20,121.14
INV004037,2025-04-20,P0107,MANILA DC,CAN,10.0,20,353.21
INV005396,2023-10-28,P0362,Singapore  DC,DEU,63.0,25,469.11
INV004862,2023-09-28,p0050,Dallas DC,NULL,173.0,50 units,$130.96
INV004925,2025-11-16,P0392,SINGAPORE DC,CAN,60.0,20 ,$788.36
INV002133,2025-03-21,P0184,Frankfurt DC,USA,50.0,10,1643.13
INV004890,2024-01-26,P0425,Dubai DC,IND,91.0,20,385.09
INV000964,02-19-2025,P0416,Dubai DC,phl,83.0,10,NULL
INV005567,"Apr 20, 2025",P0330,Singapore DC,CHN,56.0,50 units,203.65
INV004707,2024-04-25,P0276,Dubai DC,GBR,65.0,50 units,677.68
INV003927,2025-04-20,P0234,singapore dc  ,CHN,31.0,50,$819.95
INV006787,2025-09-17,P0383,Dubai Warehouse,CHN,71.0,10,1881.86
INV003847,2024-10-22,P0119,DUBAI DC,USA,35.0,20 ,$799.93
INV000054,20/05/2025,P0203,Manila DC, BRA,8.0,20 ,1175.51
INV007070,2023/12/27,P0311,FRANKFURT  DC,USA,108.0,20 ,556.63
INV003690,2025/05/20,P0442,Manila DC,IND,70.0,10,186.37
INV007724,2025-07-19,P0444,Sydney Warehouse,CHN,19.0,NULL,86.60
INV005059,2024-08-23,P0282,dubai dc,deu,113.0,25,363.15
INV002743,25/05/2024,P0021,Sydney DC,PAK,,20 ,286.52
INV001297,2024-03-26,P0338,MANILA DC,DNK,101.0,10,1282.83
INV002957,2024-04-25,P0064,dallas dc,PHL,158.0,20,287.78
INV003497,01-01-2023,P0134,Dallas DC,GBR,124.0,25,"$1,526.45"
INV006518,06-30-2023,P0037,Dallas DC,JPN,66.0,50 units,$235.52
INV006917,2023-05-31,P0460,dubai dc,hkg,127.0,10,29.99
INV006582,01/01/2023,P0157,Dubai DC,AUS,46.0,50,428.62
INV004076,2024-10-22,p0064,Manila DC  ,USA,77.0,10,287.78
INV004189,2023-01-31,P0476,Dallas_DC,DNK,28.0,50,1318.12
INV000441,2025-06-19,P0464,Dallas Warehouse,gbr,56.0,20 ,584.53
INV001116,"Mar 21, 2025",P0466,Singapore DC,ita,31.0,50 units,965.94
INV004985,24/06/2024,P0357,Sydney Warehouse,RUS,42.0,25,252.01
INV006638,2023-06-30,P0378,Frankfurt DC,PRT,76.0,25,119.14
INV000880,,P0031,Sydney DC,ITA,155.0,10,366.93
INV004468,2024-12-21,P0196,Manila DC,HKG,46.0,25,120.35
INV000555,10-17-2025,P0303,  Sydney DC ,IND,141.0,25,614.16
INV007492,04-01-2023,P0180,Frankfurt Warehouse,NLD,,20,216.26
INV004799,2024-03-26,P0075,Manila DC,ZAF,74.0,50 units,182.37
INV004625,2023-11-27,P0126,Singapore  DC,ITA,32.0,20 ,678.62
INV002156,2023-10-28,P0118,Manila DC,USA,65.0,50,$169.30
INV002419,"Nov 27, 2023",P0338,Manila DC,chn,49.0,50,"$1,282.83"
INV004130,2025-05-20,P0147,Frankfurt Warehouse,DEU,27.0,50 units,$769.31
INV001235,04-20-2025, P0109 ,sydney dc,KOR,125.0,25,878.89
INV002482,21/03/2025,P0398,Manila DC,AUT,82.0,10,null
INV002000,2024-02-25,p0456,Sydney DC,,121.0,50,$302.99
INV002263,28/09/2023,P0243,Sydney DC,MEX,23.0,10,179.19
INV006125,2024-04-25,P0313,manila dc,ARE,57.0,25,"$1,008.89"
INV006185,27/11/2023,P0322,Sydney DC,ITA,-16.0,50 units,N/A
INV002451,2024-09-22,P0322,Sydney DC,ken,9.0,50 units,109.08
INV003101,2023-08-29,P0206,DALLAS DC,AUS,79.0,25,281.59
INV004805,2023-05-01,P0270,Dubai DC,CHN,157.0,50 units,275.84
INV002428,,P0425,Dubai DC,BRA,8.0,50,385.09
INV006356,2023-08-29,P0274,Singapore Warehouse,GBR,29.0,50 units,744.08
INV002579,2024-08-23,P0006,Singapore DC,FRA,54.0,10,507.59
INV005022,31/05/2023,P0202,Dubai_DC,,37.0,10,532.73
INV001176,2025-11-16,P0427, Dubai DC,CHN,70.0,25,169.17
INV007170,2024-01-26,P0149,Singapore DC,SWE,179.0,10,235.24
INV005887,28/10/2023,P0020,singapore dc,DNK,33.0,10,264.27
INV003456,NULL,P0182,Manila DC,TUR,46.0,10,148.98
INV007710,2024-10-22,P0368,Manila DC,fra,192.0,50,523.59
INV001223,2024-01-26,P0305,dallas dc  ,USA,39.0,50,465.44
INV005694,17/09/2025,P0464, dallas dc,ITA,44.0,25,
INV002176,2024-04-25,P0338,Dubai DC,PRT,106.0,20 ,1282.83
INV001550,,P0216,Frankfurt DC,CAN,29.0,20,225.21
INV003596,2023-12-27,P0260,Dallas DC,USA,25.0,20,135.64
INV000999,2025-11-16,P0309,Sydney DC  ,GHA,66.0,50 units,277.16
INV000554,17/10/2025,P0250,Frankfurt DC,NZL,151.0,25,460.88
INV003251,07-24-2024,P0316,Dubai Warehouse,NZL,111.0,20,348.67
INV001738,,P0146,Manila DC,PHL,138.0,10,321.68
INV006753,30/06/2023,P0112,Dallas DC,CHN,83.0,25,239.40
INV003459,2025/10/17,P0332,FRANKFURT DC,NLD,105.0,25,1529.57
INV005582,2023-01-01,P0460,Manila DC,VNM,56.0,50,29.99
INV005110,2025-11-16,P0213,Singapore DC, BRA,208.0,20 ,667.20
INV006802,2024-01-26,P0245,Sydney DC,,,50 units,520.27
INV003862,2024-07-24,P0014,Dallas DC,VNM,19.0,20 ,331.38
INV004102,26/03/2024,P0310,NULL,aus,153.0,10,543.12
INV000300,"Jan 31, 2023",P9405,MANILA DC,FRA,81.0,10,1464.89
INV002548,2023-01-01,P0242,Dubai DC  ,AUS,-11.0,20 ,31.06
INV005551,2025-01-20,P0152,DUBAI DC,,71.0,50 units,$373.91
INV002327,2023-01-31,P0228,Sydney Warehouse,ITA,38.0,20 ,$143.79
INV007323,"Oct 17, 2025",P0014,Dubai DC,IND,197.0,20,$331.38
INV005997,2024-05-25,P0198,N/A,USA,,25,672.93
INV004645,27/11/2023,P0223,SINGAPORE DC,AUS,62.0,20,291.25
INV004039,2023-05-31,P0080,Singapore DC,AUS,25.0,20 ,$208.69
INV003324,2024-03-26,P0260,Frankfurt DC,MEX,197.0,50 units,135.64
INV007139,2023-01-01,P0307, Singapore DC,twn,164.0,null,$754.66
INV001739,2025-02-19,P0010,dallas  dc,KEN,104.0,N/A,362.45
INV003138,2023-10-28,P0114,  Dubai DC ,CHN,39.0,25,1572.30
INV004944,2023-11-27,P0189,dubai dc,IND,172.0,20 ,118.94
INV004398,2025-07-19,P0159,Dubai DC,ARE,,25,201.99
INV001577,2023-11-27,P0331,Singapore DC,DEU,116.0,20,647.08
INV002054,17/09/2025,P0414,Dubai DC,EGY,191.0,25,313.48
INV006363,2024/08/23,P0327,Manila DC  , FRA,15.0,20,124.47
INV004055,2024-09-22,P0366,Manila_DC,chn,46.0,20,305.37
INV005809,2025-02-19,P0138,Dallas Warehouse,UKR,90.0,20 ,385.32
INV002207,"Apr 25, 2024",P0062, SINGAPORE DC,GBR,248.0,25,51.02
INV000032,2025-02-19,P0197,Sydney DC,egy,,50,488.47
INV002406,"May 25, 2024",P0005,Dubai Warehouse,pol,83.0,50,206.85
INV003219,2025-05-20,P0284,Dubai DC,ZAF,22.0,50,1835.64
INV003661,28/09/2023,p0398,Frankfurt DC,CAN,33.0,25,378.76
INV006479,2023-01-01,P0121,Frankfurt Warehouse,usa,89.0,20 ,386.62
INV007227,2024/09/22,P0409,Singapore DC,USA,58.0,50 units,$701.25
INV007835,2023-05-31,P0214,Singapore DC,ind,17.0,50 units,353.01
INV007538,2023-07-30,P0358,Singapore Warehouse, MEX,19.0,20 ,NULL
INV007619,2023/10/28,P0178,Frankfurt DC,ARE,130.0,20,940.91
INV003792,2024-06-24,P0225,MANILA DC,COL,63.0,50 units,$413.07
INV006014,31/05/2023,P0146,Sydney Warehouse,CHL,106.0,25,321.68
INV007029,2025-06-19,P0457,Sydney  DC,BRA,76.0,50 units,NULL
INV000483,2023-05-01,P0351,FRANKFURT DC,esp,29.0,20,343.53
INV000146,2023-01-31,P0408,Manila_DC,ARE,114.0,10,753.00
INV006599,2023-05-01,P0391,Singapore DC,NLD,54.0,50 units,334.44
INV000375,2023-11-27,P0176,Dubai Warehouse,SGP,61.0,20,374.00
INV004861,2024-06-24,P0470,DALLAS DC,IND,-28.0,50 units,
INV006970,01/04/2023,P0375,Manila DC,BRA,77.0,25,$253.01
INV004150,2024-12-21,P0471,Frankfurt DC,esp,44.0,50 units,124.22
INV001372,2023-12-27,P0466,sydney dc,NULL,47.0,20,965.94
INV001680,2023-09-28,P0314,SINGAPORE DC,GBR,37.0,10,$183.07
INV005276,2023-10-28,P0325,Dubai DC,kor,89.0,50 units,64.79
INV001686,01/05/2023,P0471,Manila DC,esp,17.0,20,124.22
INV002128,10-17-2025,P0206,Manila DC,mar,9.0,25,281.59
INV004989,2024-12-21, P0448 ,Dallas DC,EGY,169.0,20,196.16
INV007636,08-29-2023,P0125,Sydney DC,sgp,75.0,20 ,275.50
INV006420,"Jan 01, 2023",P0272,Frankfurt_DC,AUS,156.0,50 units,$160.33
INV006183,2024-01-26,P0237, dubai dc,BGD,119.0,20,1085.44
INV005634,19/07/2025,P0453,Singapore DC,FRA,46.0,10,1512.26
INV001771,NULL,P0317,Sydney DC,ESP,140.0,20,1558.47
INV005531,2024-01-26,P0167,DUBAI DC,IND,34.0,25,690.29
INV003535,"Mar 02, 2023",P0269,Frankfurt Warehouse,KEN,36.0,25,394.90
INV003159,2024-11-21,P0261,Singapore_DC,jpn,125.0,10,$353.51
INV003247,2024-02-25,P0072,Manila DC  ,IDN,127.0,10,63.48
INV003394,21/03/2025,P0056,SINGAPORE DC  ,USA,202.0,25,$529.55
INV003612,2025-10-17,P0215,Singapore DC  ,pol,13.0,10,1135.32
INV006634,2023-11-27,P0043,Dubai DC,DEU,34.0,20 ,$226.16
INV006193,03-26-2024,P0414,Frankfurt DC,CAN,73.0,20 ,313.48
INV006821,25/05/2024,P0397,Dubai DC,PRT,44.0,50,$314.52
INV000902,19/02/2025,P0098,Singapore DC,KOR,35.0,50 units,208.44
INV006290,2024-07-24,P0443,NULL,ARE,84.0,10,275.54
INV006452,18/08/2025,P0363,DUBAI DC,MAR,40.0,25,620.30
INV003356,2024-09-22,P0357,Manila DC,USA,43.0,20,$252.01
INV003476,2025-05-20,P0136,Dallas DC,DNK,117.0,50,$124.40
INV006196,2024-06-24,P0462,SYDNEY DC,CHN,224.0,50,567.16
INV002988,17/10/2025,P0459,NULL,USA,44.0,20 ,$232.90
INV006894,2025-03-21,P0202,Dallas DC,MEX,106.0,10,532.73
INV000455,2024-01-26,P0052,singapore dc, DEU,63.0,50,150.88
INV004404,2023-03-02,P0147,Manila Warehouse  ,PAK,41.0,25,769.31
INV002779,2025-03-21,P0027,  Singapore DC ,IDN,95.0,20 ,46.93
INV006928,2023-09-28,P0339,Sydney DC,BRA,68.0,50,1349.99
INV004165,2024-10-22,P0200,Sydney DC,MEX,27.0,10,508.90
INV006293,2025-07-19,P0370,Manila DC,MYS,126.0,10,286.28
INV004673,2024-10-22,P0184,FRANKFURT DC,DEU,134.0,10,1643.13
INV003407,2025-03-21,P0383,Dallas DC,IRL,20.0,50,1881.86
INV006118,2023-01-01,P0120,Dubai DC  ,NLD,14.0,20 ,344.85
INV001599,2023-11-27,P0300, Dubai_DC,mex,35.0,10,242.73
INV000801,2025-07-19,P0320,Frankfurt DC,KEN,122.0,50 units,355.65
INV006644,2024-09-22,p0097,Dubai DC,JPN,41.0,20,546.06
INV000051,2023-05-31,P0281,Dallas_DC,GBR,27.0,25,421.79
INV003010,2023-09-28,P0203,Sydney DC,DEU,68.0,20 ,1175.51
INV005574,2024-01-26,P0161,Sydney Warehouse, HKG,192.0,50 units,$651.95
INV007589,"Sep 17, 2025",P0117,FRANKFURT DC,chl,90.0,25,460.72
INV002687,2024-10-22,P0208,Dallas DC,USA,1.0,50 units,877.53
INV003186,2023-05-01,P0418,Frankfurt DC,FRA,36.0,50 units,59.53
INV002503,2024-12-21,P0220,Dallas DC,DEU,-7.0,10,$153.59
INV007062,2025-10-17,P0333,Sydney DC,COL,159.0,50 units,588.69
INV003120,01/04/2023,P0456,Frankfurt DC,DEU,29.0,20 ,302.99
INV004513,2025-01-20,P0083,DALLAS DC,GHA,273.0,20,$439.01
INV002026,2025-06-19,P0360,Singapore DC  ,esp,64.0,50 units,1572.12
INV004378,2024/09/22,P0347,Dubai DC,CAN,97.0,20,405.34
INV003602,2025-01-20,P9271,Dubai  DC,ITA,197.0,10,1152.66
INV003699,30/06/2023,P0431,dubai dc,IND,110.0,50 units,$52.60
INV001471,2025-02-19,P0323,Frankfurt DC,BRA,148.0,50,361.05
INV005520,2023-11-27,P0128,MANILA DC,ITA,32.0,20 ,1658.67
INV006658,"Jul 30, 2023",P0450, Manila_DC,VNM,37.0,20 ,184.31
INV000073,2023-05-31,P0427,Sydney DC,USA,59.0,50,169.17
INV007377,2024-09-22,P0299,Singapore DC,che,49.0,20,358.99
INV000492,09-22-2024,P0195,Manila Warehouse,KOR,114.0,50 units,$616.31
INV006715,2023-06-30,P0131,Sydney DC,SWE,102.0,50 units,315.08
INV003113,2024-10-22,P0402,Dubai DC,gbr,52.0,50 units,223.17
INV004568,2024-08-23,P0175,Dubai DC,usa,69.0,NULL,297.28
INV001159,2024-11-21,P0173,Frankfurt DC,BRA,48.0,50,147.36
INV000322,2025-03-21,P0237,Sydney DC,mys,13.0,25,1085.44
INV005601,2023-09-28,P0400,Sydney DC,USA,109.0,20,476.94
INV003307,2025-01-20,P0254,Dallas DC,DEU,95.0,20,302.07
INV003958,2025-09-17,P0436,Dubai DC,THA,26.0,20,383.56
INV005021,01-26-2024,P0428,dubai dc,USA,37.0,20 ,$830.75
INV007346,2024/12/21,P0253,Dubai_DC,VNM,24.0,20 ,125.30
INV005204,2025-04-20,P0389,frankfurt dc,VNM,88.0,50,80.58
INV005839,2023-01-01,P0199,Dallas DC,GBR,25.0,20 ,210.86
INV002016,2025-07-19,P0245,Manila DC,KOR,19.0,25,520.27
INV002656,2023-10-28,P0110,Sydney Warehouse,aus,7.0,25,600.07
INV005674,2023-07-30,P0138,Singapore DC,IND,180.0,20,
INV007405,2024-08-23,P0342,Manila DC,AUS,23.0,20,45.41
INV003069,2024-03-26,P0366,Dallas DC,ZAF,18.0,25,$305.37
INV003068,2024-03-26,P0009,SINGAPORE DC,CHN,38.0,50,1370.71
INV004569,2025-04-20,P0366,Sydney DC,CAN,20.0,25,305.37
INV002546,2025-06-19,P0331,Dubai DC,ZAF,128.0,25,647.08
INV007130,2023-04-01,P0315,Sydney DC,CHN,19.0,20 ,684.48
INV006057,2023-05-01,P0453,Dallas DC,ISR,169.0,50 units,1512.26
INV000538,2023-07-30, P0311 ,Frankfurt DC,fra,41.0,25,556.63
INV002707,2025-11-16,P0303,sydney dc,KEN,74.0,25,614.16
INV005269,2025-02-19,P0283,Frankfurt DC,USA,67.0,50,409.25
INV002947,2025-01-20,P0214,Dallas DC,USA,12.0,NULL,353.01
INV002097,2025/09/17,P0338,Singapore DC,AUS,15.0,20 ,"$1,282.83"
INV000181,25/05/2024,P0352,Singapore Warehouse,USA,84.0,20 ,176.94
INV005118,2023-03-02,P0087,manila dc,CAN,21.0,25,573.99
INV006416,2024-06-24,P0197,Sydney Warehouse,JPN,42.0,10,488.47
INV002809,2025-03-21,P0194,Singapore DC,FRA,47.0,20,292.89
INV002535,2025-08-18,P0123,Dallas_DC,MEX,-7.0,50 units,617.89
INV005072,2025-10-17,P0032,Manila_DC,GRC,97.0,20,67.52
INV005344,2024-05-25,P0140,Manila DC  ,SAU,97.0,50,249.94
INV001766,2025-09-17,P0132,Sydney_DC,CAN,29.0,25,239.74
INV003569,,P0155,Dallas DC,PAK,45.0,20 ,352.91
INV004942,2025-02-19,P0397,  dubai dc ,FRA,94.0,50,314.52
INV007129,2024-09-22,P0306, Dallas_DC,AUS,68.0,25,282.77
INV002158,2025-02-19,P0426,Singapore DC,THA,19.0,50 units,1094.68
INV006167,10-17-2025,P0365,Sydney Warehouse, IND,17.0,50,$98.50
INV003867,2024-07-24, P0421 ,Manila DC  ,PHL,45.0,50,95.44
INV000675,2024-08-23,P0024,Manila DC,nld,142.0,20 ,541.27
INV001293,2025/06/19,P0424,Frankfurt_DC,GHA,88.0,50 units,295.04
INV004182,2023-07-30,P0324,Sydney Warehouse,CHN,195.0,20 ,216.85
INV005283,"Jan 26, 2024",P0098,Sydney DC,,165.0,20 ,208.44
INV007119,2025-01-20,p0080, Dubai DC,CAN,125.0,50 units,208.69
INV005845,2023-01-01,P0149,  Sydney DC ,AUS,100.0,20,235.24
INV002724,2025-05-20,P0115, Dubai_DC,ARG,81.0,25,1730.87
INV007423,2025-04-20,P0324,Manila DC,USA,42.0,25,216.85
INV001279,2023-10-28,P0246,  Manila DC ,GHA,33.0,20,241.09
INV006238,19/06/2025,P0402,Manila DC,CHN,91.0,50 units,223.17
INV001731,12-27-2023,P0466,Dallas DC,UKR,9.0,25,965.94
INV000465,2025-10-17,P0234,Dallas DC  ,GBR,168.0,25,819.95
INV004926,2024-07-24,P0270,Frankfurt DC,USA,16.0,,275.84
INV007097,"Oct 28, 2023",P0472,Dubai DC,AUS,119.0,50 units,205.84
INV000905,2023-12-27,P0342,Sydney DC,POL,37.0,20,45.41
INV000172,2025-07-19,P0431,,NOR,91.0,10,
INV006043,29/08/2023,P0318,Sydney DC,GBR,84.0,10,1002.24
INV006811,10-28-2023,P0005,Singapore DC, CHN,64.0,NULL,206.85
INV002910,2025-07-19,P0452,Singapore DC,TUR,13.0,50,162.81
INV007007,2025-11-16,P0389,Singapore DC,GBR,7.0,50 units,$80.58
INV000717,2023-10-28,P0253,FRANKFURT DC,SGP,89.0,20,125.30
INV002247,2025-08-18,P0216,Singapore DC,ESP,98.0,50 units,$225.21
INV002243,20/05/2025,P0166, Frankfurt DC,EGY,70.0,20 ,1551.16
INV005880,2024-09-22,P0072,frankfurt dc,USA,35.0,10,63.48
INV007386,2023-01-01,P0435,Dallas DC,ARE,87.0,20 ,780.15
INV004773,02/03/2023,P0357,Singapore DC,NLD,83.0,20,252.01
INV003823,2023-06-30,P0376,Dubai_DC,CHN,73.0,25,415.01
INV004347,2025-06-19,P0468,FRANKFURT DC,CHE,17.0,25,182.15
INV001615,2023-03-02,P0172, Frankfurt DC,USA,21.0,50,1137.31
INV002883,2025-02-19,P0413,Dubai DC,,17.0,20,69.90
INV000158,2023-07-30,P0215,Singapore DC,USA,9.0,50 units,1135.32
INV004515,"Oct 28, 2023",P0116,SINGAPORE DC,PHL,353.0,20 ,170.55
INV003345,2024-11-21,P0218,Dubai Warehouse,NGA,64.0,50,"$1,050.16"
INV004718,09-28-2023,P0425,Dubai DC,USA,164.0,25,385.09
INV005670,2023-04-01,P0348, Dallas DC,USA,31.0,25,$114.39
INV001269,2025-03-21,P0219,Dallas_DC,VNM,38.0,20,228.15
INV005496,2023-01-31,P0281,Manila DC,GBR,41.0,20,421.79
INV001483,"Nov 21, 2024",P0027,Manila DC,CAN,54.0,20 ,$46.93
INV005899,25/02/2024,P0312,FRANKFURT DC,KEN,93.0,50,1807.34
INV001861,2025-01-20,P0279,Frankfurt DC,IND,6.0,50 units,"$1,042.70"
INV001604,2024-08-23,P0420,Frankfurt_DC,USA,18.0,50,272.48
INV004536,2024-09-22,P0148,Singapore DC,ukr,58.0,25,1458.45
INV003762,17/09/2025,P0296,Sydney Warehouse,USA,,50,$218.07
INV007269,2023-07-30, P0294 ,Frankfurt DC,GRC,,50 units,290.11
INV000366,2023-10-28,P0160,Singapore DC,aus,229.0,10,356.16
INV000180,2023-06-30,P0005,dubai dc,PRT,47.0,25,$206.85
INV005815,2024-01-26,P0107,Dubai_DC,FRA,127.0,25,353.21
INV005699,2023-05-31,P0240,Dallas Warehouse,ESP,71.0,50 units,337.12
INV007748,2025-01-20,P0295,Singapore DC,PHL,42.0,50 units,946.64
INV005391,2023-08-29,P0107,SINGAPORE DC,NLD,24.0,20,353.21
INV001188,2025-02-19,P0003,Dallas DC,GHA,20.0,25,$517.78
INV002242,2024-04-25,P0297,DUBAI DC,BRA,7.0,25,461.52
INV005241,2024-11-21,P0297,  Singapore DC ,ESP,45.0,50 units,$461.52
INV003339,2024-08-23,P0189,frankfurt dc,ITA,75.0,50 units,118.94
INV006357,2024/09/22,P0140,sydney dc,DEU,117.0,10,249.94
INV006694,2024-09-22,P0318,Sydney DC,GBR,43.0,25,"$1,002.24"
INV004691,2025-03-21,P0087,Dubai DC,DNK,36.0,50 units,$573.99
INV006355,2023-04-01,P0093,Dallas  DC,NLD,92.0,20 ,219.16
INV006666,2024-04-25,P0304,Dallas_DC,KOR,45.0,20,888.37
INV006758,2025/04/20, P0152 ,dubai dc,EGY,41.0,50,373.91
INV002205,2025-04-20,P0209,SINGAPORE DC,bra,99.0,20,34.39
INV004043,2025-11-16,P0003,Frankfurt Warehouse,USA,122.0,20 ,517.78
INV005062,2025-03-21,P0109,Singapore DC,CAN,38.0,50,878.89
INV004137,2025/06/19,P0118,Dubai DC,DEU,50.0,50,169.30
INV006250,25/02/2024, P0312 ,manila dc,IDN,12.0,20 ,1807.34
INV004863,2023-04-01,P0153,Manila DC,idn,285.0,20 ,377.27
INV002203,28/09/2023,P0412,Dallas DC,ITA,-22.0,50 units,70.77
INV005900,2024-09-22,P0394,Sydney DC,CHN,12.0,10,$96.35
INV004302,2025-05-20,P0157,Singapore DC,ind,31.0,10,428.62
INV004947,17/09/2025,P0356, Frankfurt DC,PAK,60.0,20 ,$437.24
INV002233,2024-04-25,P0234,Dallas DC,BRA,17.0,50,$819.95
INV006405,2023-03-02,P0075,FRANKFURT DC,ARE,50.0,20,182.37
INV002034,01/04/2023,P0253, Manila DC,CHL,,10,125.30
INV002785,2023-01-01,P0053,Dubai DC,ITA,284.0,50 units,71.16
INV002201,2024-06-24, P0397 ,Frankfurt DC,CAN,41.0,20,314.52
INV002857,2024-10-22,P0308,Dallas DC,USA,37.0,,$654.35
INV002896,01/01/2023,P0028,sydney dc,IND,141.0,20,1533.09
INV001755,2025-02-19,P0417,SYDNEY  DC,JPN,177.0,25,1542.72
INV006844,2023-11-27,P0175,Frankfurt DC,NULL,71.0,50 units,297.28
INV000125,2023-11-27,P0422,Manila DC,USA,29.0,20 ,669.35
INV003701,2025-02-19,P0092,Manila DC,USA,12.0,50,234.17
INV001066,04-25-2024,P0075,null,SAU,45.0,20,182.37
INV005641,30/06/2023,P0193,Manila DC,FRA,97.0,10,442.33
INV004903,2025-09-17,P0342,Dallas DC,SAU,42.0,10,45.41
INV001232,2023-05-01,P0399,Sydney Warehouse,GBR,169.0,20,
INV001020,2024-02-25,P0186,Frankfurt DC,AUS,36.0,50 units,346.78
INV004011,2024-02-25,P0435,Manila DC,MAR,8.0,20,$780.15
INV000707,2023-04-01,P0315,Dallas_DC, IND,47.0,50 units,684.48
INV005095,2023-05-31,P0293,frankfurt dc,ARE,91.0,25,1874.55
INV002652,30/07/2023,P0181,DUBAI DC,IND,221.0,10,448.40
INV003341,2023-05-31,P0272,Dubai_DC,BRA,71.0,50,160.33
INV005907,2024-12-21,P0095,Dallas DC,SAU,19.0,25,1860.84
INV007707,2023-06-30,P0449,,tha,98.0,20,
INV007368,2023-04-01,P0405,Sydney DC,MEX,85.0,50 units,979.25
INV002742,2023-01-31,P0404,,POL,43.0,20 ,"$1,036.52"
INV000111,2024-06-24,P0389,Dallas DC,USA,134.0,50 units,80.58
INV005816,19/02/2025,P0035,Singapore DC,USA,46.0,25,$153.63
INV006261,2024-08-23,P0452,Dubai DC,ITA,39.0,20,162.81
INV007250,2024-04-25,P0051,Singapore DC,NLD,107.0,20 ,154.89
INV003780,2025-08-18,P0256,Dallas_DC,USA,17.0,50,266.93
INV005074,2023-06-30,P0084,Frankfurt Warehouse, DEU,90.0,50,1693.83
INV002238,2025-02-19,P0070,Sydney DC,MYS,185.0,50 units,250.81
INV004574,2023-12-27,P0230,Sydney Warehouse,grc,153.0,25,$537.83
INV004252,2025-04-20,P0461,Frankfurt DC,NZL,16.0,20 ,163.23
INV001065,2025-05-20,P0043,Sydney Warehouse,KEN,39.0,25,226.16
INV000883,2023-12-27,P0302,Frankfurt DC,ISR,150.0,50,$242.70
INV000307,2025-09-17,P0240,FRANKFURT DC,GBR,,20,337.12
INV003078,2024-04-25,P0410,Sydney DC,ITA,69.0,20,475.18
INV006538,2025-03-21,P0466,MANILA DC,CHN,23.0,50 units,965.94
INV002245,12-27-2023,P0219,Singapore DC,DEU,27.0,20 ,228.15
INV001145,"Jan 26, 2024",P0067,Manila_DC,irl,43.0,50,$468.83
INV007123,05-31-2023,P0117,Singapore DC,GBR,,20 ,460.72
INV004476,2023-10-28,P0055,Singapore DC, KEN,17.0,25,1169.71
INV003948,2024/08/23,P0300,Singapore DC,MYS,,50 units,242.73
INV004040,2024-05-25,P0040,Dallas Warehouse, DEU,224.0,20,1140.69
INV006079,NULL,P0462,Singapore DC,SGP,51.0,null,567.16
INV005378,26/01/2024,P0148,Sydney_DC,COL,,20,1458.45
INV006307,2024-06-24,P0108,Sydney DC,IND,165.0,20 ,324.47
INV000992,2024-10-22,P0348,Dallas DC,ARG,21.0,10,114.39
INV002430,2025-04-20,P0321,SYDNEY DC,GBR,,25,207.69
INV005485,2024-10-22,P0245,Frankfurt DC, FRA,-3.0,20 ,$520.27
INV003203,02/03/2023, P0384 ,Dubai DC,deu,79.0,20 ,N/A
INV004368,2023-04-01,P0137,Frankfurt DC,KOR,50.0,25,1095.34
INV002909,02-19-2025, P0152 , Dubai DC,MEX,43.0,25,373.91
INV001330,"Jul 19, 2025",P0170,Sydney DC,ZAF,153.0,50,333.68
INV002319,2024-05-25,P0042,Manila DC,IDN,16.0,50,237.95
INV003655,19/06/2025,P0405,Dubai DC,GRC,43.0,25,979.25
INV004849,2023-09-28,P0140,Dallas DC,NGA,34.0,20,249.94
INV000802,2023-01-31,P0192,Manila_DC,GBR,-29.0,50,204.18
INV004811,2025-11-16,P0321,Sydney DC,USA,45.0,50,207.69
INV000242,2024-11-21,P0304,Manila DC,NULL,56.0,50 units,888.37
INV004735,2025-07-19,P0108,Singapore DC,VNM,26.0,20 ,324.47
INV004285,2025-08-18,P0453,Manila DC,KOR,10.0,25,1512.26
INV006879,31/01/2023,P0217,Frankfurt DC,EGY,107.0,25,"$1,062.54"
INV003182,2025-03-21,P0072,frankfurt dc,FRA,48.0,20,63.48
INV001381,2024-02-25,P0204,frankfurt dc,NULL,237.0,20 ,690.23
INV000986,2025-04-20,P0046,null,kor,35.0,20,1078.86
INV003996,2024-06-24,P0224,Dallas_DC,CAN,70.0,25,141.71
INV000940,2023-11-27,P0011,Frankfurt DC  ,USA,141.0,50,90.19
INV006106,2025-10-17,P0478,Dubai DC,IDN,74.0,25,1422.93
INV006187,09-28-2023,P0366, Dubai_DC,USA,237.0,10,305.37
INV005252,2024-02-25,P0422,Singapore DC,BRA,29.0,25,669.35
INV002982,2024-06-24,P0098,Dubai DC,USA,30.0,20,$208.44
INV003301,2025-05-20,P0421,Sydney  DC,chn,18.0,20 ,95.44
INV003517,27/12/2023,P0221,Dubai DC,BRA,-4.0,20,497.92
INV007156,2025-09-17,P0337,Sydney DC  , IDN,44.0,20,634.78
INV003478,16/11/2025,P0357,N/A, CAN,48.0,50,252.01
INV005666,09-28-2023,P0333,Sydney DC,ind,93.0,25,588.69
INV004187,2023-12-27,P0455,Sydney DC,IND,29.0,20 ,491.96
INV002139,2024-04-25,P0079,Dallas DC,HKG,41.0,50,$106.59
INV007172,2023-06-30,p0186,sydney dc,can,131.0,10,$346.78
INV003189,2023-03-02,P0319,DUBAI DC,jpn,82.0,10,204.98
INV007089,21/12/2024, P0246 ,Dallas_DC  ,VNM,31.0,10,$241.09
INV007388,2023-10-28,P0142,Singapore DC,USA,182.0,20,178.82
INV001126,01/05/2023,P0118,Sydney DC  ,NULL,163.0,20,$169.30
INV002597,2025-06-19,p0205,SYDNEY  DC,CHE,20.0,10,1984.39
INV001150,2025-05-20,P0117,Dubai DC,ESP,10.0,20 ,
INV007193,2024-07-24,P0248,Dallas DC, USA,44.0,20,75.05
INV003062,02-25-2024,P0183,Frankfurt DC,DEU,42.0,20 ,248.45
INV000645,2025-02-19,P0188,Manila DC,IND,109.0,50,$640.49
INV005067,2025-02-19, P0014 ,Sydney DC,ITA,129.0,25,331.38
INV002145,2023-08-29,P0167,Sydney Warehouse,GRC,42.0,10,690.29
INV003964,19/02/2025,P0045,Frankfurt DC,USA,151.0,50,499.98
INV004032,2023-11-27,P0338,Manila DC,BRA,60.0,,"$1,282.83"
INV003164,2024-08-23,P0387,Dallas DC,AUT,6.0,50,"$1,508.16"
INV003591,2024-10-22,P0303,SINGAPORE DC,IND,117.0,50 units,614.16
INV007714,2024-02-25,P0331,MANILA DC,JPN,121.0,50,647.08
INV007224,2023-08-29,P0121,Dallas Warehouse,PRT,87.0,50 units,386.62
INV007810,2025-01-20,P0069,Singapore DC,THA,176.0,25,166.99
INV006316,2024-03-26,P0042,Manila_DC,ITA,38.0,20 ,237.95
INV005016,2023/12/27,P0269,Manila  DC,DEU,122.0,20 ,$394.90
INV002012,2023-01-01, P0382 ,SYDNEY DC,JPN,,20 ,435.79
INV001697,04-20-2025,P0168,sydney dc,USA,230.0,N/A,$616.44
INV004370,2024-07-24,P0141,SINGAPORE DC,PHL,100.0,10,70.64
INV000888,2024-11-21,P0223,SYDNEY DC,SGP,27.0,50,291.25
INV004170,2024-06-24,P0254, dallas dc,FRA,3.0,20,$302.07
INV007585,2024-05-25,P0189,singapore dc,MEX,34.0,20 ,118.94
INV002291,2025-06-19,P0349,Manila DC,TWN,68.0,50,1417.16
INV004967,"Feb 25, 2024", P0349 ,Singapore_DC,NULL,70.0,20,1417.16
INV006890,2024-12-21,P0470,Frankfurt_DC,NGA,43.0,20,104.73
INV004672,2023-07-30,P0398,  frankfurt dc ,CAN,16.0,20,378.76
INV002773,2024-08-23,P0430,singapore dc  ,SAU,77.0,20 ,
INV006958,20/01/2025,P0383,Sydney DC,USA,29.0,20,1881.86
INV003063,2024-10-22,P0323,Dubai DC,USA,57.0,50,361.05
INV003663,2024-11-21,P0205,Frankfurt DC,BRA,129.0,50,null
INV000165,2024-02-25,P0442,Sydney DC,DEU,59.0,20,186.37
INV000996,"Mar 21, 2025",P0060,Sydney DC,USA,38.0,25,720.76
INV006584,2025-10-17,P0290,manila dc,NLD,127.0,20,571.76
INV004621,2024-10-22,P0302,Dallas DC,CHN,44.0,50 units,242.70
INV007213,2025-03-21,P0415,Manila DC,SGP,72.0,20 ,"$1,145.24"
INV006523,2023-12-27,P0076,Dubai DC,pak,43.0,10,"$1,500.98"
INV003675,2023-01-31,P0087, Sydney DC,ZAF,92.0,25,573.99
INV005160,"Sep 17, 2025", P0283 ,Singapore DC,GBR,59.0,50 units,409.25
INV003815,2023-07-30,P0271,null,DNK,215.0,20 ,357.28
INV006081,2024-12-21,P0249,Singapore DC,SGP,96.0,50,58.66
INV007561,11-16-2025,P0332,Dallas DC,USA,105.0,20 ,"$1,529.57"
INV000414,2023-01-31,P0431,Manila DC,CHL,17.0,25,52.60
INV006372,2023-03-02,P0006,Frankfurt DC, ZAF,7.0,50,$507.59
INV002934,2023-07-30,P0006,Singapore DC,EGY,90.0,50,507.59
INV005020,2024-08-23,p0268,singapore dc,KEN,55.0,10,NULL
INV003280,2023-11-27,P0449,Sydney DC,ukr,47.0,20,1342.38
INV005717,2024-05-25,P0452,Dallas_DC,bra,26.0,50,162.81
INV000845,2024-12-21,P0172,Dubai DC, JPN,59.0,50,1137.31
INV005705,2023-05-31,P0271,Manila DC,SAU,31.0,null,$357.28
INV003432,"Jul 19, 2025",P0083,Frankfurt_DC,GBR,100.0,50,$439.01
INV001325,2024/06/24,P0299,Frankfurt DC,GRC,82.0,20 ,358.99
INV006428,2024-09-22,P0323,Dallas DC,JPN,63.0,25,361.05
INV003242,2024-09-22,P0258,Dallas DC  ,IND,74.0,20 ,945.16
INV005653,2024-04-25, P0347 ,Manila DC,IND,131.0,20 ,405.34
INV006938,2025-03-21,P0209,Manila DC,PAK,102.0,50,
INV002986,2023-08-29,P0241,Dubai DC  ,KOR,100.0,10,85.47
INV006891,2024-05-25,p0065,Manila DC,,56.0,50 units,$275.70
INV004711,"May 25, 2024",P0140,Dallas_DC,BGD,39.0,20 ,249.94
INV005829,2025-04-20,P0031,SINGAPORE DC,gbr,68.0,20,366.93
INV000887,2024-07-24,P0342,  Dubai DC ,MEX,253.0,50,$45.41
INV007774,24/07/2024,P0004,Dallas DC,DEU,43.0,20,455.02
INV000010,05-31-2023,P0022,null,NULL,28.0,20 ,282.63
INV002621,20/04/2025,P0136,Singapore DC,gbr,69.0,25,124.40
INV006898,2024-12-21,P0085,Singapore_DC,,-27.0,25,$781.85
INV004194,2025-09-17,P0330,Singapore Warehouse,ITA,31.0,10,$203.65
INV004235,01-26-2024,P0296,Sydney DC,IDN,113.0,50,218.07
INV000961,2025-02-19,P0179,Dallas Warehouse,PHL,43.0,20,52.95
INV002087,2025-02-19,P9610,Frankfurt DC,ARE,168.0,20,272.48
INV004084,2025-04-20,P0462,Dubai Warehouse,CAN,99.0,20 ,567.16
INV007292,"Mar 21, 2025",P0464,Dubai_DC, ARE,47.0,20 ,584.53
INV007651,2024-10-22,P0124,Singapore DC  ,USA,44.0,25,867.56
INV001450,25/05/2024,P0003,Singapore  DC,DEU,174.0,50 units,517.78
INV004665,2024-12-21,P0178,dallas dc,can,159.0,20,940.91
INV005025,2025-01-20,P0161,Singapore DC,GBR,-8.0,20 ,651.95
INV002479,05-20-2025,P0350,Frankfurt_DC,sgp,73.0,20,153.70
INV000274,2023-10-28,P0322,sydney dc,KOR,68.0,20 ,109.08
INV004906,2025-06-19,P0126,Dallas DC,KOR,17.0,20 ,678.62
INV003693,2023-07-30,P0279,Dubai DC,TWN,14.0,20 ,1042.70
INV004203,2024-05-25,P0469,Dubai DC,HKG,35.0,20,811.02
INV003392,2025-05-20,P0069,Manila_DC  ,CHN,153.0,20,166.99
INV005591,2024-12-21,P0120,Frankfurt Warehouse, GBR,78.0,NULL,344.85
INV000218,2025-01-20,P0295,Singapore DC,ESP,40.0,10,946.64
INV006071,2025-08-18,P0200,Manila Warehouse  ,KOR,231.0,50 units,508.90
INV004146,2023-09-28,P0146,Singapore  Warehouse,AUS,237.0,20,321.68
INV003936,2025-06-19,P0279,Manila DC,CHL,34.0,20 ,1042.70
INV006815,2023-12-27,P0164,  Singapore DC ,CAN,5.0,20 ,433.13
INV005293,2023-01-31,P0316,Manila DC,ITA,97.0,10,348.67
INV006685,2025/08/18,P0025,Frankfurt DC  ,,90.0,50,369.52
INV001034,2023-12-27,P0208,Singapore DC,DEU,-9.0,25,$877.53
INV002306,20/05/2025,P0131,Sydney_DC,MEX,78.0,50 units,315.08
INV004703,2023-03-02,P0413,Dallas_DC,ZAF,70.0,10,69.90
INV005804,2024-03-26,P0298,Dallas DC,AUT,256.0,20 ,$132.31
INV003688,2023-03-02,P0320,MANILA DC,GBR,95.0,10,355.65
INV007702,2024-01-26,P0240,Singapore DC, POL,147.0,50,337.12
INV000626,2025-07-19,P0317,Dubai DC,deu,16.0,50 units,1558.47
INV004884,2025-11-16,P0046, sydney dc,swe,17.0,,1078.86
INV002385,2024-03-26,P0153, Dallas DC,NOR,34.0,25,$377.27
INV003390,06-19-2025,P0426,Frankfurt DC,PHL,73.0,10,1094.68
INV007463,2024-09-22,P0115,sydney dc,ESP,118.0,50,1730.87
INV000973,2023/01/31,P0282,Frankfurt Warehouse,IND,16.0,10,363.15
INV000266,2025-02-19,P0002,DALLAS DC,THA,52.0,50,39.13
INV002262,2025-06-19,P0404,Manila DC,ARG,95.0,20,1036.52
INV002171,2023-10-28,P0080,Frankfurt DC,fra,16.0,20,208.69
INV005309,2025-02-19,P0299, Frankfurt DC,GBR,31.0,50 units,$358.99
INV003937,2024-05-25,P0066,Singapore DC,FRA,103.0,50,243.76
INV004149,2023-06-30,P0210,Singapore Warehouse,SGP,44.0,25,166.60
INV002716,2024-07-24,P0271,Manila DC,CAN,111.0,25,357.28
INV004261,2025/09/17,P0024,Singapore DC,AUS,63.0,25,541.27
INV003793,2023-05-01,P0430,Dallas DC,NULL,49.0,10,$138.13
INV004530,2023-08-29,P0111, Dubai DC,USA,106.0,50,393.07
INV000339,2024-04-25,P0245,Singapore Warehouse,vnm,16.0,25,520.27
INV000989,2023-07-30,P0185,manila dc,HKG,187.0,50 units,159.37
INV002980,"Feb 19, 2025",P0374,Frankfurt DC,GBR,51.0,20 ,1275.24
INV002313,2024-05-25,P0260,Frankfurt DC,CHN,98.0,10,135.64
INV001982,2024-08-23,P0451,Dubai_DC,GBR,119.0,25,271.84
INV003455,"May 25, 2024",P0232,  Manila DC ,BRA,,50,109.54
INV007142,2024-12-21,P0381,Singapore_DC  , POL,63.0,20 ,$554.55
INV003198,2023-05-31,P0337,Singapore DC,ARE,9.0,25,$634.78
INV002431,2024-07-24,P0174,Dubai DC,ESP,10.0,50 units,215.95
INV007229,17/10/2025,P0058,Dubai DC,GRC,30.0,50,1363.40
INV003396,"Jan 01, 2023",P0414,Singapore Warehouse,GHA,148.0,50 units,313.48
INV005257,2024-06-24,P0229,Manila DC,ZAF,-12.0,25,397.81
INV000033,2023-01-31,P0351,  Sydney DC ,HKG,63.0,20,343.53
INV001831,2023-07-30,P0099,Dallas DC,JPN,34.0,50 units,376.17
INV004546,2025-08-18,P0127,manila dc,NGA,131.0,20,1057.48
INV003188,30/06/2023,P0124,Manila DC,prt,133.0,20 ,867.56
INV006577,2025-06-19,P0465,Dubai DC,,58.0,10,70.39
INV002422,2024-04-25,P0459,Dubai DC,DEU,88.0,10,$232.90
INV004071,31/05/2023,P0400,Frankfurt DC  ,USA,40.0,10,476.94
INV000013,2024-08-23,P0100,Dubai DC,VNM,15.0,10,1301.31
INV000253,2023-12-27,P0457,Frankfurt DC,IND,,50 units,80.12
INV001619,2023-05-01,p0066,FRANKFURT DC,ARE,35.0,10,243.76
INV000814,2024-10-22,P0079,Frankfurt DC,CHN,135.0,20 ,106.59
INV006954,2024-08-23,P0279,DALLAS DC,USA,84.0,10,1042.70
INV001473,2024-09-22,P0258,N/A,THA,26.0,20,945.16
INV001497,2024-01-26,P0089,Dubai DC,NOR,105.0,20 ,$800.59
INV002698,"Jun 30, 2023",P0180,MANILA DC,usa,85.0,20,216.26
INV005552,2023-05-01,P0010,  Frankfurt DC ,ITA,-24.0,10,362.45
INV007726,2025-03-21,P0254,Frankfurt DC,JPN,57.0,50,302.07
INV001763,04-25-2024, P0129 ,Frankfurt DC,CHN,86.0,50 units,$191.69
INV004418,"Sep 28, 2023",P0211, Frankfurt DC,ESP,85.0,25,411.76
INV002508,05-01-2023,P0085,Singapore DC,zaf,33.0,50 units,781.85
INV002259,03-02-2023,P0021,Dallas Warehouse,,78.0,20 ,286.52
INV007570,2024-02-25,P0037,Manila DC,GHA,135.0,50,235.52
INV000617,2023-10-28,P0156,Frankfurt  DC,TWN,78.0,10,190.53
INV003544,2023-09-28,P0292,  Singapore DC ,KOR,79.0,20 ,249.83
INV006277,2024-01-26,P0147,singapore dc, CAN,32.0,50 units,null
INV002818,2023-05-01,P0287,Dallas DC,USA,132.0,50 units,$77.25
INV003734,2025-07-19,P0234,sydney dc,CHN,48.0,50,819.95
INV004268,2025-03-21,P0117,SINGAPORE DC,CHE,62.0,50 units,$460.72
INV007642,11-21-2024,P9167,Dallas DC,ZAF,91.0,20,166.99
INV001350,2024-05-25,P0061,DUBAI DC,CHN,66.0,20 ,860.02
INV006419,2024-03-26,P0168,Sydney DC,NULL,89.0,20,616.44
INV007021,2023-12-27, P0476 ,dubai dc,DEU,130.0,10,1318.12
INV007359,2023-10-28,P0340,Sydney_DC,ARG,82.0,10,117.81
INV006495,2023-05-01,P0464,Frankfurt DC,GRC,44.0,50,584.53
INV003106,2023-12-27,P0350,Frankfurt DC, USA,114.0,50,153.70
INV001209,2025-03-21,P0195,Dubai_DC,ZAF,56.0,25,616.31
INV001859,2025-08-18,P0221,Frankfurt DC,CHN,106.0,20 ,497.92
INV000579,"Dec 27, 2023",P0209,  Dubai Warehouse ,CAN,201.0,50 units,$34.39
INV001565,2025-01-20,P0472,Manila DC, CAN,69.0,10,205.84
INV006545,25/02/2024,P0263, Dubai DC,PHL,219.0,10,$367.49
INV006813,"May 31, 2023",P0451,Sydney DC,USA,102.0,,271.84
INV006707,2024-07-24,P0440,Singapore DC,CHE,37.0,20 ,382.33
INV000058,2025-08-18,P0136,Manila DC,NULL,131.0,20,124.40
INV004332,"May 25, 2024",P0279,  Dubai DC ,CHN,133.0,20,1042.70
INV005384,30/07/2023,P0299,Singapore DC,phl,5.0,25,358.99
INV003816,27/12/2023,P0324,  Dallas DC ,MEX,64.0,10,216.85
INV004577,"Aug 23, 2024",P0139,DUBAI DC,CAN,26.0,20 ,383.11
INV001930,2023-04-01,P0282,Sydney Warehouse,sgp,33.0,25,363.15
INV004283,2025-04-20,P0306,Frankfurt DC,CAN,101.0,20 ,282.77
INV000042,28/10/2023, P0066 ,dallas dc,PHL,71.0,N/A,243.76
INV005117,2023-04-01,P0093,Manila DC,USA,89.0,25,219.16
INV001474,2023/10/28,P0207,Dallas DC,JPN,79.0,50,288.40
INV007334,06-24-2024,P0410,Dallas DC,ESP,35.0,20 ,$475.18
INV005497,04-20-2025,P0151,Dubai DC,BRA,,50,569.23
INV005875,2023-12-27,P0150,Dubai DC, NOR,105.0,50 units,603.49
INV005772,08-18-2025, P0398 ,Frankfurt Warehouse  ,FRA,68.0,50 units,378.76
INV005479,2023-01-01,P0047,Dallas DC,CHN,41.0,20 ,453.19
INV005976,2024-08-23,P0345,Sydney DC,NOR,171.0,10,223.23
INV006215,2023-01-01,P0464,DALLAS DC, CHN,107.0,20 ,584.53
INV007252,2024-11-21,P9100,Dubai DC,USA,37.0,25,346.35
INV004271,21/12/2024,P0015,Dallas  DC,PHL,8.0,20 ,299.01
INV000091,2024-05-25,P0084,Dallas DC,fra,65.0,50 units,1693.83
INV006498,2024-02-25,P0188,SINGAPORE DC,IND,16.0,50 units,640.49
INV004207,2024-09-22,P0195,dubai dc,MEX,6.0,20 ,616.31
INV004437,01/04/2023,P0221,Dallas DC,ITA,140.0,50 units,497.92
INV006870,2025-08-18,P0176,Singapore_DC,JPN,26.0,50 units,374.00
INV005755,2024-07-24,P0064,Sydney DC,DEU,-14.0,50,287.78
INV001019,2025-09-17,P0374,Dubai DC,CHN,160.0,10,"$1,275.24"
INV000470,20/05/2025,P0201,Singapore DC, CHL,40.0,25,805.03
INV000488,2023/08/29,P0390,Dubai DC,ZAF,118.0,20,722.59
INV003056,10-22-2024,P0309,Frankfurt DC,pol,47.0,20 ,$277.16
INV002383,2023-05-01,P0397,Sydney Warehouse, DNK,66.0,50 units,$314.52
INV007221,2025-06-19,P0357,SYDNEY DC,CHN,114.0,50 units,252.01
INV005407,2025-01-20,P0354,Dallas DC,aus,119.0,20,439.66
INV002553,2023-04-01,P0147,Frankfurt DC,KOR,93.0,25,769.31
INV005368,2024-05-25,P0344,Dallas DC  ,NLD,58.0,10,332.94
INV006782,2023-12-27,P0230,Frankfurt DC  ,ISR,32.0,50 units,N/A
INV007762,2023-12-27,P0187,FRANKFURT DC  ,USA,13.0,50 units,1292.73
INV004597,27/12/2023,P0353,Frankfurt_DC,ITA,98.0,25,396.59
INV005953,2024-09-22,P0220,Manila DC,PHL,89.0,50 units,153.59
INV001635,30/06/2023,P0195,Singapore DC,MEX,13.0,20 ,616.31
INV007526,2024-04-25,P0466,Singapore DC,THA,143.0,10,965.94
INV004968,2023-06-30, P0132 ,Manila DC,CAN,253.0,25,239.74
INV004860,2023/06/30,P9562,Sydney DC,BRA,48.0,50 units,1340.72
INV000287,2023-01-31,P9514, Manila DC, IDN,20.0,50,NULL
INV003300,2024-03-26,P0308,Manila DC,AUS,33.0,50,654.35
INV000458,2024-03-26,P0049,Dallas DC,IND,119.0,25,$554.43
INV006578,2025-02-19,P0107,manila dc,PRT,47.0,20,$353.21
INV004217,2023-03-02,P0309,Sydney DC,PRT,177.0,null,277.16
INV004125,2024-03-26,P0092,Frankfurt Warehouse,FRA,,10,$234.17
INV005649,,P0330,,AUS,138.0,20 ,$203.65
INV001609,2025-03-21,P0140,Singapore DC,BRA,112.0,10,$249.94
INV001818,"May 31, 2023",P0164,Dallas DC,ita,98.0,20,433.13
INV007831,2023-07-30,P0210,Singapore DC,ESP,104.0,25,166.60
INV006651,2023-01-01,P9527, Frankfurt_DC,,54.0,20,$63.48
INV001211,2025-02-19,P0175,Manila_DC,IRL,77.0,50,297.28
INV007342,2025-05-20,P0233,Sydney DC,GBR,150.0,10,305.52
INV000589,21/11/2024,P0103,Dallas DC,USA,92.0,25,192.46
INV006981,2024-11-21,P0209,Dallas DC,CHN,82.0,50,34.39
INV001491,21/12/2024,P0344, Dubai DC,USA,79.0,50 units,332.94
INV004869,2025-01-20,P0083,SINGAPORE DC,BRA,37.0,N/A,439.01
INV001802,2023-08-29,P0175, Dubai_DC,HKG,79.0,25,297.28
INV006080,2023-05-01,P0263,Dallas DC,UKR,63.0,20,$367.49
INV006093,2025-03-21,P0039,Dubai DC,BRA,166.0,50,246.42
INV003917,2023-10-28,P0434,Manila DC,ITA,115.0,20,508.81
INV007509,2025-09-17,P0202,Dubai DC,usa,72.0,50,532.73
INV007057,2023-04-01,p0312,Dallas DC,USA,88.0,20,1807.34
INV007084,2024-05-25,P0424,Manila DC,USA,184.0,20,295.04
INV003933,09-17-2025,P0360, Dallas DC,USA,,50,1572.12
INV000376,2025-06-19,P0315, Dubai DC,GBR,49.0,20 ,684.48
INV006441,26/01/2024,P0405,Frankfurt DC,,53.0,10,979.25
INV001588,2024/05/25,P0194,Dubai_DC,FRA,84.0,25,292.89
INV006915,"Oct 22, 2024",P0124,Frankfurt DC,GBR,111.0,50,$867.56
INV001238,2023-11-27,P0111,Sydney DC,DEU,31.0,20,393.07
INV001817,2023-01-31,P0058,Sydney DC,IND,140.0,50 units,1363.40
INV003208,2023-07-30,P0234,Manila DC,EGY,18.0,20 ,819.95
INV007400,25/02/2024,P0090,Manila DC,DNK,140.0,10,$81.60
INV001937,2024-03-26,P0406,manila  dc,CHN,225.0,,224.75
INV002756,10-28-2023,P0193,FRANKFURT DC,GBR,41.0,10,442.33
INV005459,2024/04/25,P0181,  Frankfurt DC ,DEU,203.0,50 units,$448.40
INV001286,2025-10-17,P0429,Manila DC  ,CAN,76.0,10,494.45
INV004029,2025-09-17,P0303,Sydney_DC,gbr,51.0,20 ,614.16
INV000020,04-25-2024,p0125,Manila DC,NGA,57.0,50,$275.50
INV003032,2025-09-17,P0299,Frankfurt DC, AUS,70.0,50,358.99
INV003107,2023-09-28,P0061,Dubai DC,GBR,54.0,20,860.02
INV007137,08-23-2024,P0030,Dallas DC,ARE,137.0,20,155.94
INV005830,2025-05-20,P0155,Dallas DC,ARE,106.0,50 units,352.91
INV006482,21/12/2024,P0073,Frankfurt DC,FRA,170.0,10,1017.01
INV005419,2025-02-19,P0028,MANILA DC, CHL,101.0,20 ,1533.09
INV005876,10-17-2025,P0300,Dubai Warehouse, KEN,26.0,20,242.73
INV004575,2024-08-23,P0270,Singapore DC,ESP,111.0,10,275.84
INV004655,2025-09-17,P0069,Dallas DC,THA,44.0,50 units,166.99
INV004501,2024-11-21,P0052,FRANKFURT DC,USA,15.0,20,150.88
INV000673,2025-09-17,P0443,Dallas DC,GBR,76.0,50,275.54
INV000879,2024-11-21,P0295,sydney dc,ZAF,52.0,25,946.64
INV003175,2023-11-27,P0241,  Manila Warehouse ,CHN,98.0,25,
INV001787,2024-08-23,P0319,Manila DC,PRT,268.0,20 ,$204.98
INV005448,18/08/2025,P0424,Singapore DC,SAU,96.0,20,295.04
INV003723,2025-07-19,P0048,Singapore_DC,PHL,150.0,50,605.53
INV007054,2024-06-24,P0467,Sydney DC,CAN,26.0,20 ,147.20
INV007262,25/04/2024,P0039,Frankfurt DC,IDN,155.0,50,246.42
INV002498,2023-05-01,P0275,Sydney Warehouse,USA,54.0,25,223.15
INV007151,2025-06-19,P0450,Sydney DC,USA,47.0,20 ,184.31
INV005856,2024-02-25,P0227,dubai dc  ,TWN,35.0,10,153.94
INV006349,2025-02-19,P0042,DUBAI DC,NLD,,50 units,237.95
INV003199,05-01-2023,P0260,Singapore DC,JPN,51.0,25,
INV006817,2024-03-26,P0062,Dubai DC,SAU,56.0,25,51.02
INV006781,2023-09-28,P0077,Sydney DC, NGA,51.0,25,138.22
INV001371,2023/07/30,P0074,Dubai DC,PRT,44.0,50 units,$393.85
INV002109,09-17-2025,P0047,Sydney_DC,NZL,86.0,20,453.19
INV003931,2024-02-25,P0163,null,ITA,60.0,50 units,539.88
INV002768,"Sep 28, 2023",P0010, Frankfurt Warehouse,JPN,66.0,25,362.45
INV001331,2024-10-22,P0122, Dubai DC,GBR,47.0,20 ,180.96
INV000168,2023-06-30,P0475,Dubai DC,FRA,108.0,25,265.34
INV001219,"Apr 01, 2023",P0321,Dallas DC,prt,68.0,10,$207.69
INV004531,2023-05-31,P0374,Sydney DC,CHN,63.0,50 units,1275.24
INV004913,2023-11-27,P0085,Dubai DC,ITA,162.0,20,781.85
INV005068,2025-03-21,P0333,Sydney DC,VNM,35.0,50 units,588.69
INV002198,2024-08-23,P0156,Singapore DC,VNM,71.0,50 units,190.53
INV000578,2025-02-19,P0117,DUBAI DC  ,chn,42.0,25,460.72
INV007020,2024-02-25,P0084,Frankfurt DC,,145.0,20 ,1693.83
INV000938,"Oct 22, 2024",P0311,Dallas DC,NLD,77.0,50 units,556.63
INV002392,11-16-2025,P0338,Dallas DC,DEU,56.0,20,1282.83
INV006401,2023-11-27,P0334,Frankfurt DC  ,DEU,,25,577.38
INV002733,2024-02-25,P0358,Dubai DC,GBR,113.0,10,362.65
INV000384,2025-01-20,P0291,SINGAPORE DC,TWN,97.0,50 units,42.01
INV004810,"Dec 27, 2023",P0084,SYDNEY DC,bra,38.0,50,1693.83
INV006352,2025-11-16,P0122,Dallas_DC,RUS,132.0,20 ,180.96
INV005540,30/07/2023, P0269 ,Dallas DC,USA,62.0,20,394.90
INV002746,2023-12-27,P0083, Sydney DC,KOR,129.0,50 units,439.01
INV002449,18/08/2025,P0463,Sydney_DC,FRA,77.0,10,1421.36
INV005443,2024-04-25,p0411,Sydney DC,BRA,59.0,N/A,112.44
INV006683,2023-01-31,P0467,Singapore DC,BRA,160.0,20,null
INV000603,2025-03-21,P0432,Manila DC,GRC,96.0,50 units,863.37
INV003123,2023-08-29,P0473,Dallas DC,EGY,56.0,20 ,846.99
INV000914,2024-06-24,P0216,Manila DC,,31.0,25,$225.21
INV005884,2023-05-31,P0089,  Dubai DC ,MYS,56.0,20 ,800.59
INV001745,2025-04-20,P0300,Manila DC,NOR,31.0,20,242.73
INV006846,2023-10-28,P0476,Manila_DC,BRA,46.0,50,1318.12
INV000606,2023-06-30,P0185,DALLAS DC,ITA,51.0,50,159.37
INV004701,"Jul 24, 2024",P9640,Frankfurt  DC,NLD,128.0,20 ,1169.71
INV000149,2024-12-21,P0445,Manila DC,CHL,45.0,10,446.87
INV003775,2025-10-17,P0199,Dubai Warehouse,COL,48.0,20 ,210.86
INV007587,2025-06-19,P0345,Dallas DC  ,AUS,29.0,50,223.23
INV003872,2024-11-21,P0248,frankfurt dc,KOR,47.0,20 ,$75.05
INV001585,25/05/2024,P0190,Singapore DC,GRC,111.0,50,492.51
INV000463,24/07/2024,P0112,Sydney Warehouse,USA,125.0,20,NULL
INV004786,2025-01-20,P0452,  Sydney DC ,ZAF,96.0,50,$162.81
INV004209,2025-09-17, P0119 ,Frankfurt_DC, ZAF,18.0,20,$799.93
INV003358,27/12/2023,P0313,Dallas DC,IDN,44.0,20 ,1008.89
INV007815,2025-09-17,P0389,Dallas DC,ind,83.0,20,80.58
INV006566,2024-02-25,P0032,Manila DC,AUS,,10,67.52
INV001359,2024-08-23,P0146,Singapore DC,FRA,76.0,25,$321.68
INV002165,19/06/2025,P0054,Frankfurt DC,USA,64.0,20 ,234.08
INV007520,2023-05-31,P0195,Manila DC,KOR,80.0,25,616.31
INV000722,30/06/2023,P0390,Frankfurt DC  ,NZL,2.0,50,$722.59
INV003058,2024-04-25,P0279,Manila DC,ZAF,25.0,20 ,1042.70
INV000979,2023-08-29,P0035,Sydney DC,FRA,90.0,20,153.63
INV004543,2024-08-23,P0124,dubai dc,IDN,58.0,25,867.56
INV002393,03-02-2023,P0431,Singapore Warehouse,ZAF,,10,52.60
INV007293,2023-05-01,P0288,Singapore DC,USA,47.0,50,1385.69
INV006204,06-30-2023,P0340,Dubai DC,usa,2.0,50 units,117.81
INV004056,2025-07-19,P0051,Singapore DC,PHL,34.0,50,NULL
INV004630,2024-05-25,P0400,Singapore DC,,82.0,10,476.94
INV000803,"Jul 30, 2023",P0202,Sydney DC, GBR,16.0,20 ,$532.73
INV006069,2025-02-19,P0468,Frankfurt DC,IDN,13.0,20,182.15
INV005002,2023-09-28,P0326,Manila  DC,THA,50.0,50 units,895.97
INV004158,17/09/2025,P0063,Dubai DC  ,mys,94.0,25,660.25
INV000630,2024-07-24, P0106 ,manila dc,ITA,30.0,10,140.18
INV002612,2024-09-22,P0469,Manila DC,ISR,,20 ,$811.02
INV001010,2025-09-17, P0365 ,Sydney_DC,,62.0,25,98.50
INV003383,2025-05-20,P0397,Manila DC,POL,86.0,50,314.52
INV001603,2024-08-23,P0015,sydney dc,USA,35.0,25,299.01
INV000086,02-19-2025,P0144,Dubai DC,IND,107.0,20,823.61
INV002028,20/05/2025,P0177,Frankfurt DC,JPN,81.0,25,"$1,340.72"
INV000154,2024-11-21,P0257,Frankfurt DC,ARG,-3.0,20 ,N/A
INV001553,2023/04/01,P0398,Manila DC,DEU,133.0,20 ,378.76
INV007340,2024/04/25,P0247,Dallas DC,PHL,241.0,10,356.04
INV000755,03-26-2024,P0245,Manila DC,TWN,44.0,20,520.27
INV002214,2023-12-27,P0280,Dallas DC,BGD,42.0,20,336.14
INV005837,02/03/2023,P0389,Singapore DC,VNM,94.0,50,$80.58
INV003064,2025-01-20,P0149,Sydney_DC,POL,39.0,50 units,235.24
INV005324,2025-09-17,P0039,Singapore DC,USA,13.0,10,246.42
INV006135,2023-10-28,P0138,Dallas DC,NLD,182.0,20,385.32
INV002768,"Sep 28, 2023",P0010, Frankfurt Warehouse,JPN,66.0,25,362.45
INV005480,2025-04-20,P0095,Dubai DC,MYS,103.0,25,1860.84
INV000324,"Jan 31, 2023",P0222,Manila DC  ,ITA,64.0,25,1100.83
INV006810,2025-08-18,P0240,MANILA DC,TWN,75.0,20,337.12
INV000809,26/01/2024,P0422,Dubai DC,DEU,20.0,25,669.35
INV000062,2025-07-19,P0091,,DEU,42.0,10,85.53
INV001495,2024-07-24,P0380,Manila DC,CAN,56.0,,1242.94
INV002170,2025-05-20,P0179,SYDNEY DC,TWN,44.0,50,52.95
INV002855,06-30-2023,P0017,SINGAPORE DC,mex,69.0,20 ,542.06
INV006939,2023-10-28,P0297,Frankfurt Warehouse,MEX,84.0,25,461.52
INV007613,2023-04-01,P0130,Frankfurt_DC,DNK,182.0,10,833.76
INV004895,20/04/2025,P0433, Sydney DC,idn,61.0,20 ,388.52
INV006681,2023-05-31,P0396,Manila DC,PHL,86.0,25,$65.57
INV003450,10-28-2023,P0127,Frankfurt DC,ESP,121.0,50 units,"$1,057.48"
INV001682,2025-06-19,P0109,Frankfurt DC  ,CHN,65.0,25,878.89
INV004258,2025-06-19,P0045,Dallas DC  ,CHN,79.0,50 units,499.98
INV004611,2023-01-01,P0385,Singapore DC,CHN,169.0,50 units,310.64
INV007261,2024-02-25,P0129,Dallas DC,USA,169.0,50,$191.69
INV001409,2024-11-21,P0299,Sydney DC,ARE,132.0,10,358.99
INV006628,2024-07-24,P0446,Dubai DC,BRA,83.0,25,106.11
INV001025,2025-11-16,P0294,Sydney DC,SAU,34.0,25,290.11
INV005686,2025-08-18,P0401,Manila DC,JPN,24.0,20,148.27
INV002736,2024-11-21,P0104, Sydney DC,TWN,79.0,N/A,1095.97
INV007248,2023-05-31,P0329,Manila Warehouse,KOR,67.0,10,361.49
INV006549,2024-07-24,P0021,Dallas DC,MEX,9.0,50 units,286.52
INV003777,2023-04-01,P0436, Dallas Warehouse,TWN,346.0,20,$383.56
INV002418,2024-03-26,P0235,Dubai DC,NULL,159.0,10,162.49
INV006733,02/03/2023,P0208,Manila Warehouse,CHE,62.0,50,877.53
INV006529,2024-07-24,P0329,Manila Warehouse,JPN,-21.0,10,361.49
INV002649,2023-09-28,P0369,Frankfurt Warehouse,ZAF,10.0,20 ,887.73
INV002920,2024-09-22,P0400,Frankfurt DC,IDN,387.0,null,476.94
INV007033,25/04/2024,P0469,manila dc,ARG,35.0,NULL,811.02
INV000936,2025-01-20,P0073,Dubai Warehouse,HKG,150.0,20,"$1,017.01"
INV002347,10-22-2024,P0064,Frankfurt DC,JPN,54.0,25,287.78
INV002412,2024-02-25,P0353,Frankfurt DC,FRA,114.0,50,396.59
INV003322,"Jun 19, 2025",P0316,Dubai DC,SAU,115.0,50 units,348.67
INV002154,03-26-2024,P0395,Dallas DC  ,BRA,65.0,25,282.19
INV000690,2025-07-19,P0283, Singapore DC,SAU,154.0,20,$409.25
INV007599,2023-11-27,P0014,  Frankfurt DC ,GBR,158.0,20,$331.38
INV002772,2023-08-29,P0322,SYDNEY DC,IND,27.0,50,109.08
INV004600,2023-01-01,P0083,Dubai DC,FRA,50.0,20,439.01
INV003890,2023-04-01,P0422,Dubai DC,NLD,60.0,20,669.35
INV001571,2024-08-23,P0336,Sydney DC,CHN,82.0,20 ,180.18
INV001656,2025-01-20,P0051,Sydney DC,GBR,85.0,20,154.89
INV006153,2025-01-20,P0236,Frankfurt DC,VNM,66.0,20,510.62
INV003669,2024/11/21,P0397,Dallas DC,RUS,120.0,10,$314.52
INV003743,2024-04-25,P0252,manila dc,ITA,33.0,25,255.86
INV002624,2023-01-31,P0364,Singapore DC  ,,190.0,50 units,
INV005027,2024-08-23,P0050,Frankfurt DC,THA,85.0,50,130.96
INV006315,2023/11/27,P0124,Manila DC,USA,26.0,10,$867.56
INV006108,2024-06-24,P0227,Singapore DC  ,IND,101.0,50,$153.94
INV002550,2023-01-01,P0231,Sydney DC,GHA,86.0,N/A,"$1,464.89"
INV004090,2024-11-21,P0315,,IND,-22.0,10,684.48
INV004463,02-25-2024,P0276,singapore dc,NOR,9.0,25,$677.68
INV001849,2024/02/25,P0337,DUBAI DC,GBR,33.0,10,634.78
INV003430,2024-04-25,P0077,Manila DC,NZL,85.0,50,$138.22
INV003727,2024-03-26,P0129,Sydney DC,nor,59.0,20 ,191.69
INV003426,11-27-2023,P0313,Sydney DC,UKR,24.0,10,1008.89
INV005825,2025/11/16,P0468,Singapore Warehouse,CHE,104.0,10,182.15
INV004070,2023-10-28,P0356,Dubai DC,VNM,141.0,25,$437.24
INV000272,2023-03-02,P0015,Dubai DC,DEU,88.0,20 ,299.01
INV003503,2024-08-23,P0411,Singapore DC,ITA,55.0,25,112.44
INV003742,2024-09-22,P0365,Sydney Warehouse,CHN,103.0,25,98.50
INV006824,2025-06-19,P0126,null,sgp,32.0,50 units,678.62
INV005169,,P0397,Singapore DC,IDN,,20,314.52
INV003130,2025-11-16,P0436,Singapore DC,MEX,128.0,10,383.56
INV007672,2023-05-31,P0069, Sydney DC,IND,107.0,50,$166.99
INV007039,2024-03-26,P0100,Manila DC,CHN,26.0,20,1301.31
INV005298,2024-08-23, P0195 , Dubai DC,USA,71.0,50 units,$616.31
INV003541,2024-10-22,P0120,Dubai_DC,MYS,148.0,20,$344.85
INV002321,2025-05-20,P0339,Frankfurt DC,aus,91.0,50,1349.99
INV005879,2024-04-25,P0209,  Manila DC ,ESP,16.0,50 units,$34.39
INV005154,2025-10-17,P0120,Dallas DC,THA,107.0,10,344.85
INV005500,2024-01-26,P0006,Sydney DC,PHL,106.0,50 units,$507.59
INV007337,2025-10-17,P0417,Sydney DC,GBR,162.0,25,1542.72
INV003011,2024-05-25,p0267,Dallas DC,AUT,62.0,50,"$1,423.61"
INV000296,28/09/2023,P0074,Singapore DC, AUS,33.0,50 units,393.85
INV006952,2025-08-18,P0254,Manila_DC,IND,79.0,10,302.07
INV003474,2023-06-30,P0332,Frankfurt DC,SAU,73.0,20,"$1,529.57"
INV000750,2023-01-01,P0461,Sydney Warehouse,PRT,67.0,50,$163.23
INV006147,2024-06-24,P0432,Dubai_DC,USA,61.0,25,863.37
INV006348,2025-06-19,P0140,Manila DC, AUS,21.0,10,249.94
INV002835,2023-09-28,P0041,Frankfurt DC,,169.0,50 units,384.99
INV001134,2023-03-02,P0374,Singapore DC,can,65.0,20 ,"$1,275.24"
INV000756,"Nov 21, 2024",P0199,DUBAI DC,MYS,102.0,20 ,210.86
INV002222,NULL,P0168,  Sydney DC , VNM,107.0,50,616.44
INV004122,2025-03-21,P0219,Sydney_DC,usa,19.0,10,228.15
INV003494,2024-07-24,P0452,SINGAPORE DC,USA,95.0,20,162.81
INV003807,2023-11-27,P0253,  Dubai_DC ,ZAF,95.0,10,$125.30
INV002111,03-21-2025,P0156,manila dc,IDN,83.0,50 units,190.53
INV002559,"May 01, 2023",P0106,Singapore DC,GBR,54.0,20 ,140.18
INV007572,2024-05-25,P0050,Dallas DC,CHN,318.0,20 ,130.96
INV000065,2025-08-18,p0472,Sydney DC,,62.0,10,205.84
INV004941,NULL,P0108,,TWN,46.0,10,324.47
INV002045,2023-04-01,P0163,Singapore DC,sgp,66.0,20 ,539.88
INV001455,2023-01-01,P0055,Manila DC,NOR,74.0,25,"$1,169.71"
INV002444,2025-08-18,P0450,Frankfurt DC  ,ARE,62.0,50,$184.31
INV003043,2024-03-26,P0426,DUBAI DC,USA,19.0,50 units,1094.68
INV001969,2025-05-20,P0408,Frankfurt DC,KOR,101.0,50 units,753.00
INV006161,2025-04-20,P0090,Singapore DC,IDN,115.0,20 ,$81.60
INV001899,2025-04-20,P0102,Manila_DC,UKR,40.0,50,2178.97
INV007141,28/09/2023,P0449,Frankfurt DC,CAN,90.0,20,1342.38
INV006837,"Aug 29, 2023", P0415 ,Frankfurt Warehouse,GHA,128.0,20 ,1145.24
INV002935,2024/03/26,P0440,Dubai DC,AUS,59.0,20,382.33
INV002694,2024-10-22,P0058,Frankfurt DC,DEU,37.0,10,1363.40
INV000932,2023-04-01,P0269,SYDNEY DC,ZAF,-24.0,20 ,$394.90
INV004047,2025-07-19,P0428,MANILA DC,VNM,24.0,50,
INV001093,2025-09-17,P0162,,ARG,95.0,20,"$1,169.94"
INV004198,2024-02-25,P0248,Singapore DC,RUS,101.0,20,75.05
INV005273,10-17-2025,P0463,  frankfurt dc ,SAU,113.0,20,1421.36
INV004757,2025-10-17,P0472,Frankfurt DC,COL,105.0,20,$205.84
INV001170,2024-02-25,P0394,Manila DC,PHL,66.0,10,96.35
INV000337,2025-10-17,P0369,Dubai DC,fra,131.0,20 ,$887.73
INV005483,2023-06-30,P0353,singapore dc,TWN,,50,396.59
INV003386,03-21-2025,P0466,  Frankfurt Warehouse ,AUS,208.0,50 units,965.94
INV003907,2024-03-26,P0145,Frankfurt DC,UKR,24.0,50 units,290.68
INV005803,2025-09-17,P0237,frankfurt dc,NZL,13.0,50 units,1085.44
INV000524,2024-07-24,P0389,Manila DC,MEX,38.0,50 units,80.58
INV005975,2025-07-19,P0226,manila dc,ARE,-9.0,20 ,
INV007212,2023-01-01,P0351,Sydney DC,ESP,42.0,50,$343.53
INV002903,2023-01-01,P0471,Frankfurt DC,ITA,81.0,50 units,124.22
INV004693,2024-02-25,P0023,singapore dc,RUS,44.0,25,806.82
INV007357,2024-05-25,P0359,Frankfurt DC,USA,157.0,50 units,88.54
INV005120,2024-09-22,P0457,Dubai_DC,PHL,33.0,50,80.12
INV005750,2025-02-19,P0246,Manila DC,NZL,36.0,25,241.09
INV000904,2025-11-16,P0340,singapore dc,mex,157.0,20,117.81
INV000447,21/12/2024,P0226,Singapore DC,aus,91.0,20,98.71
INV007055,2024-05-25,P0212,Frankfurt DC,KOR,32.0,25,1044.35
INV004089,2025-05-20,P0327,Frankfurt Warehouse,ITA,128.0,20 ,124.47
INV002650,2023-07-30,P0189,DUBAI DC,DEU,40.0,20,118.94
INV001486,30/07/2023,P9471,Dallas DC,EGY,153.0,20,135.64
INV000424,2025/02/19,P9263,Dallas DC,ZAF,98.0,,769.31
INV006403,2023-07-30,P0038, Frankfurt DC,USA,44.0,25,805.43
INV003640,2025-01-20,P0138,Sydney DC,BGD,135.0,20,385.32
INV004511,2023-10-28,P0208,SINGAPORE DC,DEU,49.0,25,877.53
INV001251,"Feb 25, 2024",P0458,Dubai DC,AUS,100.0,10,482.57
INV001504,25/04/2024,P0388,Dallas  DC,CAN,72.0,20 ,70.63
INV005143,2024-09-22,P0251,Dubai Warehouse,AUS,36.0,20 ,1041.74
INV003820,2023-01-31,P0126,singapore dc,ZAF,20.0,20 ,678.62
INV003598,"Jan 01, 2023",P0396,Frankfurt DC,dnk,29.0,25,65.57
INV006935,2025-05-20,P0160,Singapore DC,VNM,45.0,50 units,356.16
INV007434,2024-01-26,p0217, FRANKFURT DC,SGP,-20.0,25,"$1,062.54"
INV000699,24/06/2024,P0414,Singapore DC,AUT,48.0,50,313.48
INV003363,2024-10-22,P0443,Sydney DC,ZAF,33.0,20,275.54
INV001596,2025-03-21,P0318,Singapore DC,MEX,120.0,25,1002.24
INV002126,2024-01-26,P0170,Frankfurt DC  ,USA,181.0,25,333.68
INV002020,2025-02-19,P0298,Manila DC,DEU,79.0,50,132.31
INV003343,2023-11-27,P0076,Dallas DC,KOR,126.0,50 units,null
INV003367,2025-11-16,P0055,Dubai DC,chn,119.0,50,
INV002251,2025-10-17,P0356,Sydney_DC,SAU,107.0,10,437.24
INV001613,2024/12/21,P9406,Frankfurt_DC,zaf,197.0,10,507.59
INV001255,2023-01-31,P0142,Manila DC,PHL,64.0,20 ,178.82
INV006477,2024-04-25,P0301,Singapore DC,KOR,214.0,50,327.68
INV006038,2023/11/27,P0246,Manila DC,NLD,68.0,N/A,241.09
INV007338,2023-09-28,P0253, Singapore DC,CAN,20.0,25,125.30
INV000016,2023-07-30,P0353,Manila DC,ESP,9.0,null,396.59
INV002876,21/11/2024,P0164,Singapore DC  ,MEX,130.0,20,$433.13
INV000514,2025-02-19,P0431,singapore dc,KOR,146.0,10,52.60
INV007331,2024-01-26,P0266,Frankfurt DC,CHN,-24.0,25,$382.81
INV002189,2024-08-23,P0332,Manila DC,BRA,79.0,25,1529.57
INV003046,2023/08/29,P0370,MANILA DC,DEU,134.0,20,286.28
INV005628,20/04/2025,P0298,Frankfurt DC,KOR,9.0,,$132.31
INV000359,2024-07-24,P0479,SYDNEY DC,MEX,22.0,50,128.08
INV001410,2025-09-17,P0016,Dallas_DC,usa,119.0,50 units,"$1,431.29"
INV000320,2025-10-17,P0010,Dubai Warehouse,CHN,337.0,25,362.45
INV002401,2025-10-17,P0159,Sydney DC,HKG,45.0,20 ,201.99
INV003327,2025-06-19,P0474,Dallas Warehouse,CHN,104.0,20 ,$184.38
INV004659,10-22-2024,P0375,Frankfurt_DC,USA,51.0,10,253.01
INV007779,"Nov 21, 2024",P0118,Frankfurt DC,CAN,51.0,20 ,169.30
INV005913,02-25-2024,P0006,Singapore DC,DEU,113.0,10,507.59
INV000704,2025-08-18,P0187,Manila DC,DEU,78.0,null,1292.73
INV002414,2025-07-19,P0384,dubai dc,IND,144.0,50 units,814.69
INV000812,11-21-2024,P0338,Singapore DC,DEU,94.0,20 ,1282.83
INV004269,2024-04-25,P0156,Sydney DC,BRA,69.0,25,190.53
INV002953,2023-12-27,P0271,Dallas DC,VNM,118.0,50 units,357.28
INV003784,2025-06-19,P0142,Frankfurt DC,CAN,73.0,20,178.82
INV007002,"Jan 26, 2024",P0197,FRANKFURT DC,kor,72.0,20,488.47
INV007228,2025-09-17,P0413,Dubai DC,DEU,34.0,25,69.90
INV004308,2024-07-24,P0294,Frankfurt DC,AUT,52.0,50,290.11
INV002541,2023-05-01,P0073,Frankfurt DC  ,CHN,30.0,50 units,1017.01
INV005335,2024-11-21,P0404,Singapore DC,SAU,90.0,50 units,1036.52
INV002524,2025-05-20,P0132,,MYS,77.0,50 units,239.74
INV002342,2024-09-22,P0311,frankfurt dc,USA,13.0,10,556.63
INV006859,2025-08-18,P0457,Dubai DC,POL,167.0,20 ,$80.12
INV005795,2023-04-01,P0045,Frankfurt DC  ,pol,,20,499.98
INV000241,01-31-2023,P0187,DUBAI DC  ,KOR,185.0,25,1292.73
INV000409,2025/04/20, P0385 ,Sydney DC,USA,92.0,20 ,310.64
INV002926,2023-03-02,P0428,Manila DC,USA,23.0,50,830.75
INV005014,2025-02-19,P0029,Frankfurt_DC,SGP,21.0,50,$504.26
INV000438,01-01-2023,P0180,,THA,2.0,10,216.26
INV003195,2024-09-22,P0313,sydney dc,JPN,10.0,20 ,1008.89
INV003415,2025-07-19,P0318, Frankfurt DC,IND,19.0,25,1002.24
INV007417,2024-01-26,P0424,Frankfurt DC,USA,96.0,25,295.04
INV001628,2025-08-18,P0388,Manila DC,CAN,10.0,20,70.63
INV004440,2024-03-26,P0009,Dubai DC,AUS,,50,1370.71
INV004336,2023-01-31,P0180,Dallas DC,usa,59.0,50,$216.26
INV006465,08-23-2024,P0409,Dallas DC,ITA,115.0,25,701.25
INV000298,2023-08-29,P0189,Frankfurt DC,AUS,44.0,10,$118.94
INV005359,2023-08-29,P0400,Sydney DC,NLD,64.0,20,476.94
INV002513,2023-10-28,P0380,Dallas DC,TUR,96.0,20,"$1,242.94"
INV000908,2025-07-19,P0297,Singapore DC,USA,208.0,20 ,$461.52
INV006400,2025-01-20,P0014,frankfurt dc,ESP,154.0,50 units,331.38
INV001805,2025-05-20,P0039,Frankfurt DC,PHL,28.0,25,246.42
INV007777,2025-02-19,P0234, Sydney DC,USA,116.0,25,819.95
INV005508,2024-06-24,P0370,Sydney DC,CHN,97.0,50,286.28
INV001778,2023-06-30,P0439,Dallas DC,ARG,114.0,20 ,783.98
INV003782,2024-04-25,P0313,Dallas DC  ,USA,253.0,20,"$1,008.89"
INV002843,"Mar 21, 2025",P0015,Manila DC,IND,67.0,10,299.01
INV004319,2023-08-29,P0402, Dallas DC,USA,72.0,20 ,223.17
INV007548,25/04/2024,P0450,manila dc,PHL,9.0,50 units,184.31
INV003645,2024-03-26,P0453,Sydney Warehouse,AUT,90.0,20 ,1512.26
INV003952,2025-07-19,P0444,Singapore DC,PHL,92.0,20 ,86.60
INV000774,22/09/2024, P0181 ,Singapore Warehouse,TUR,176.0,20 ,448.40
INV002071,2025-08-18,P0178,sydney dc,ZAF,30.0,25,940.91
INV003531,18/08/2025,P0317,Frankfurt DC  ,KOR,30.0,25,1558.47
INV005696,"Aug 29, 2023",P0119,NULL,MYS,56.0,20 ,799.93
INV001195,2025-07-19,P0092,Dallas DC,CHN,250.0,10,234.17
INV001572,2024-06-24,P0234,  Frankfurt DC ,SAU,191.0,25,819.95
INV000987,2023-03-02,P0200,Dallas DC,NZL,22.0,50 units,508.90
INV006270,2023-03-02,P0268,Manila DC,KEN,9.0,25,489.43
INV002273,2023-11-27,P0161,Frankfurt DC, CAN,187.0,50 units,651.95
INV002964,2025-08-18,P0297,Singapore Warehouse,EGY,67.0,50,$461.52
INV003334,2023-12-27,P0042,dallas dc,FRA,78.0,20 ,237.95
INV007005,2025/08/18,P0445,Dallas DC,mys,84.0,20 ,446.87
INV005091,2024-10-22,p0357,Frankfurt_DC,ESP,114.0,10,252.01
INV000056,2023-12-27,P0124,Sydney_DC, SAU,121.0,50,$867.56
INV004433,10-28-2023,P0393,MANILA DC,ARG,186.0,10,822.49
INV007319,2025-05-20,P0031,Frankfurt Warehouse,ESP,129.0,50 units,366.93
INV007043,2024-12-21,P0116,Singapore DC,PHL,229.0,10,170.55
INV001200,2024-01-26,P0374,Frankfurt DC,KOR,45.0,50 units,1275.24
INV002994,2023-01-01,P0463,Singapore DC,SGP,67.0,25,1421.36
INV004219,"Feb 25, 2024",P0074,Dallas DC,ESP,114.0,50 units,393.85
INV007666,22/09/2024,P0349,Frankfurt  DC,CHN,47.0,50 units,1417.16
INV000141,,P0298,Sydney DC,GBR,42.0,50 units,132.31
INV001402,2023-03-02,P0021,Frankfurt DC,ARE,126.0,20 ,$286.52
INV001320,"Aug 23, 2024",P0282,Frankfurt DC  ,CHN,60.0,50 units,
INV002533,25/05/2024,P0460,Singapore  DC,KOR,46.0,20,29.99
